trace_id,count_transaction,count_session_login,count_device_registration,count_beneficiary_addition,total_events,window_seconds,transactions_per_hour,mean_time_between_transactions,min_time_between_transactions,transactions_per_session,time_login_to_first_transaction,login_attempt_count_max,auth_failure_present,new_device_present,time_device_registration_to_transaction,beneficiary_added_before_transaction,time_from_beneficiary_add_to_transaction,failed_transaction_count,failed_then_completed,amount_mean,amount_max,amount_min,amount_std,amount_cv,amount_change_after_failure,amount_trend,distinct_channels,fraud,attack_family,attack_difficulty,customer_id,HESITATION_DELTA
atk-73100246,1,1,1,1,4,960.0,3.75,960.0,960.0,1.0,960.0,1,0,1,960.0,1,0.0,1,0,33647.49,33647.49,33647.49,0.0,0.0,0,0.0,1,1,ACCOUNT_TAKEOVER,easy,ace3b175-db94-4ca5-9d87-34d64fd6b993,-8.608497256160572
atk-219e974f,0,1,1,0,2,1.0,0.0,1.0,1.0,0.0,-1.0,1,0,1,-1.0,0,-1.0,0,0,0.0,0.0,0.0,0.0,0.0,0,0.0,0,1,ACCOUNT_TAKEOVER,easy,e9669dd5-9e35-4c39-901d-6ffb9e8ca7dd,0.0
atk-308113e9,0,1,1,1,3,1440.0,0.0,1440.0,1440.0,0.0,-1.0,1,0,1,-1.0,0,-1.0,0,0,0.0,0.0,0.0,0.0,0.0,0,0.0,0,1,ACCOUNT_TAKEOVER,easy,b56b42e3-4b67-4eee-a294-17aa8de74cbb,0.0
atk-2a496852,0,1,1,0,2,1.0,0.0,1.0,1.0,0.0,-1.0,1,0,1,-1.0,0,-1.0,0,0,0.0,0.0,0.0,0.0,0.0,0,0.0,0,1,ACCOUNT_TAKEOVER,easy,f777751c-882f-4233-a7ef-03edb93bbaa7,0.0
atk-44f9a9ec,1,1,1,1,4,660.0,5.454545454545455,660.0,660.0,1.0,660.0,1,0,1,660.0,1,180.0,1,0,36121.16,36121.16,36121.16,0.0,0.0,0,0.0,1,1,ACCOUNT_TAKEOVER,easy,0bb8c9eb-2997-4cdf-aa71-f13d5e5c8bd1,-0.5281612365302756
atk-61abd50a,1,1,1,1,4,240.0,15.0,240.0,240.0,1.0,240.0,1,0,1,240.0,1,0.0,0,0,20620.93,20620.93,20620.93,0.0,0.0,0,0.0,1,1,ACCOUNT_TAKEOVER,easy,92ecfbad-d07a-4a47-8dc1-f3c65f4e3c66,-0.5661722418829285
atk-2b959c29,1,1,1,1,4,1320.0,2.7272727272727275,1320.0,1320.0,1.0,1320.0,1,0,1,1320.0,1,600.0,0,0,24875.41,24875.41,24875.41,0.0,0.0,0,0.0,1,1,ACCOUNT_TAKEOVER,easy,51667bc0-f4bf-4f46-a4a5-cff909e424a4,-0.7415657979103977
atk-8ea580dd,2,1,1,1,5,1140.0,6.315789473684211,600.0,600.0,2.0,540.0,1,0,1,540.0,1,0.0,0,0,12345.949999999999,21754.78,2937.12,9408.829999999998,0.7620985019378824,0,-1.0,1,1,ACCOUNT_TAKEOVER,easy,68903bb2-649b-4203-8427-e34e3e963423,-0.7320242574169508
atk-8849b7d3,0,1,1,1,3,120.0,0.0,120.0,120.0,0.0,-1.0,1,0,1,-1.0,0,-1.0,0,0,0.0,0.0,0.0,0.0,0.0,0,0.0,0,1,ACCOUNT_TAKEOVER,easy,8255f136-0bec-4181-9911-5378682e818f,0.0
atk-ab9cd42d,2,1,1,1,5,1260.0,5.714285714285714,600.0,600.0,2.0,660.0,1,0,1,660.0,1,600.0,0,0,12296.71,21818.07,2775.35,9521.359999999999,0.774301418834794,0,-1.0,1,1,ACCOUNT_TAKEOVER,easy,9cb9bed9-fe71-463b-809d-526a8077ab40,-0.2997016188418835
atk-c72ef7f5,3,1,1,1,6,1500.0,7.199999999999999,480.0,480.0,3.0,540.0,1,0,1,540.0,1,0.0,1,1,17975.486666666668,29283.9,1636.67,11834.161002235107,0.6583499641308797,1,-1.0,1,1,ACCOUNT_TAKEOVER,easy,fb1de250-35f9-47c6-8a9a-98b6c2fa503e,-0.6081251332130581
atk-3c925290,2,1,1,1,5,480.0,15.0,120.0,120.0,2.0,360.0,1,0,1,360.0,1,0.0,1,1,28801.160000000003,33714.69,23887.63,4913.530000000001,0.17060180909380038,1,-1.0,1,1,ACCOUNT_TAKEOVER,easy,96a5d6dd-535b-4bf8-b9be-b86cff14b33c,-1.093469167808077
atk-9f0ac1cf,2,1,1,1,5,720.0,10.0,420.0,420.0,2.0,300.0,1,0,1,300.0,1,0.0,1,0,12617.23,23710.16,1524.3,11092.93,0.8791890137534151,0,-1.0,1,1,ACCOUNT_TAKEOVER,easy,5888410f-b2b5-4beb-b481-c64dbe2b6c17,-0.5351519157311664
atk-c1672521,2,1,1,1,5,840.0,8.571428571428571,420.0,420.0,2.0,420.0,1,0,1,420.0,1,60.0,1,0,13305.785,21309.79,5301.78,8004.005000000001,0.6015432385236948,0,-1.0,1,1,ACCOUNT_TAKEOVER,easy,5ff212f1-a315-498a-a3d1-9afa715056c5,-1.0155221074937542
atk-77abca8f,2,1,1,1,5,1860.0,3.8709677419354835,180.0,180.0,2.0,1680.0,1,0,1,1680.0,1,0.0,0,0,12375.914999999999,23509.14,1242.69,11133.225,0.8995880304607782,0,-1.0,1,1,ACCOUNT_TAKEOVER,easy,0514f0ad-c6f6-4730-8071-9d027367ef9c,-0.5650236508844856
atk-83060220,3,1,1,1,6,960.0,11.25,360.0,120.0,3.0,240.0,1,0,1,240.0,1,0.0,1,0,8353.846666666666,20103.75,304.99,8495.921931767552,1.0170071669698932,0,-1.0,1,1,ACCOUNT_TAKEOVER,easy,68903bb2-649b-4203-8427-e34e3e963423,-0.7320242574169508
atk-0f920fa8,3,1,1,1,6,1680.0,6.428571428571429,510.0,420.0,3.0,660.0,1,0,1,660.0,1,540.0,0,0,8331.926666666666,23036.73,83.44,10423.575814189464,1.251040273300869,0,-1.0,1,1,ACCOUNT_TAKEOVER,easy,b56b42e3-4b67-4eee-a294-17aa8de74cbb,-0.40175227526971685
atk-05cf5afd,2,1,1,1,5,2460.0,2.926829268292683,480.0,480.0,2.0,1980.0,1,0,1,1980.0,1,480.0,0,0,12423.164999999999,23653.94,1192.39,11230.775,0.9040188229006055,0,-1.0,1,1,ACCOUNT_TAKEOVER,easy,c4db965a-f70f-4778-b4af-c4b29c66e15e,-0.7526438695040754
atk-f2b2bac3,2,1,1,1,5,600.0,12.0,240.0,240.0,2.0,360.0,1,0,1,360.0,1,0.0,2,0,33227.52,36044.06,30410.98,2816.539999999999,0.0847652789013444,1,-1.0,1,1,ACCOUNT_TAKEOVER,easy,c082482e-6a21-4dff-8bab-be7c23762912,-1.5025140179867045
atk-cce0325f,3,1,1,1,6,1800.0,6.0,570.0,540.0,3.0,660.0,1,0,1,660.0,1,480.0,1,0,8363.116666666667,24721.86,100.0,11567.580438721354,1.3831662165884753,0,-1.0,1,1,ACCOUNT_TAKEOVER,easy,0514f0ad-c6f6-4730-8071-9d027367ef9c,-0.4687192136179495
atk-81d0cef0,3,1,1,1,6,2340.0,4.615384615384615,960.0,900.0,3.0,420.0,1,0,1,420.0,1,0.0,0,0,8326.353333333333,21713.89,209.98,9537.414341669806,1.1454491492077532,0,-1.0,1,1,ACCOUNT_TAKEOVER,easy,259fc45e-741c-4a4a-8d33-fe3f103add9a,-0.9386768193281495
atk-6973288b,1,1,1,1,4,1380.0,2.608695652173913,1380.0,1380.0,1.0,1380.0,1,0,1,1380.0,1,0.0,0,0,24309.94,24309.94,24309.94,0.0,0.0,0,0.0,1,1,ACCOUNT_TAKEOVER,easy,16ba6cb3-05ca-4736-ac25-21368e9e41cf,-0.6218991699249784
atk-f9be979c,0,1,1,0,2,1.0,0.0,1.0,1.0,0.0,-1.0,1,0,1,-1.0,0,-1.0,0,0,0.0,0.0,0.0,0.0,0.0,0,0.0,0,1,ACCOUNT_TAKEOVER,medium,84fc8e5d-c282-45b2-973b-a15407b03728,0.0
atk-bff5231f,0,1,1,0,2,1.0,0.0,1.0,1.0,0.0,-1.0,1,0,1,-1.0,0,-1.0,0,0,0.0,0.0,0.0,0.0,0.0,0,0.0,0,1,ACCOUNT_TAKEOVER,medium,1e6c9584-c4ed-4037-896c-cf880ebae805,0.0
atk-a753f2cf,1,1,1,1,4,6660.0,0.5405405405405405,6660.0,6660.0,1.0,6660.0,1,0,1,6660.0,1,0.0,0,0,13985.16,13985.16,13985.16,0.0,0.0,0,0.0,1,1,ACCOUNT_TAKEOVER,medium,bc42392e-9ebc-4b24-84ce-adb1994405df,-0.5974787296928183
atk-f95d478a,3,1,1,1,6,17037.0,0.6339144215530903,5098.5,52.0,3.0,6840.0,1,0,1,6840.0,1,0.0,0,0,6944.833333333333,16690.82,1807.76,6894.825611840294,0.9927992913446871,0,-1.0,1,1,ACCOUNT_TAKEOVER,medium,5888410f-b2b5-4beb-b481-c64dbe2b6c17,-0.5351519157311664
atk-b597c0f4,2,1,1,1,5,6903.0,1.0430247718383312,44.0,44.0,2.0,6859.0,1,0,1,6859.0,1,0.0,1,0,17829.385000000002,18293.27,17365.5,463.8850000000002,0.026018003425244345,0,-1.0,1,1,ACCOUNT_TAKEOVER,medium,9cb9bed9-fe71-463b-809d-526a8077ab40,-0.45570995985737006
atk-3f7106b2,2,1,1,1,5,10531.0,0.683695755388852,9.0,9.0,2.0,10522.0,1,0,1,10522.0,1,0.0,0,0,6529.115,7211.81,5846.42,682.6950000000002,0.10456164426572363,0,1.0,1,1,ACCOUNT_TAKEOVER,medium,bc42392e-9ebc-4b24-84ce-adb1994405df,-0.5974787296928183
atk-87e38be9,0,1,1,1,3,16500.0,0.0,16500.0,16500.0,0.0,-1.0,1,0,1,-1.0,0,-1.0,0,0,0.0,0.0,0.0,0.0,0.0,0,0.0,0,1,ACCOUNT_TAKEOVER,medium,259fc45e-741c-4a4a-8d33-fe3f103add9a,0.0
atk-519eea1d,0,1,1,1,3,10620.0,0.0,10620.0,10620.0,0.0,-1.0,1,0,1,-1.0,0,-1.0,0,0,0.0,0.0,0.0,0.0,0.0,0,0.0,0,1,ACCOUNT_TAKEOVER,medium,5ff212f1-a315-498a-a3d1-9afa715056c5,0.0
atk-d0488dee,3,1,1,1,6,17053.0,0.6333196505013781,2013.5,7.0,3.0,13026.0,1,0,1,13026.0,1,0.0,0,0,6598.71,7744.47,5772.27,836.2085691979005,0.12672303665381573,0,-1.0,1,1,ACCOUNT_TAKEOVER,medium,4a3172b4-c168-4e46-a2a2-f7a6442e491b,-0.5936190283258591
atk-dfbc1976,3,1,1,1,6,25583.0,0.4221553375288278,6341.5,36.0,3.0,12900.0,1,0,1,12900.0,1,4980.0,0,0,6669.516666666666,15630.48,2066.27,6337.150734161914,0.9501664139823097,0,-1.0,1,1,ACCOUNT_TAKEOVER,medium,42fec3c4-05a4-4a79-ade0-661be2827074,0.10611026270178422
atk-c9f0100e,4,1,1,1,7,9666.0,1.48975791433892,1749.3333333333333,11.0,4.0,4418.0,1,0,1,4418.0,1,0.0,1,1,9878.53,18827.02,1834.0,7665.2693065345065,0.7759524247569736,1,-1.0,1,1,ACCOUNT_TAKEOVER,medium,339dbdc6-5d4e-4ff3-b5f8-3a0922bcb11b,-0.666763441867446
atk-26ecff71,2,1,1,1,5,8464.0,0.8506616257088847,13.0,13.0,2.0,8451.0,1,0,1,8451.0,1,5751.0,0,0,6205.32,6609.48,5801.16,404.15999999999985,0.06513120999400512,0,1.0,1,1,ACCOUNT_TAKEOVER,medium,8d2b4595-90eb-457b-862c-c575a44e50c8,0.12127762025010659
atk-7c01cb77,2,1,1,1,5,5585.0,1.2891674127126231,19.0,19.0,2.0,5566.0,1,0,1,5566.0,1,0.0,0,0,8349.175,9630.7,7067.65,1281.5250000000005,0.15349121320369985,0,-1.0,1,1,ACCOUNT_TAKEOVER,medium,f777751c-882f-4233-a7ef-03edb93bbaa7,-0.6876106206223365
atk-eb1bc59e,2,1,1,1,5,13260.0,0.5429864253393666,3840.0,3840.0,2.0,9420.0,1,0,1,9420.0,1,3300.0,1,0,13399.099999999999,15262.3,11535.9,1863.1999999999998,0.13905411557492667,0,-1.0,1,1,ACCOUNT_TAKEOVER,medium,a4ae34e8-722e-44d5-bfc1-918c65cdc5cd,0.08033402263367495
atk-f24cdc53,0,1,1,0,2,1.0,0.0,1.0,1.0,0.0,-1.0,1,0,1,-1.0,0,-1.0,0,0,0.0,0.0,0.0,0.0,0.0,0,0.0,0,1,ACCOUNT_TAKEOVER,medium,a4ae34e8-722e-44d5-bfc1-918c65cdc5cd,0.0
atk-1c128157,2,1,1,1,5,11019.0,0.6534168254832562,54.0,54.0,2.0,10965.0,1,0,1,10965.0,1,4185.0,0,0,8197.85,8619.75,7775.95,421.9000000000001,0.05146471330897736,0,1.0,1,1,ACCOUNT_TAKEOVER,medium,1653a6b5-1036-48ad-aa9b-802b8609a3df,-0.40436797416626225
atk-8238be22,3,1,1,1,6,12091.0,0.8932263667190472,2745.5,47.0,3.0,6600.0,1,0,1,6600.0,1,0.0,0,0,6433.013333333333,10356.94,3908.06,2812.4554045807654,0.4371909801597539,0,-1.0,1,1,ACCOUNT_TAKEOVER,medium,1653a6b5-1036-48ad-aa9b-802b8609a3df,-0.8968415798137941
atk-98e718a3,1,1,1,1,4,12180.0,0.2955665024630542,12180.0,12180.0,1.0,7380.0,1,0,1,-1.0,1,5520.0,0,0,16206.74,16206.74,16206.74,0.0,0.0,0,0.0,1,1,ACCOUNT_TAKEOVER,medium,b17a6899-624b-40e5-8d87-736f6f9750cb,0.2049556051090528
atk-ba3f0897,1,1,1,1,4,7020.0,0.5128205128205129,7020.0,7020.0,1.0,7020.0,1,0,1,7020.0,1,3060.0,0,0,16690.23,16690.23,16690.23,0.0,0.0,0,0.0,1,1,ACCOUNT_TAKEOVER,medium,92ecfbad-d07a-4a47-8dc1-f3c65f4e3c66,-0.09473986116049438
atk-42c383e5,2,1,1,1,5,5254.0,1.3703844689760183,48.0,48.0,2.0,5206.0,1,0,1,5206.0,1,0.0,0,0,5841.58,6674.61,5008.55,833.0299999999997,0.14260354219235202,0,-1.0,1,1,ACCOUNT_TAKEOVER,medium,92ecfbad-d07a-4a47-8dc1-f3c65f4e3c66,-0.5661722418829285
atk-c718413d,4,1,1,1,7,12499.0,1.15209216737339,724.6666666666666,9.0,4.0,10325.0,1,0,1,10325.0,1,4025.0,0,0,5174.16,7488.15,3598.0,1501.7485284993622,0.2902400637976719,0,-1.0,1,1,ACCOUNT_TAKEOVER,medium,a4ae34e8-722e-44d5-bfc1-918c65cdc5cd,0.23011400868232898
atk-8cf2532b,1,1,1,1,4,6720.0,0.5357142857142857,6720.0,6720.0,1.0,6720.0,1,0,1,6720.0,1,0.0,0,0,12486.8,12486.8,12486.8,0.0,0.0,0,0.0,1,1,ACCOUNT_TAKEOVER,medium,6f238d5a-c3e1-4357-83c3-56b89d2b523d,-0.65264443688858
atk-d5e08e23,2,1,1,0,4,18966.0,0.37962670041126223,42.0,42.0,2.0,18924.0,1,0,1,18924.0,0,-1.0,0,0,5473.110000000001,5571.25,5374.97,98.13999999999987,0.01793130413969386,0,1.0,1,1,ACCOUNT_TAKEOVER,medium,2444528b-4509-4809-a516-d55fbd5d508d,0.0
atk-264e71b9,4,1,1,1,7,14149.0,1.0177397695950243,3728.0,44.0,4.0,2965.0,1,0,1,2965.0,1,0.0,0,0,4099.6325,6002.98,2463.89,1347.5603666325117,0.3287027231422601,0,-1.0,1,1,ACCOUNT_TAKEOVER,medium,f08ca729-5847-4f8d-b5af-fdca2bb34649,-0.6384162735164621
atk-76b35e1d,2,1,1,1,5,11356.0,0.6340260655160267,53.0,53.0,2.0,11303.0,1,0,1,11303.0,1,0.0,1,0,15669.259999999998,16498.12,14840.4,828.8599999999997,0.052897201271789464,0,-1.0,1,1,ACCOUNT_TAKEOVER,medium,f08ca729-5847-4f8d-b5af-fdca2bb34649,-0.6384162735164621
atk-c565369a,0,1,1,0,2,1.0,0.0,1.0,1.0,0.0,-1.0,1,0,1,-1.0,0,-1.0,0,0,0.0,0.0,0.0,0.0,0.0,0,0.0,0,1,ACCOUNT_TAKEOVER,hard,2444528b-4509-4809-a516-d55fbd5d508d,0.0
atk-50463689,2,1,1,1,5,145866.0,0.04936037184813459,30.0,30.0,2.0,145836.0,1,0,1,145836.0,1,0.0,1,0,17923.68,20744.38,15102.98,2820.7000000000007,0.1573728162966534,0,-1.0,1,1,ACCOUNT_TAKEOVER,hard,a4ae34e8-722e-44d5-bfc1-918c65cdc5cd,-0.6014231552429572
atk-dd4ca54a,15,1,1,0,17,403086.0,0.1339664488471443,22848.285714285714,8.0,15.0,83210.0,1,0,1,83210.0,0,-1.0,0,0,1090.7980000000002,2237.58,497.61,449.70698951206,0.41227339022629295,0,-1.0,1,1,ACCOUNT_TAKEOVER,hard,1653a6b5-1036-48ad-aa9b-802b8609a3df,0.0
atk-412c044c,3,1,1,1,6,181141.0,0.059622062371301916,36.0,24.0,3.0,181069.0,1,0,1,115669.0,1,0.0,0,0,2055.013333333333,2465.45,1697.6,315.7076823406248,0.15362804572587924,0,-1.0,1,1,ACCOUNT_TAKEOVER,hard,c082482e-6a21-4dff-8bab-be7c23762912,-1.5025140179867045
atk-5fcff523,5,1,1,1,8,128234.0,0.14036838903878845,12271.5,14.0,5.0,79148.0,1,0,1,79148.0,1,0.0,0,0,2108.634,2599.93,1559.1,409.0458579963865,0.1939861815736569,0,-1.0,1,1,ACCOUNT_TAKEOVER,hard,0514f0ad-c6f6-4730-8071-9d027367ef9c,-0.5650236508844856
atk-e2fe5122,6,1,0,0,7,143663.0,0.15035186512880838,12992.2,22.0,6.0,78702.0,1,0,0,-1.0,0,-1.0,1,1,5815.865000000001,13146.37,416.33,5506.25192476319,0.9467640539736031,1,-1.0,1,1,ACCOUNT_TAKEOVER,hard,c4db965a-f70f-4778-b4af-c4b29c66e15e,0.0
atk-65d77f58,2,1,1,0,4,109986.0,0.06546287709344827,39.0,39.0,2.0,109947.0,1,0,1,109947.0,0,-1.0,0,0,2474.0950000000003,2485.5,2462.69,11.404999999999973,0.0046097663994308915,0,1.0,1,1,ACCOUNT_TAKEOVER,hard,5ff212f1-a315-498a-a3d1-9afa715056c5,0.0
atk-67f66140,12,1,1,0,14,428986.0,0.1007025870308122,27003.0,18.0,12.0,131953.0,1,0,1,131953.0,0,-1.0,0,0,1411.2283333333335,1997.64,933.1,327.0631946793905,0.23175781477322271,0,1.0,1,1,ACCOUNT_TAKEOVER,hard,855f7663-6799-43eb-b79f-2cb8c3f0bf52,0.0
atk-41261d23,7,1,1,1,10,339308.0,0.07426880592264257,21356.833333333332,19.0,7.0,211167.0,1,0,1,126987.0,1,0.0,1,1,4730.7185714285715,15596.84,664.99,6279.5151561097655,1.327391401812662,1,-1.0,1,1,ACCOUNT_TAKEOVER,hard,f777751c-882f-4233-a7ef-03edb93bbaa7,-0.6876106206223365
atk-cd3d4d79,4,1,0,0,5,136210.0,0.10571911019748918,17684.666666666668,5.0,4.0,83156.0,1,0,0,-1.0,0,-1.0,0,0,1898.535,2231.99,1615.3,234.38624346364693,0.12345637213095725,0,-1.0,1,1,ACCOUNT_TAKEOVER,hard,bc42392e-9ebc-4b24-84ce-adb1994405df,0.0
atk-dae65174,3,1,1,0,5,199339.0,0.05417906179924651,17.5,14.0,3.0,199304.0,1,0,1,128504.0,0,-1.0,0,0,921.4,1133.5,764.78,155.55734719603146,0.16882716214025556,0,1.0,1,1,ACCOUNT_TAKEOVER,hard,b56b42e3-4b67-4eee-a294-17aa8de74cbb,0.0
atk-7fdfe645,0,1,1,0,2,1.0,0.0,1.0,1.0,0.0,-1.0,1,0,1,-1.0,0,-1.0,0,0,0.0,0.0,0.0,0.0,0.0,0,0.0,0,1,ACCOUNT_TAKEOVER,hard,5888410f-b2b5-4beb-b481-c64dbe2b6c17,0.0
atk-198ef429,2,1,1,0,4,238322.0,0.030211226827569423,43.0,43.0,2.0,238279.0,1,0,1,77059.0,0,-1.0,0,0,2317.455,2492.41,2142.5,174.95499999999993,0.07549445404549385,0,-1.0,1,1,ACCOUNT_TAKEOVER,hard,f08ca729-5847-4f8d-b5af-fdca2bb34649,0.0
atk-dc3443a9,3,1,1,0,5,194916.0,0.055408483654497326,27.5,20.0,3.0,194861.0,1,0,1,194861.0,0,-1.0,0,0,1797.9399999999998,2044.42,1606.59,182.94491866861645,0.10175251602868643,0,-1.0,1,1,ACCOUNT_TAKEOVER,hard,b17a6899-624b-40e5-8d87-736f6f9750cb,0.0
atk-5a3c6f6f,10,1,1,1,13,359891.0,0.1000302869479926,26870.0,10.0,10.0,118061.0,1,0,1,118061.0,1,0.0,1,1,3682.887,17107.68,504.88,5675.342489690027,1.5410036989161022,1,-1.0,1,1,ACCOUNT_TAKEOVER,hard,f777751c-882f-4233-a7ef-03edb93bbaa7,-0.6876106206223365
atk-381d64a6,8,1,1,1,11,312926.0,0.0920345385170935,26323.428571428572,38.0,8.0,128662.0,1,0,1,128662.0,1,0.0,0,0,1917.74125,3274.39,667.98,892.8214392228366,0.4655588647440506,0,-1.0,1,1,ACCOUNT_TAKEOVER,hard,8d2b4595-90eb-457b-862c-c575a44e50c8,-0.4154374275325087
atk-ae280af5,14,1,1,1,17,465761.0,0.10821000470198235,29674.30769230769,7.0,14.0,79995.0,1,0,1,79995.0,1,0.0,0,0,1202.8514285714284,2526.34,282.87,695.057857898557,0.5778418193542368,0,-1.0,1,1,ACCOUNT_TAKEOVER,hard,0503245b-3e08-42ba-9f76-1f2537c61cdd,-0.556898755058119
atk-a5daa00d,6,1,1,0,8,339628.0,0.06359899654916557,17242.6,10.0,6.0,253415.0,1,0,1,253415.0,0,-1.0,0,0,1501.8366666666668,1845.33,1189.3,210.67312806546755,0.14027699066174587,0,-1.0,1,1,ACCOUNT_TAKEOVER,hard,92ecfbad-d07a-4a47-8dc1-f3c65f4e3c66,0.0
atk-2fa2a4bc,0,1,1,0,2,1.0,0.0,1.0,1.0,0.0,-1.0,1,0,1,-1.0,0,-1.0,0,0,0.0,0.0,0.0,0.0,0.0,0,0.0,0,1,ACCOUNT_TAKEOVER,hard,8255f136-0bec-4181-9911-5378682e818f,0.0
atk-50dd7349,0,1,0,0,1,1.0,0.0,1.0,1.0,0.0,-1.0,1,0,0,-1.0,0,-1.0,0,0,0.0,0.0,0.0,0.0,0.0,0,0.0,0,1,ACCOUNT_TAKEOVER,hard,84fc8e5d-c282-45b2-973b-a15407b03728,0.0
atk-5f3d27da,5,1,1,0,7,354525.0,0.05077215993230379,15773.5,21.0,5.0,291431.0,1,0,1,233711.0,0,-1.0,0,0,1720.4340000000004,2328.88,1172.17,420.7846627718268,0.2445805318726709,0,1.0,1,1,ACCOUNT_TAKEOVER,hard,16ba6cb3-05ca-4736-ac25-21368e9e41cf,0.0
atk-98c83e30,8,1,1,0,10,164064.0,0.17554125219426567,17047.571428571428,9.0,8.0,44731.0,1,0,1,44731.0,0,-1.0,0,0,1504.37125,2140.73,956.4,364.9889474161341,0.24261893293702214,0,-1.0,1,1,ACCOUNT_TAKEOVER,hard,c4db965a-f70f-4778-b4af-c4b29c66e15e,0.0
atk-24135fce,2,1,1,0,4,85927.0,0.08379205604757527,59.0,59.0,2.0,85868.0,1,0,1,85868.0,0,-1.0,1,0,15339.605,18271.69,12407.52,2932.084999999999,0.1911447524235467,0,-1.0,1,1,ACCOUNT_TAKEOVER,hard,0687e982-47d2-4817-97ab-01be7a8c9984,0.0
atk-e7073a09,0,1,1,0,2,1.0,0.0,1.0,1.0,0.0,-1.0,1,0,1,-1.0,0,-1.0,0,0,0.0,0.0,0.0,0.0,0.0,0,0.0,0,1,ACCOUNT_TAKEOVER,hard,8d2b4595-90eb-457b-862c-c575a44e50c8,0.0
atk-2074e852,2,1,0,0,3,118345.0,0.060839072204148886,59.0,59.0,2.0,118286.0,1,0,0,-1.0,0,-1.0,0,0,3270.4700000000003,3330.33,3210.61,59.8599999999999,0.018303179665308013,0,1.0,1,1,ACCOUNT_TAKEOVER,hard,d6d3d3f8-a8e7-4841-bc66-c08d12894506,0.0
atk-dd8e4368,0,1,0,0,1,1.0,0.0,1.0,1.0,0.0,-1.0,1,0,0,-1.0,0,-1.0,0,0,0.0,0.0,0.0,0.0,0.0,0,0.0,0,1,ACCOUNT_TAKEOVER,advanced,bc42392e-9ebc-4b24-84ce-adb1994405df,0.0
atk-265e5f25,5,1,0,0,6,740.0,24.324324324324326,27.0,13.0,5.0,632.0,1,0,0,-1.0,0,-1.0,2,0,7320.394,8639.64,6018.37,940.0608798285351,0.12841670541620234,0,1.0,1,1,ACCOUNT_TAKEOVER,advanced,855f7663-6799-43eb-b79f-2cb8c3f0bf52,0.0
atk-fc93ce72,0,1,0,0,1,1.0,0.0,1.0,1.0,0.0,-1.0,1,0,0,-1.0,0,-1.0,0,0,0.0,0.0,0.0,0.0,0.0,0,0.0,0,1,ACCOUNT_TAKEOVER,advanced,2444528b-4509-4809-a516-d55fbd5d508d,0.0
atk-36ef92f7,5,1,0,0,6,684.0,26.31578947368421,45.75,22.0,5.0,501.0,1,0,0,-1.0,0,-1.0,0,0,3703.2580000000003,4151.09,3194.47,353.05831463938085,0.0953372178334269,0,-1.0,1,1,ACCOUNT_TAKEOVER,advanced,b58b953f-d67e-4733-a6d4-68753672734a,0.0
atk-7da2bbcd,11,1,0,0,12,1383.0,28.63340563991323,89.7,11.0,11.0,486.0,1,0,0,-1.0,0,-1.0,0,0,2172.6981818181816,5701.39,162.45,2023.816832175455,0.9314762856209793,0,-1.0,1,1,ACCOUNT_TAKEOVER,advanced,1e6c9584-c4ed-4037-896c-cf880ebae805,0.0
atk-f4bf3df3,9,1,1,1,12,155482.0,0.2083842502669119,19417.625,11.0,9.0,141.0,1,0,1,141.0,1,154419.0,0,0,2609.4644444444443,3368.25,2000.59,476.366458239665,0.18255334317884664,0,-1.0,1,1,ACCOUNT_TAKEOVER,advanced,f777751c-882f-4233-a7ef-03edb93bbaa7,13.008502620639016
atk-b268ea4a,8,1,1,1,11,1506.0,19.12350597609562,92.71428571428571,23.0,8.0,857.0,1,0,1,557.0,1,0.0,0,0,2598.50875,5448.43,727.43,1864.7068553356953,0.7176065331069966,0,-1.0,1,1,ACCOUNT_TAKEOVER,advanced,f08ca729-5847-4f8d-b5af-fdca2bb34649,-0.6384162735164621
atk-30a559cd,0,1,1,1,3,168960.0,0.0,168960.0,168960.0,0.0,-1.0,1,0,1,-1.0,0,-1.0,0,0,0.0,0.0,0.0,0.0,0.0,0,0.0,0,1,ACCOUNT_TAKEOVER,advanced,be320c10-0536-42fa-9ab9-6e1d11f1ca07,0.0
atk-6f5bd8bd,8,1,0,0,9,122584.0,0.2349409384585264,17495.714285714286,9.0,8.0,114.0,1,0,0,-1.0,0,-1.0,0,0,2510.59375,4515.02,968.74,1373.6603507412003,0.5471456107708387,0,-1.0,1,1,ACCOUNT_TAKEOVER,advanced,e30956cf-103e-4fa5-96e1-f31bbf26c6d7,0.0
atk-b9bd715f,14,1,0,1,16,96978.0,0.5197055002165439,7434.384615384615,15.0,14.0,331.0,1,0,0,-1.0,1,0.0,0,0,1604.8464285714285,3971.33,223.81,1138.4456872270264,0.7093798303432848,0,-1.0,1,1,ACCOUNT_TAKEOVER,advanced,5ff212f1-a315-498a-a3d1-9afa715056c5,-1.0293167533243979
atk-693a3017,0,1,1,0,2,420.0,0.0,420.0,420.0,0.0,-1.0,1,0,1,-1.0,0,-1.0,0,0,0.0,0.0,0.0,0.0,0.0,0,0.0,0,1,ACCOUNT_TAKEOVER,advanced,e9669dd5-9e35-4c39-901d-6ffb9e8ca7dd,0.0
atk-c97dbb78,11,1,0,0,12,165851.0,0.23876853320148808,16565.1,9.0,11.0,200.0,1,0,0,-1.0,0,-1.0,0,0,2120.6845454545455,3931.86,752.99,1251.2223148103374,0.5900086920009838,0,-1.0,1,1,ACCOUNT_TAKEOVER,advanced,6f238d5a-c3e1-4357-83c3-56b89d2b523d,0.0
atk-234a4a15,0,1,0,1,2,240.0,0.0,240.0,240.0,0.0,-1.0,1,0,0,-1.0,0,-1.0,0,0,0.0,0.0,0.0,0.0,0.0,0,0.0,0,1,ACCOUNT_TAKEOVER,advanced,3434ad30-f05c-4ce9-85b7-c46d84542c7f,0.0
atk-beca0dc3,0,1,1,0,2,1.0,0.0,1.0,1.0,0.0,-1.0,1,0,1,-1.0,0,-1.0,0,0,0.0,0.0,0.0,0.0,0.0,0,0.0,0,1,ACCOUNT_TAKEOVER,advanced,0514f0ad-c6f6-4730-8071-9d027367ef9c,0.0
atk-93f3dc27,6,1,0,1,8,1998.0,10.81081081081081,136.2,10.0,6.0,1317.0,1,0,0,-1.0,1,0.0,0,0,3900.256666666666,7097.03,1351.58,2444.9374512358295,0.6268657835089049,0,-1.0,1,1,ACCOUNT_TAKEOVER,advanced,c082482e-6a21-4dff-8bab-be7c23762912,-1.5025140179867045
atk-208702bb,7,1,0,0,8,391.0,64.45012787723785,29.666666666666668,8.0,7.0,213.0,1,0,0,-1.0,0,-1.0,0,0,2732.8757142857144,3987.8,1170.89,1059.4043876612548,0.38765187239338067,0,-1.0,1,1,ACCOUNT_TAKEOVER,advanced,96a5d6dd-535b-4bf8-b9be-b86cff14b33c,0.0
atk-e8f7bd25,4,1,0,0,5,123828.0,0.11629033821106696,41.0,35.0,4.0,123705.0,1,0,0,-1.0,0,-1.0,0,0,3255.67,4036.47,2803.73,482.41952007562867,0.14817826133349776,0,-1.0,1,1,ACCOUNT_TAKEOVER,advanced,6f238d5a-c3e1-4357-83c3-56b89d2b523d,0.0
atk-72e70f2a,9,1,0,0,10,1317.0,24.60136674259681,58.0,11.0,9.0,853.0,1,0,0,-1.0,0,-1.0,0,0,1789.09,2910.59,1000.88,807.6529073116055,0.45143224058689363,0,1.0,1,1,ACCOUNT_TAKEOVER,advanced,75e060fd-752a-4bad-a05a-9a468d3ca04c,0.0
atk-1179705d,0,1,1,0,2,114840.0,0.0,114840.0,114840.0,0.0,-1.0,1,0,1,-1.0,0,-1.0,0,0,0.0,0.0,0.0,0.0,0.0,0,0.0,0,1,ACCOUNT_TAKEOVER,advanced,8255f136-0bec-4181-9911-5378682e818f,0.0
atk-83b781cd,8,1,0,0,9,118323.0,0.24340153647219898,16839.0,5.0,8.0,450.0,1,0,0,-1.0,0,-1.0,0,0,1970.1462500000002,4757.35,619.56,1597.9835883069757,0.8110989670472308,0,-1.0,1,1,ACCOUNT_TAKEOVER,advanced,c4db965a-f70f-4778-b4af-c4b29c66e15e,0.0
atk-97c0217d,4,1,0,1,6,739.0,19.485791610284167,20.0,11.0,4.0,259.0,1,0,0,-1.0,0,-1.0,0,0,3363.8975,4079.18,2980.81,425.26494261665863,0.12642030341788316,0,1.0,1,1,ACCOUNT_TAKEOVER,advanced,c4db965a-f70f-4778-b4af-c4b29c66e15e,0.0
atk-835c8230,13,1,1,1,16,1249.0,37.469975980784625,55.75,10.0,13.0,580.0,1,0,1,580.0,1,0.0,2,1,2831.9384615384615,7369.89,85.19,2952.187233154028,1.0424616471186456,1,-1.0,1,1,ACCOUNT_TAKEOVER,advanced,4a3172b4-c168-4e46-a2a2-f7a6442e491b,-0.5936190283258591
atk-547d7667,14,1,1,0,16,2368.0,21.283783783783782,137.15384615384616,14.0,14.0,585.0,1,0,1,585.0,0,-1.0,0,0,1702.6507142857142,4775.79,260.0,1545.9928803683056,0.9079917962016486,0,-1.0,1,1,ACCOUNT_TAKEOVER,advanced,1e6c9584-c4ed-4037-896c-cf880ebae805,0.0
atk-8bf04232,4,1,1,0,6,155078.0,0.09285649802035104,40.0,16.0,4.0,154958.0,1,0,1,154958.0,0,-1.0,0,0,4052.42,4879.53,3400.46,575.5359117813587,0.1420227695503819,0,1.0,1,1,ACCOUNT_TAKEOVER,advanced,0514f0ad-c6f6-4730-8071-9d027367ef9c,0.0
atk-88cdbb44,4,1,0,0,5,366.0,39.34426229508197,27.666666666666668,10.0,4.0,283.0,1,0,0,-1.0,0,-1.0,1,1,8368.682499999999,9615.59,7639.45,745.940389152344,0.08913474601914269,1,1.0,1,1,ACCOUNT_TAKEOVER,advanced,0bb8c9eb-2997-4cdf-aa71-f13d5e5c8bd1,0.0
atk-ef9c8093,1,1,0,1,3,900.0,4.0,900.0,900.0,1.0,900.0,1,0,0,-1.0,1,480.0,0,0,20832.2,20832.2,20832.2,0.0,0.0,0,0.0,1,1,AUTHORIZED_PUSH_PAYMENT,easy,bc42392e-9ebc-4b24-84ce-adb1994405df,-0.529675628578935
atk-77a44d11,2,1,0,1,4,960.0,7.5,300.0,300.0,2.0,660.0,1,0,0,-1.0,1,60.0,1,1,25645.385000000002,30132.62,21158.15,4487.234999999999,0.17497241706451272,1,-1.0,1,1,AUTHORIZED_PUSH_PAYMENT,easy,a3a87881-f8d0-4902-8849-8c3000a8d72c,-0.7314742712350647
atk-97978d93,1,1,0,0,2,180.0,20.0,180.0,180.0,1.0,180.0,1,0,0,-1.0,0,-1.0,0,0,24242.42,24242.42,24242.42,0.0,0.0,0,0.0,1,1,AUTHORIZED_PUSH_PAYMENT,easy,be320c10-0536-42fa-9ab9-6e1d11f1ca07,0.0
atk-cc43b7e8,0,1,0,1,2,60.0,0.0,60.0,60.0,0.0,-1.0,1,0,0,-1.0,0,-1.0,0,0,0.0,0.0,0.0,0.0,0.0,0,0.0,0,1,AUTHORIZED_PUSH_PAYMENT,easy,c082482e-6a21-4dff-8bab-be7c23762912,0.0
atk-1864f7ac,2,1,0,0,3,1020.0,7.0588235294117645,540.0,540.0,2.0,480.0,1,0,0,-1.0,0,-1.0,0,0,12245.810000000001,21805.33,2686.29,9559.52,0.7806359889627553,0,-1.0,1,1,AUTHORIZED_PUSH_PAYMENT,easy,92ecfbad-d07a-4a47-8dc1-f3c65f4e3c66,0.0
atk-811fb52b,3,1,0,0,4,1260.0,8.571428571428571,330.0,120.0,3.0,600.0,1,0,0,-1.0,0,-1.0,0,0,8323.186666666666,23287.75,231.27,10593.245384087395,1.2727391332591438,0,-1.0,1,1,AUTHORIZED_PUSH_PAYMENT,easy,d6d3d3f8-a8e7-4841-bc66-c08d12894506,0.0
atk-aec27e49,4,1,0,0,5,11059.0,1.302106881273171,1710.0,31.0,4.0,5929.0,1,0,0,-1.0,0,-1.0,1,1,7814.419999999999,11442.8,3932.62,2667.445455515445,0.3413491283441951,1,-1.0,1,1,AUTHORIZED_PUSH_PAYMENT,medium,be320c10-0536-42fa-9ab9-6e1d11f1ca07,0.0
atk-e3cb38a3,1,1,0,1,3,9240.0,0.3896103896103896,9240.0,9240.0,1.0,9240.0,1,0,0,-1.0,1,5280.0,0,0,14020.38,14020.38,14020.38,0.0,0.0,0,0.0,1,1,AUTHORIZED_PUSH_PAYMENT,medium,16ba6cb3-05ca-4736-ac25-21368e9e41cf,0.22776031376772835
atk-95319e43,2,1,0,0,3,11718.0,0.6144393241167435,60.0,60.0,2.0,11658.0,1,0,0,-1.0,0,-1.0,0,0,5239.43,6249.52,4229.34,1010.0900000000001,0.19278623819766655,0,1.0,1,1,AUTHORIZED_PUSH_PAYMENT,medium,3434ad30-f05c-4ce9-85b7-c46d84542c7f,0.0
atk-96e7b1e0,2,1,0,0,3,2486.0,2.8962188254223653,28.0,28.0,2.0,2458.0,1,0,0,-1.0,0,-1.0,0,0,5326.29,6282.37,4370.21,956.0799999999999,0.17950205490125395,0,1.0,1,1,AUTHORIZED_PUSH_PAYMENT,medium,e30956cf-103e-4fa5-96e1-f31bbf26c6d7,0.0
atk-d8c6a023,2,1,0,0,3,6888.0,1.0452961672473868,53.0,53.0,2.0,6835.0,1,0,0,-1.0,0,-1.0,1,0,17709.144999999997,18998.28,16420.01,1289.1350000000002,0.0727948751901913,0,1.0,1,1,AUTHORIZED_PUSH_PAYMENT,medium,be320c10-0536-42fa-9ab9-6e1d11f1ca07,0.0
atk-d4dd5460,4,1,0,1,6,15139.0,0.9511856793711605,1326.0,29.0,4.0,11161.0,1,0,0,-1.0,1,8221.0,0,0,4225.0175,6230.39,2885.32,1291.2460698754323,0.3056191056901971,0,-1.0,1,1,AUTHORIZED_PUSH_PAYMENT,medium,4a3172b4-c168-4e46-a2a2-f7a6442e491b,0.8090229295291061
atk-18611af6,2,1,0,1,4,9529.0,0.7555882044285864,14.0,14.0,2.0,9515.0,1,0,0,-1.0,1,2315.0,0,0,6955.485000000001,8303.94,5607.03,1348.4550000000004,0.19386929883394188,0,1.0,1,1,AUTHORIZED_PUSH_PAYMENT,medium,92ecfbad-d07a-4a47-8dc1-f3c65f4e3c66,-0.2095166989507602
atk-3fea6b68,3,1,0,1,5,15342.0,0.7039499413375049,68.0,35.0,3.0,15206.0,1,0,0,-1.0,1,13166.0,1,1,6329.38,7719.64,5146.43,1060.6870424713723,0.16758150758389798,1,-1.0,1,1,AUTHORIZED_PUSH_PAYMENT,medium,be320c10-0536-42fa-9ab9-6e1d11f1ca07,-0.265709907642865
atk-e09339a9,2,1,0,0,3,12279.0,0.5863669679941363,44.0,44.0,2.0,12235.0,1,0,0,-1.0,0,-1.0,0,0,7037.105,8144.44,5929.77,1107.3349999999996,0.15735661184535396,0,1.0,1,1,AUTHORIZED_PUSH_PAYMENT,medium,68903bb2-649b-4203-8427-e34e3e963423,0.0
atk-1ebff3d8,1,1,0,0,2,10800.0,0.3333333333333333,10800.0,10800.0,1.0,10800.0,1,0,0,-1.0,0,-1.0,0,0,15862.36,15862.36,15862.36,0.0,0.0,0,0.0,1,1,AUTHORIZED_PUSH_PAYMENT,medium,8255f136-0bec-4181-9911-5378682e818f,0.0
atk-ee11d67a,0,1,0,1,2,6600.0,0.0,6600.0,6600.0,0.0,-1.0,1,0,0,-1.0,0,-1.0,0,0,0.0,0.0,0.0,0.0,0.0,0,0.0,0,1,AUTHORIZED_PUSH_PAYMENT,medium,42fec3c4-05a4-4a79-ade0-661be2827074,0.0
atk-4b079370,2,1,0,0,3,7031.0,1.0240364101834731,17.0,17.0,2.0,7014.0,1,0,0,-1.0,0,-1.0,0,0,7880.165,8875.35,6884.98,995.1850000000004,0.12628986829590502,0,1.0,1,1,AUTHORIZED_PUSH_PAYMENT,medium,e30956cf-103e-4fa5-96e1-f31bbf26c6d7,0.0
atk-6bc17a95,3,1,0,0,4,9753.0,1.1073515841279606,39.5,31.0,3.0,9674.0,1,0,0,-1.0,0,-1.0,1,1,8919.5,11332.92,7555.28,1711.3847166159533,0.19187002820964777,1,-1.0,1,1,AUTHORIZED_PUSH_PAYMENT,medium,1e6c9584-c4ed-4037-896c-cf880ebae805,0.0
atk-4775a282,0,1,0,0,1,1.0,0.0,1.0,1.0,0.0,-1.0,1,0,0,-1.0,0,-1.0,0,0,0.0,0.0,0.0,0.0,0.0,0,0.0,0,1,AUTHORIZED_PUSH_PAYMENT,medium,5ff212f1-a315-498a-a3d1-9afa715056c5,0.0
atk-3f48c9b5,1,1,0,0,2,5129.0,0.7018912068629363,5129.0,5129.0,1.0,5129.0,1,0,0,-1.0,0,-1.0,1,0,35302.4,35302.4,35302.4,0.0,0.0,0,0.0,1,1,AUTHORIZED_PUSH_PAYMENT,medium,5ff212f1-a315-498a-a3d1-9afa715056c5,0.0
atk-331b6121,3,1,0,1,5,8584.0,1.2581547064305685,113.5,24.0,3.0,8357.0,1,0,0,-1.0,1,2777.0,2,0,20082.076666666668,25935.7,17020.06,4140.608649979962,0.20618428655104037,1,1.0,1,1,AUTHORIZED_PUSH_PAYMENT,medium,6f238d5a-c3e1-4357-83c3-56b89d2b523d,-0.26805326247667577
atk-ab61364d,5,1,0,1,7,13199.0,1.3637396772482764,1425.25,16.0,5.0,7498.0,1,0,0,-1.0,1,3598.0,1,1,5599.16,8478.92,4000.98,1583.559182916761,0.28282084864814744,1,-1.0,1,1,AUTHORIZED_PUSH_PAYMENT,medium,2444528b-4509-4809-a516-d55fbd5d508d,-0.012758025088532786
atk-8cdb02ec,2,1,0,1,4,12575.0,0.5725646123260437,36.0,36.0,2.0,12539.0,1,0,0,-1.0,1,5519.0,0,0,6495.514999999999,7117.48,5873.55,621.9649999999997,0.0957529926418459,0,1.0,1,1,AUTHORIZED_PUSH_PAYMENT,medium,16ba6cb3-05ca-4736-ac25-21368e9e41cf,0.2662202790333641
atk-cc447f44,5,1,0,0,6,17309.0,1.0399214281587612,2611.5,20.0,5.0,6863.0,1,0,0,-1.0,0,-1.0,0,0,4337.182000000001,6001.47,2632.38,1304.3040294256548,0.30072614647613466,0,-1.0,1,1,AUTHORIZED_PUSH_PAYMENT,medium,5ff212f1-a315-498a-a3d1-9afa715056c5,0.0
atk-ff537bb8,2,1,0,1,4,11798.0,0.61027292761485,18.0,18.0,2.0,11780.0,1,0,0,-1.0,1,6560.0,0,0,5107.200000000001,6006.27,4208.13,899.0700000000002,0.17603970864661656,0,1.0,1,1,AUTHORIZED_PUSH_PAYMENT,medium,a4ae34e8-722e-44d5-bfc1-918c65cdc5cd,0.7538274771421055
atk-be49bf65,4,1,0,1,6,16111.0,0.8937992675811558,2243.6666666666665,37.0,4.0,9380.0,1,0,0,-1.0,1,2420.0,0,0,4918.7675,7241.26,2402.0,2269.7902211148835,0.46145507408408376,0,-1.0,1,1,AUTHORIZED_PUSH_PAYMENT,medium,d0dbf22f-84d3-4815-bc81-3af1b5559b59,1.2977461191358381
atk-6e3d0f35,3,1,0,0,4,3414.0,3.1634446397188047,46.5,33.0,3.0,3321.0,1,0,0,-1.0,0,-1.0,1,1,8017.606666666667,9087.22,6058.15,1387.4874497050016,0.1730550658556878,1,-1.0,1,1,AUTHORIZED_PUSH_PAYMENT,medium,a4ae34e8-722e-44d5-bfc1-918c65cdc5cd,0.0
atk-26c3afbf,4,1,0,1,6,14317.0,1.0057973039044492,104.0,10.0,4.0,14005.0,1,0,0,-1.0,1,10225.0,2,1,8404.44,10692.98,6318.45,1758.4264153924667,0.20922588719682295,1,-1.0,1,1,AUTHORIZED_PUSH_PAYMENT,medium,0514f0ad-c6f6-4730-8071-9d027367ef9c,1.4864614971370382
atk-6e421bdf,2,1,0,1,4,13015.0,0.5532078371110257,235.0,235.0,2.0,12780.0,1,0,0,-1.0,1,6960.0,1,1,21348.085,25617.7,17078.47,4269.615,0.19999990631478187,1,-1.0,1,1,AUTHORIZED_PUSH_PAYMENT,medium,b58b953f-d67e-4733-a6d4-68753672734a,50.96119506102308
atk-36924443,4,1,0,1,6,13688.0,1.0520163646990064,1342.6666666666667,88.0,4.0,9660.0,1,0,0,-1.0,1,3120.0,2,1,11701.875,17555.78,7019.15,3793.824380796375,0.3242065379092133,1,-1.0,1,1,AUTHORIZED_PUSH_PAYMENT,medium,855f7663-6799-43eb-b79f-2cb8c3f0bf52,-0.2713053752453027
atk-f58d6a7b,4,1,0,0,5,5993.0,2.402803270482229,79.0,41.0,4.0,5756.0,1,0,0,-1.0,0,-1.0,2,1,10474.6,13955.44,7455.73,2403.31411406208,0.22944208982319897,1,-1.0,1,1,AUTHORIZED_PUSH_PAYMENT,medium,75516789-f403-4fa0-9ce9-7c3f068c1336,0.0
atk-c604dd6d,3,1,0,1,5,10199.0,1.0589273458182173,112.5,44.0,3.0,9974.0,1,0,0,-1.0,1,3794.0,1,1,8245.786666666667,11641.66,5334.59,2597.558674298277,0.31501647802735744,1,1.0,1,1,AUTHORIZED_PUSH_PAYMENT,medium,68903bb2-649b-4203-8427-e34e3e963423,-0.3554454105123054
atk-52792a5e,3,1,0,0,4,6997.0,1.5435186508503644,35.5,32.0,3.0,6926.0,1,0,0,-1.0,0,-1.0,1,1,7578.256666666667,9852.88,6313.3,1611.77474179517,0.21268410568417934,1,1.0,1,1,AUTHORIZED_PUSH_PAYMENT,medium,5888410f-b2b5-4beb-b481-c64dbe2b6c17,0.0
atk-2bc19b71,3,1,0,0,4,7216.0,1.4966740576496675,118.0,23.0,3.0,6980.0,1,0,0,-1.0,0,-1.0,1,1,5880.763333333333,6619.48,4412.99,1037.8799697567258,0.1764872876066643,1,-1.0,1,1,AUTHORIZED_PUSH_PAYMENT,medium,0503245b-3e08-42ba-9f76-1f2537c61cdd,0.0
atk-92e87efe,4,1,0,0,5,13903.0,1.0357476803567576,70.66666666666667,5.0,4.0,13691.0,1,0,0,-1.0,0,-1.0,2,1,7920.9675,10332.18,5785.43,1733.1005659709276,0.21879910073749548,1,-1.0,1,1,AUTHORIZED_PUSH_PAYMENT,medium,126d56cc-bd50-403a-9af0-a8811aa3f2f5,0.0
atk-354dda72,5,1,0,0,6,16005.0,1.1246485473289596,869.0,20.0,5.0,12529.0,1,0,0,-1.0,0,-1.0,2,1,8156.5920000000015,16193.42,3865.33,4739.6824417735,0.581086125403048,1,-1.0,1,1,AUTHORIZED_PUSH_PAYMENT,medium,ace3b175-db94-4ca5-9d87-34d64fd6b993,0.0
atk-fc32a04f,3,1,0,1,5,3956.0,2.730030333670374,36.5,30.0,3.0,3883.0,1,0,0,-1.0,1,2083.0,1,1,8804.913333333334,12488.18,5601.11,2832.001307936767,0.3216387488126061,1,1.0,1,1,AUTHORIZED_PUSH_PAYMENT,medium,37c3e897-1fbf-47a1-90ef-a85740f3121d,-0.4650447269750023
atk-3a822dc4,3,1,0,0,4,10932.0,0.9879253567508233,2646.0,34.0,3.0,5640.0,1,0,0,-1.0,0,-1.0,0,0,5600.996666666666,10007.14,2953.59,3136.665734782008,0.5600192111252833,0,-1.0,1,1,AUTHORIZED_PUSH_PAYMENT,medium,b6084df1-78b6-43ed-af67-ff2faacf92a3,0.0
atk-8e6a4d50,4,1,0,0,5,12333.0,1.1675991243006567,2703.0,30.0,4.0,4224.0,1,0,0,-1.0,0,-1.0,0,0,4959.235,7366.6,2251.64,2292.600703049923,0.46228918432982574,0,-1.0,1,1,AUTHORIZED_PUSH_PAYMENT,medium,126d56cc-bd50-403a-9af0-a8811aa3f2f5,0.0
atk-bb031c23,1,1,0,1,3,12360.0,0.29126213592233013,12360.0,12360.0,1.0,12360.0,1,0,0,-1.0,1,6720.0,0,0,10159.51,10159.51,10159.51,0.0,0.0,0,0.0,1,1,AUTHORIZED_PUSH_PAYMENT,medium,a3a87881-f8d0-4902-8849-8c3000a8d72c,0.10483142077975909
atk-2a5f3887,2,1,0,1,4,10303.0,0.6988255847811317,223.0,223.0,2.0,10080.0,1,0,0,-1.0,1,7020.0,1,1,12681.775,15218.13,10145.42,2536.3549999999996,0.19999999999999998,1,-1.0,1,1,AUTHORIZED_PUSH_PAYMENT,medium,f777751c-882f-4233-a7ef-03edb93bbaa7,-0.06497535583202758
atk-1e3be9e7,3,1,0,0,4,11840.0,0.9121621621621622,71.0,39.0,3.0,11698.0,1,0,0,-1.0,0,-1.0,1,1,7578.099999999999,9156.72,6104.48,1248.2817535583329,0.16472225934710982,1,-1.0,1,1,AUTHORIZED_PUSH_PAYMENT,medium,c082482e-6a21-4dff-8bab-be7c23762912,0.0
atk-67ef4228,4,1,0,0,5,5729.0,2.513527666259382,119.66666666666667,22.0,4.0,5370.0,1,0,0,-1.0,0,-1.0,3,1,23199.300000000003,32342.86,15556.97,6014.762731400966,0.25926483693046626,1,-1.0,1,1,AUTHORIZED_PUSH_PAYMENT,medium,8d2b4595-90eb-457b-862c-c575a44e50c8,0.0
atk-f76ec6ea,3,1,0,1,5,29160.0,0.3703703703703704,6324.5,28.0,3.0,16511.0,1,0,0,-1.0,1,12131.0,2,1,19933.263333333332,28264.71,15307.6,5903.1797913346845,0.29614718335974183,1,-1.0,1,1,AUTHORIZED_PUSH_PAYMENT,medium,42fec3c4-05a4-4a79-ade0-661be2827074,1.6738569538046768
atk-f9a08d86,3,1,0,0,4,5583.0,1.9344438473938743,1591.5,63.0,3.0,2400.0,1,0,0,-1.0,0,-1.0,2,1,15097.769999999999,18266.8,12177.87,2492.0294880411557,0.1650594417613433,1,-1.0,1,1,AUTHORIZED_PUSH_PAYMENT,medium,e30956cf-103e-4fa5-96e1-f31bbf26c6d7,0.0
atk-e23c223d,3,1,0,0,4,5999.0,1.8003000500083346,32.0,27.0,3.0,5935.0,1,0,0,-1.0,0,-1.0,1,1,10605.293333333333,14965.18,6873.91,3333.009139224727,0.3142778831726226,1,1.0,1,1,AUTHORIZED_PUSH_PAYMENT,medium,a1bcb03b-3f62-4d03-b0dc-e0003b9f1aef,0.0
atk-fbedce90,8,1,0,1,10,22276.0,1.2928712515711978,2331.714285714286,23.0,8.0,5954.0,1,0,0,-1.0,1,3074.0,3,1,4741.179999999999,8368.05,2380.23,2214.032373645426,0.46697918527569643,1,-1.0,1,1,AUTHORIZED_PUSH_PAYMENT,medium,84fc8e5d-c282-45b2-973b-a15407b03728,0.041597025828162916
atk-62a41fe7,4,1,0,0,5,11873.0,1.2128358460372273,718.3333333333334,26.0,4.0,9718.0,1,0,0,-1.0,0,-1.0,1,1,6702.445000000001,9150.36,4240.55,1788.5433776190614,0.2668493926647755,1,1.0,1,1,AUTHORIZED_PUSH_PAYMENT,medium,e9669dd5-9e35-4c39-901d-6ffb9e8ca7dd,0.0
atk-a2efee87,3,1,0,0,4,17285.0,0.6248192074052646,1613.5,12.0,3.0,14058.0,1,0,0,-1.0,0,-1.0,0,0,6523.88,12877.02,2824.4,4512.591698998112,0.6917036639236332,0,-1.0,1,1,AUTHORIZED_PUSH_PAYMENT,medium,f777751c-882f-4233-a7ef-03edb93bbaa7,0.0
atk-b8441b32,3,1,0,1,5,4485.0,2.408026755852843,27.0,11.0,3.0,4431.0,1,0,0,-1.0,1,2511.0,1,1,7796.123333333333,8987.24,5991.49,1297.6726708055292,0.1664510187078701,1,-1.0,1,1,AUTHORIZED_PUSH_PAYMENT,medium,1653a6b5-1036-48ad-aa9b-802b8609a3df,-0.601357416425275
atk-7cad7aab,1,1,0,0,2,8420.0,0.42755344418052255,8420.0,8420.0,1.0,8420.0,1,0,0,-1.0,0,-1.0,0,0,10031.44,10031.44,10031.44,0.0,0.0,0,0.0,1,1,AUTHORIZED_PUSH_PAYMENT,medium,259fc45e-741c-4a4a-8d33-fe3f103add9a,0.0
atk-a3d35915,4,1,0,0,5,11927.0,1.2073446801375032,151.66666666666666,51.0,4.0,11472.0,1,0,0,-1.0,0,-1.0,2,1,7360.09,9961.04,5135.45,1757.0722196455106,0.2387297192895074,1,-1.0,1,1,AUTHORIZED_PUSH_PAYMENT,medium,84fc8e5d-c282-45b2-973b-a15407b03728,0.0
atk-65a34182,7,1,0,0,8,14454.0,1.7434620174346203,1624.8333333333333,15.0,7.0,4705.0,1,0,0,-1.0,0,-1.0,2,1,4324.528571428572,9515.28,1676.94,2894.631349764736,0.6693518847092549,1,-1.0,1,1,AUTHORIZED_PUSH_PAYMENT,medium,1e6c9584-c4ed-4037-896c-cf880ebae805,0.0
atk-b8ab0dd9,3,1,0,1,5,9148.0,1.1805859204197637,1094.0,46.0,3.0,6960.0,1,0,0,-1.0,1,1980.0,0,0,6600.126666666666,13936.33,2821.91,5188.258206388302,0.7860846417677291,0,-1.0,1,1,AUTHORIZED_PUSH_PAYMENT,medium,ace3b175-db94-4ca5-9d87-34d64fd6b993,8.88533568998852
atk-ef41dcc3,4,1,0,1,6,10774.0,1.3365509560051976,841.6666666666666,5.0,4.0,8249.0,1,0,0,-1.0,1,5009.0,0,0,5351.52,9033.7,2306.45,2892.9849621368585,0.5405912641897738,0,-1.0,1,1,AUTHORIZED_PUSH_PAYMENT,medium,d6d3d3f8-a8e7-4841-bc66-c08d12894506,-0.2382410015829189
atk-57b9b051,5,1,0,0,6,121513.0,0.1481322986017957,141.0,39.0,5.0,120949.0,1,0,0,-1.0,0,-1.0,2,1,2471.832,3044.24,1927.66,446.2250980570231,0.18052403968272243,1,-1.0,1,1,AUTHORIZED_PUSH_PAYMENT,hard,4a3172b4-c168-4e46-a2a2-f7a6442e491b,0.0
atk-d515ad45,3,1,0,0,4,61845.0,0.17463012369633762,117.5,22.0,3.0,61610.0,1,0,0,-1.0,0,-1.0,1,1,1622.5533333333333,1999.68,1333.12,279.0975324545566,0.17201131495701627,1,-1.0,1,1,AUTHORIZED_PUSH_PAYMENT,hard,5888410f-b2b5-4beb-b481-c64dbe2b6c17,0.0
atk-3a566226,13,1,0,0,14,357125.0,0.1310465523276164,18351.166666666668,11.0,13.0,136911.0,1,0,0,-1.0,0,-1.0,5,1,5095.036153846153,18370.22,57.73,6560.578972006309,1.2876412990816255,1,-1.0,1,1,AUTHORIZED_PUSH_PAYMENT,hard,126d56cc-bd50-403a-9af0-a8811aa3f2f5,0.0
atk-e6958631,7,1,0,0,8,223096.0,0.11295585756804245,9561.333333333334,29.0,7.0,165728.0,1,0,0,-1.0,0,-1.0,3,1,1928.5914285714284,2717.97,1263.36,462.50516106552243,0.23981500395245214,1,-1.0,1,1,AUTHORIZED_PUSH_PAYMENT,hard,5ff212f1-a315-498a-a3d1-9afa715056c5,0.0
atk-8e5e9879,2,1,0,1,4,126732.0,0.056812801818009656,25.0,25.0,2.0,126707.0,1,0,0,-1.0,1,67247.0,0,0,2634.46,2858.6,2410.32,224.13999999999987,0.08508005435649046,0,1.0,1,1,AUTHORIZED_PUSH_PAYMENT,hard,1e6c9584-c4ed-4037-896c-cf880ebae805,113.49119568394835
atk-567f52b1,4,1,0,1,6,128524.0,0.1120413308020292,149.66666666666666,29.0,4.0,128075.0,1,0,0,-1.0,1,54515.0,2,1,2613.23,3152.49,2079.51,522.8356844650143,0.2000725862113225,1,-1.0,1,1,AUTHORIZED_PUSH_PAYMENT,hard,8d2b4595-90eb-457b-862c-c575a44e50c8,4.672203127130902
atk-60f7a9f8,2,1,0,0,3,126214.0,0.0570459695437907,40.0,40.0,2.0,126174.0,1,0,0,-1.0,0,-1.0,0,0,1858.01,1886.85,1829.17,28.839999999999918,0.015521983197076398,0,1.0,1,1,AUTHORIZED_PUSH_PAYMENT,hard,c4db965a-f70f-4778-b4af-c4b29c66e15e,0.0
atk-91f6a38f,0,1,0,0,1,1.0,0.0,1.0,1.0,0.0,-1.0,1,0,0,-1.0,0,-1.0,0,0,0.0,0.0,0.0,0.0,0.0,0,0.0,0,1,AUTHORIZED_PUSH_PAYMENT,hard,96a5d6dd-535b-4bf8-b9be-b86cff14b33c,0.0
atk-518aa00a,12,1,0,0,13,233816.0,0.18476066650699696,14739.181818181818,16.0,12.0,71685.0,1,0,0,-1.0,0,-1.0,4,1,1696.9674999999997,2648.18,1141.37,463.1486604954719,0.2729272425638511,1,-1.0,1,1,AUTHORIZED_PUSH_PAYMENT,hard,e9669dd5-9e35-4c39-901d-6ffb9e8ca7dd,0.0
atk-9449f698,15,1,0,0,16,389022.0,0.13880963030368462,16099.07142857143,19.0,15.0,163635.0,1,0,0,-1.0,0,-1.0,6,1,1993.1399999999999,2964.58,1407.93,494.4687595524446,0.2480853123977466,1,-1.0,1,1,AUTHORIZED_PUSH_PAYMENT,hard,be320c10-0536-42fa-9ab9-6e1d11f1ca07,0.0
atk-485277ed,8,1,0,0,9,122015.0,0.23603655288284228,9591.57142857143,12.0,8.0,54874.0,1,0,0,-1.0,0,-1.0,2,1,1393.2450000000001,1776.88,1038.52,261.59103960189464,0.1877566684982861,1,1.0,1,1,AUTHORIZED_PUSH_PAYMENT,hard,9cb9bed9-fe71-463b-809d-526a8077ab40,0.0
atk-ae682f47,4,1,0,0,5,67012.0,0.21488688593087804,59.0,6.0,4.0,66835.0,1,0,0,-1.0,0,-1.0,1,1,2431.47,3510.12,1714.9,663.0579906011237,0.2726984049160071,1,-1.0,1,1,AUTHORIZED_PUSH_PAYMENT,hard,51667bc0-f4bf-4f46-a4a5-cff909e424a4,0.0
atk-fa0c216e,3,1,0,0,4,136348.0,0.07920908264147623,38.0,24.0,3.0,136272.0,1,0,0,-1.0,0,-1.0,0,0,2238.94,2605.17,1765.13,351.2804128707814,0.1568958582502351,0,-1.0,1,1,AUTHORIZED_PUSH_PAYMENT,hard,f777751c-882f-4233-a7ef-03edb93bbaa7,0.0
atk-bd72fdd6,19,1,0,1,21,323673.0,0.21132439221065705,11992.888888888889,7.0,19.0,107801.0,1,0,0,-1.0,1,59501.0,8,1,1609.1757894736845,3907.5,455.0,956.4683566082035,0.5943840087980923,1,-1.0,1,1,AUTHORIZED_PUSH_PAYMENT,hard,37c3e897-1fbf-47a1-90ef-a85740f3121d,6.326413386251728
atk-a5de852c,5,1,0,0,6,134043.0,0.13428526666815874,16552.0,9.0,5.0,67835.0,1,0,0,-1.0,0,-1.0,1,1,2856.1620000000003,5566.59,899.23,1733.972296219291,0.607098720667557,1,-1.0,1,1,AUTHORIZED_PUSH_PAYMENT,hard,a3a87881-f8d0-4902-8849-8c3000a8d72c,0.0
atk-2fa3eb7c,13,1,0,0,14,234170.0,0.19985480633727634,10466.333333333334,9.0,13.0,108574.0,1,0,0,-1.0,0,-1.0,5,1,1857.3376923076926,3732.39,682.24,914.7948859982333,0.49253018973713125,1,-1.0,1,1,AUTHORIZED_PUSH_PAYMENT,hard,68903bb2-649b-4203-8427-e34e3e963423,0.0
atk-ef7b5b11,6,1,0,0,7,221270.0,0.09761829439146744,13601.8,34.0,6.0,153261.0,1,0,0,-1.0,0,-1.0,2,1,3039.205,5178.7,1714.8,1204.9089652023508,0.39645531157074,1,-1.0,1,1,AUTHORIZED_PUSH_PAYMENT,hard,1653a6b5-1036-48ad-aa9b-802b8609a3df,0.0
atk-a127c99a,0,1,0,1,2,67020.0,0.0,67020.0,67020.0,0.0,-1.0,1,0,0,-1.0,0,-1.0,0,0,0.0,0.0,0.0,0.0,0.0,0,0.0,0,1,AUTHORIZED_PUSH_PAYMENT,hard,d6d3d3f8-a8e7-4841-bc66-c08d12894506,0.0
atk-bcb7eb7c,4,1,0,1,6,157787.0,0.09126227128977672,18652.666666666668,34.0,4.0,101829.0,1,0,0,-1.0,1,58149.0,0,0,2397.7675,3009.19,2098.44,362.79267084486423,0.15130435742617424,0,-1.0,1,1,AUTHORIZED_PUSH_PAYMENT,hard,b56b42e3-4b67-4eee-a294-17aa8de74cbb,7.353362226520572
atk-59cf6a81,3,1,0,1,5,121303.0,0.08903324732281973,107.0,5.0,3.0,121089.0,1,0,0,-1.0,1,64809.0,1,1,2111.6233333333334,2523.92,1682.61,343.6667128031008,0.16275000724707883,1,-1.0,1,1,AUTHORIZED_PUSH_PAYMENT,hard,855f7663-6799-43eb-b79f-2cb8c3f0bf52,5.653421457577639
atk-438a7cbe,3,1,0,0,4,46352.0,0.2329996548153262,114.5,5.0,3.0,46123.0,1,0,0,-1.0,0,-1.0,1,1,4106.856666666667,5609.31,2971.72,1107.6736589908703,0.26971325003409835,1,1.0,1,1,AUTHORIZED_PUSH_PAYMENT,hard,42fec3c4-05a4-4a79-ade0-661be2827074,0.0
atk-5f6520ce,6,1,0,0,7,106673.0,0.2024879772763492,102.6,23.0,6.0,106160.0,1,0,0,-1.0,0,-1.0,3,1,1183.3916666666667,1632.15,833.6,272.4115884965657,0.2301956285224523,1,-1.0,1,1,AUTHORIZED_PUSH_PAYMENT,hard,d0dbf22f-84d3-4815-bc81-3af1b5559b59,0.0
atk-c77e23f8,14,1,0,0,15,236623.0,0.21299704593382723,12645.307692307691,16.0,14.0,72234.0,1,0,0,-1.0,0,-1.0,7,1,3760.308571428571,15040.71,974.74,4665.171932902453,1.2406354011341458,1,1.0,1,1,AUTHORIZED_PUSH_PAYMENT,hard,75e060fd-752a-4bad-a05a-9a468d3ca04c,0.0
atk-8a29928d,14,1,0,0,15,282047.0,0.1786936219849883,13776.076923076924,7.0,14.0,102958.0,1,0,0,-1.0,0,-1.0,4,1,2237.329285714286,5319.02,657.13,1358.4805799309352,0.6071884852198808,1,-1.0,1,1,AUTHORIZED_PUSH_PAYMENT,hard,68903bb2-649b-4203-8427-e34e3e963423,0.0
atk-879f0f98,12,1,0,0,13,266824.0,0.16190447635894822,13322.545454545454,24.0,12.0,120276.0,1,0,0,-1.0,0,-1.0,5,1,2262.340833333333,4211.18,1038.53,932.6506268288815,0.41225027329534336,1,1.0,1,1,AUTHORIZED_PUSH_PAYMENT,hard,259fc45e-741c-4a4a-8d33-fe3f103add9a,0.0
atk-372aa412,7,1,0,0,8,162498.0,0.15507883173946754,14624.666666666666,29.0,7.0,74750.0,1,0,0,-1.0,0,-1.0,2,1,1680.56,2311.54,1061.93,397.94335885543165,0.23679211623234617,1,-1.0,1,1,AUTHORIZED_PUSH_PAYMENT,hard,8255f136-0bec-4181-9911-5378682e818f,0.0
atk-31d599be,5,1,0,0,6,68252.0,0.2637285354275333,75.0,44.0,5.0,67952.0,1,0,0,-1.0,0,-1.0,2,1,2346.7079999999996,2827.04,1802.81,423.3361605816351,0.18039575464081392,1,-1.0,1,1,AUTHORIZED_PUSH_PAYMENT,hard,8255f136-0bec-4181-9911-5378682e818f,0.0
atk-1aa3ae53,8,1,0,1,10,196098.0,0.1468653428387847,12917.57142857143,41.0,8.0,105675.0,1,0,0,-1.0,1,55335.0,3,1,2511.55125,3811.6,1436.44,768.6715260831102,0.3060544856821497,1,-1.0,1,1,AUTHORIZED_PUSH_PAYMENT,hard,855f7663-6799-43eb-b79f-2cb8c3f0bf52,4.743520794344898
atk-175dbbb6,7,1,0,0,8,174752.0,0.1442043581761582,14009.166666666666,22.0,7.0,90697.0,1,0,0,-1.0,0,-1.0,3,1,3534.547142857143,5290.24,2227.48,930.8332211475032,0.2633528945931858,1,-1.0,1,1,AUTHORIZED_PUSH_PAYMENT,hard,5888410f-b2b5-4beb-b481-c64dbe2b6c17,0.0
atk-b3bb72ef,6,1,0,1,8,100389.0,0.2151630158682724,112.2,18.0,6.0,99828.0,1,0,0,-1.0,1,48528.0,3,1,2422.94,3448.92,1600.47,606.2293971481972,0.2502040484486604,1,-1.0,1,1,AUTHORIZED_PUSH_PAYMENT,hard,3434ad30-f05c-4ce9-85b7-c46d84542c7f,627.6465646412735
atk-3b81bab3,4,1,0,0,5,120423.0,0.11957848583742307,104.33333333333333,16.0,4.0,120110.0,1,0,0,-1.0,0,-1.0,2,1,1977.575,2724.24,1347.96,495.46612545662487,0.25054226790722217,1,-1.0,1,1,AUTHORIZED_PUSH_PAYMENT,hard,9cb9bed9-fe71-463b-809d-526a8077ab40,0.0
atk-0277bdd1,12,1,0,1,14,291966.0,0.14796243398203898,11938.727272727272,9.0,12.0,160640.0,1,0,0,-1.0,1,82880.0,4,1,1506.7183333333332,3674.0,463.74,935.7375858009315,0.621043472492159,1,-1.0,1,1,AUTHORIZED_PUSH_PAYMENT,hard,42fec3c4-05a4-4a79-ade0-661be2827074,17.184486327156453
atk-9e09d68e,5,1,0,1,7,144993.0,0.12414392418944363,81.75,17.0,5.0,144666.0,1,0,0,-1.0,1,79866.0,2,1,2652.238,3979.12,1799.59,743.2649821806486,0.2802406805801925,1,-1.0,1,1,AUTHORIZED_PUSH_PAYMENT,hard,f08ca729-5847-4f8d-b5af-fdca2bb34649,12.785646449104622
atk-fe09fab4,4,1,0,0,5,170704.0,0.08435654700534258,26266.666666666668,19.0,4.0,91904.0,1,0,0,-1.0,0,-1.0,0,0,1465.5075,1655.97,1235.28,177.50461224641464,0.12112159934112561,0,1.0,1,1,AUTHORIZED_PUSH_PAYMENT,hard,68903bb2-649b-4203-8427-e34e3e963423,0.0
atk-a3af2a42,7,1,0,0,8,194820.0,0.12935016938712657,14569.166666666666,19.0,7.0,107405.0,1,0,0,-1.0,0,-1.0,3,1,2849.034285714286,4889.61,1358.56,1115.4916017338612,0.3915332319190376,1,-1.0,1,1,AUTHORIZED_PUSH_PAYMENT,hard,f08ca729-5847-4f8d-b5af-fdca2bb34649,0.0
atk-e33cce73,5,1,0,0,6,116563.0,0.1544229300893079,80.75,28.0,5.0,116240.0,1,0,0,-1.0,0,-1.0,3,1,14079.833999999999,20670.69,9930.05,3745.873962399696,0.2660453214433989,1,-1.0,1,1,AUTHORIZED_PUSH_PAYMENT,hard,42fec3c4-05a4-4a79-ade0-661be2827074,0.0
atk-3a96dbc6,10,1,0,0,11,140924.0,0.2554568419857512,6398.111111111111,14.0,10.0,83341.0,1,0,0,-1.0,0,-1.0,4,1,1325.3059999999998,2231.74,685.75,464.7321975331599,0.3506602984768498,1,-1.0,1,1,AUTHORIZED_PUSH_PAYMENT,hard,51667bc0-f4bf-4f46-a4a5-cff909e424a4,0.0
atk-caa687f5,10,1,0,1,12,281963.0,0.12767632632650383,15317.0,38.0,10.0,144110.0,1,0,0,-1.0,1,73730.0,3,1,1917.5670000000002,4118.22,929.33,935.0188491260484,0.487606873254519,1,-1.0,1,1,AUTHORIZED_PUSH_PAYMENT,hard,a4ae34e8-722e-44d5-bfc1-918c65cdc5cd,14.630684943194643
atk-a24e8ffa,4,1,0,1,6,141572.0,0.10171502839544544,115.0,20.0,4.0,141227.0,1,0,0,-1.0,1,75947.0,2,1,12387.335,17122.65,9526.36,2844.6186223332297,0.2296392744955416,1,-1.0,1,1,AUTHORIZED_PUSH_PAYMENT,hard,d0dbf22f-84d3-4815-bc81-3af1b5559b59,60.95059965793822
atk-1c8dbe2a,4,1,0,0,5,115846.0,0.12430295392158557,143.0,11.0,4.0,115417.0,1,0,0,-1.0,0,-1.0,2,1,4652.2699999999995,5600.55,3709.93,930.5783142487256,0.2000267212024938,1,-1.0,1,1,AUTHORIZED_PUSH_PAYMENT,hard,fd2210f5-af89-4530-8b4d-07628d0879bb,0.0
atk-4af6d2ba,13,1,0,0,14,191554.0,0.24431752926067846,9871.0,6.0,13.0,73102.0,1,0,0,-1.0,0,-1.0,5,1,1500.718461538461,2749.66,765.17,474.58003683979786,0.31623522266347165,1,-1.0,1,1,AUTHORIZED_PUSH_PAYMENT,hard,0503245b-3e08-42ba-9f76-1f2537c61cdd,0.0
atk-5e434497,5,1,0,0,6,139027.0,0.12947125378523594,13860.0,19.0,5.0,83587.0,1,0,0,-1.0,0,-1.0,1,1,1667.586,2043.68,1362.45,254.69075260794216,0.1527302055833655,1,1.0,1,1,AUTHORIZED_PUSH_PAYMENT,hard,4a3172b4-c168-4e46-a2a2-f7a6442e491b,0.0
atk-f2d6b494,10,1,0,0,11,246263.0,0.14618517601101264,14430.555555555555,5.0,10.0,116388.0,1,0,0,-1.0,0,-1.0,3,1,2372.006,5614.64,897.06,1376.1186463543033,0.5801497324856275,1,-1.0,1,1,AUTHORIZED_PUSH_PAYMENT,hard,84fc8e5d-c282-45b2-973b-a15407b03728,0.0
atk-95b149c5,3,1,0,0,4,137038.0,0.0788102570090048,73.0,7.0,3.0,136892.0,1,0,0,-1.0,0,-1.0,2,1,17690.826666666664,23730.44,13521.75,4372.529279111677,0.24716364935904697,1,-1.0,1,1,AUTHORIZED_PUSH_PAYMENT,hard,c4db965a-f70f-4778-b4af-c4b29c66e15e,0.0
atk-086848f7,6,1,0,0,7,186253.0,0.1159712863685417,15717.2,5.0,6.0,107667.0,1,0,0,-1.0,0,-1.0,1,1,2614.075,3359.49,1934.6,497.30964990804944,0.19024306873676136,1,-1.0,1,1,AUTHORIZED_PUSH_PAYMENT,hard,51667bc0-f4bf-4f46-a4a5-cff909e424a4,0.0
atk-6c7d093a,4,1,0,0,5,94106.0,0.15301893609334155,69.0,19.0,4.0,93899.0,1,0,0,-1.0,0,-1.0,2,0,12387.9225,14756.64,9837.76,2105.1661457991268,0.16993698061956125,1,-1.0,1,1,AUTHORIZED_PUSH_PAYMENT,hard,0514f0ad-c6f6-4730-8071-9d027367ef9c,0.0
atk-2b110f9b,4,1,0,1,6,163265.0,0.08820016537531007,66.0,7.0,4.0,163067.0,1,0,0,-1.0,1,83747.0,2,1,4636.7325,6390.3,3158.57,1163.1817192806764,0.2508623732942706,1,-1.0,1,1,AUTHORIZED_PUSH_PAYMENT,hard,5888410f-b2b5-4beb-b481-c64dbe2b6c17,15.35136154951364
atk-3c05806c,12,1,0,0,13,234924.0,0.18388925780252338,11704.454545454546,17.0,12.0,106175.0,1,0,0,-1.0,0,-1.0,3,1,1876.2233333333331,3115.65,1155.82,583.4120641726756,0.310950223146503,1,-1.0,1,1,AUTHORIZED_PUSH_PAYMENT,hard,f08ca729-5847-4f8d-b5af-fdca2bb34649,0.0
atk-ce8922d3,6,1,0,0,7,236760.0,0.0912316269640142,16070.2,15.0,6.0,156409.0,1,0,0,-1.0,0,-1.0,4,1,14832.288333333336,24245.8,8752.24,5291.669926845452,0.35676692685060746,1,-1.0,1,1,AUTHORIZED_PUSH_PAYMENT,hard,b6084df1-78b6-43ed-af67-ff2faacf92a3,0.0
atk-78525fab,5,1,0,1,7,184739.0,0.0974347593090793,16996.75,34.0,5.0,116752.0,1,0,0,-1.0,1,59272.0,1,1,2796.95,5297.44,1023.61,1592.8797382727926,0.5695059755350623,1,-1.0,1,1,AUTHORIZED_PUSH_PAYMENT,hard,2444528b-4509-4809-a516-d55fbd5d508d,7.448274420068775
atk-b840d2ce,6,1,0,0,7,1532.0,14.099216710182766,127.0,45.0,6.0,897.0,1,0,0,-1.0,0,-1.0,3,1,6146.638333333333,8151.08,3968.6,1498.1611405810866,0.24373666699348992,1,-1.0,1,1,AUTHORIZED_PUSH_PAYMENT,advanced,1e6c9584-c4ed-4037-896c-cf880ebae805,0.0
atk-7b30c7a2,0,1,0,0,1,1.0,0.0,1.0,1.0,0.0,-1.0,1,0,0,-1.0,0,-1.0,0,0,0.0,0.0,0.0,0.0,0.0,0,0.0,0,1,AUTHORIZED_PUSH_PAYMENT,advanced,75516789-f403-4fa0-9ce9-7c3f068c1336,0.0
atk-a5248ead,5,1,0,0,6,858.0,20.97902097902098,141.0,30.0,5.0,294.0,1,0,0,-1.0,0,-1.0,2,1,7877.2440000000015,10258.12,5708.01,1545.4268162627438,0.19618877062367798,1,-1.0,1,1,AUTHORIZED_PUSH_PAYMENT,advanced,b6084df1-78b6-43ed-af67-ff2faacf92a3,0.0
atk-ce889f0b,5,1,0,0,6,164330.0,0.10953569037911519,104.5,34.0,5.0,163912.0,1,0,0,-1.0,0,-1.0,2,1,6008.1,7888.92,4540.85,1192.9035522287625,0.19854921726149072,1,-1.0,1,1,AUTHORIZED_PUSH_PAYMENT,advanced,fd2210f5-af89-4530-8b4d-07628d0879bb,0.0
atk-3c92c6e7,9,1,0,1,11,168333.0,0.1924756286646112,106.375,25.0,9.0,167482.0,1,0,0,-1.0,1,167302.0,4,1,4320.807777777778,6865.82,2935.66,1161.5868422863782,0.26883557474148745,1,-1.0,1,1,AUTHORIZED_PUSH_PAYMENT,advanced,b56b42e3-4b67-4eee-a294-17aa8de74cbb,22.047142941580983
atk-c44b79b8,6,1,0,0,7,5336.0,4.0479760119940025,97.4,11.0,6.0,4849.0,1,0,0,-1.0,0,-1.0,3,1,4432.525000000001,6004.62,3297.04,977.7926879754897,0.22059496291064112,1,-1.0,1,1,AUTHORIZED_PUSH_PAYMENT,advanced,0503245b-3e08-42ba-9f76-1f2537c61cdd,0.0
atk-fb932848,7,1,0,0,8,1130.0,22.300884955752213,123.0,18.0,7.0,392.0,1,0,0,-1.0,0,-1.0,5,1,10149.591428571428,14237.22,6635.37,2329.898854030416,0.22955592551949186,1,-1.0,1,1,AUTHORIZED_PUSH_PAYMENT,advanced,6f238d5a-c3e1-4357-83c3-56b89d2b523d,0.0
atk-399647df,16,1,0,0,17,13118.0,4.39091324897088,461.3333333333333,6.0,16.0,6198.0,1,0,0,-1.0,0,-1.0,8,1,3405.526875,6570.57,1655.8,1540.9340157016732,0.45248035686157173,1,-1.0,1,1,AUTHORIZED_PUSH_PAYMENT,advanced,259fc45e-741c-4a4a-8d33-fe3f103add9a,0.0
atk-ea3d2d24,7,1,0,0,8,6872.0,3.6670547147846335,72.66666666666667,7.0,7.0,6436.0,1,0,0,-1.0,0,-1.0,2,1,2018.3471428571431,3384.06,1408.44,645.8867877071754,0.32000777962945826,1,-1.0,1,1,AUTHORIZED_PUSH_PAYMENT,advanced,9cb9bed9-fe71-463b-809d-526a8077ab40,0.0
atk-39e2f6ad,16,1,0,0,17,144312.0,0.39913520705138866,9294.0,14.0,16.0,4902.0,1,0,0,-1.0,0,-1.0,7,1,3444.3606250000003,8322.24,536.07,2864.838609397283,0.831747578521132,1,-1.0,1,1,AUTHORIZED_PUSH_PAYMENT,advanced,0514f0ad-c6f6-4730-8071-9d027367ef9c,0.0
atk-4328af52,13,1,0,0,14,6426.0,7.282913165266106,455.6666666666667,6.0,13.0,958.0,1,0,0,-1.0,0,-1.0,6,1,3868.4038461538457,6662.73,2123.45,1211.9357008492236,0.3132908943967132,1,-1.0,1,1,AUTHORIZED_PUSH_PAYMENT,advanced,259fc45e-741c-4a4a-8d33-fe3f103add9a,0.0
atk-cc5adbad,15,1,0,0,16,89981.0,0.6001266934130539,6368.214285714285,9.0,15.0,826.0,1,0,0,-1.0,0,-1.0,8,1,4243.868,11906.16,906.82,3746.240879854898,0.8827420833670835,1,-1.0,1,1,AUTHORIZED_PUSH_PAYMENT,advanced,a4ae34e8-722e-44d5-bfc1-918c65cdc5cd,0.0
atk-53e29b08,8,1,0,0,9,7532.0,3.823685608072225,68.85714285714286,16.0,8.0,7050.0,1,0,0,-1.0,0,-1.0,4,1,5656.227499999999,7737.0,3426.36,1409.13193400006,0.24912928873530285,1,-1.0,1,1,AUTHORIZED_PUSH_PAYMENT,advanced,0503245b-3e08-42ba-9f76-1f2537c61cdd,0.0
atk-124853c8,0,1,0,1,2,420.0,0.0,420.0,420.0,0.0,-1.0,1,0,0,-1.0,0,-1.0,0,0,0.0,0.0,0.0,0.0,0.0,0,0.0,0,1,AUTHORIZED_PUSH_PAYMENT,advanced,b56b42e3-4b67-4eee-a294-17aa8de74cbb,0.0
atk-1c507f0b,38,1,0,0,39,9240.0,14.805194805194803,234.21621621621622,13.0,38.0,574.0,1,0,0,-1.0,0,-1.0,19,1,1903.073947368421,6155.8,112.16,1745.7472630857137,0.917330230651174,1,-1.0,1,1,AUTHORIZED_PUSH_PAYMENT,advanced,f777751c-882f-4233-a7ef-03edb93bbaa7,0.0
atk-c8743e46,5,1,0,0,6,144977.0,0.12415762500258663,155.5,21.0,5.0,144355.0,1,0,0,-1.0,0,-1.0,4,0,14525.65,18040.95,11555.25,2684.468049122582,0.18480880711861997,1,-1.0,1,1,AUTHORIZED_PUSH_PAYMENT,advanced,a4ae34e8-722e-44d5-bfc1-918c65cdc5cd,0.0
atk-d3b454db,8,1,0,1,10,128332.0,0.22441791603029643,153.28571428571428,19.0,8.0,127259.0,1,0,0,-1.0,1,126779.0,4,1,2664.7025,3670.88,1922.63,589.3810242056916,0.22118079755833592,1,-1.0,1,1,AUTHORIZED_PUSH_PAYMENT,advanced,16ba6cb3-05ca-4736-ac25-21368e9e41cf,19.779422739748824
atk-a8434c71,11,1,0,1,13,8459.0,4.6814044213263974,115.7,32.0,11.0,7302.0,1,0,0,-1.0,1,7182.0,5,1,2829.4863636363634,3890.1,1917.69,629.0887936498851,0.222333212746571,1,-1.0,1,1,AUTHORIZED_PUSH_PAYMENT,advanced,762dcbcf-de99-45a4-ad6b-cc051bf8bdfa,-0.4813491084356405
atk-b3ef3d72,5,1,0,0,6,2868.0,6.276150627615063,65.25,6.0,5.0,2607.0,1,0,0,-1.0,0,-1.0,2,1,3672.0339999999997,4561.52,2850.03,667.8683780686132,0.1818796825052854,1,-1.0,1,1,AUTHORIZED_PUSH_PAYMENT,advanced,0503245b-3e08-42ba-9f76-1f2537c61cdd,0.0
atk-8e58f580,12,1,0,0,13,7697.0,5.612576328439652,620.0,9.0,12.0,877.0,1,0,0,-1.0,0,-1.0,6,1,6238.594166666667,11760.38,2067.61,3519.221027046701,0.5641048180133587,1,1.0,1,1,AUTHORIZED_PUSH_PAYMENT,advanced,92ecfbad-d07a-4a47-8dc1-f3c65f4e3c66,0.0
atk-50fb4b50,10,1,0,0,11,1218.0,29.55665024630542,125.33333333333333,7.0,10.0,90.0,1,0,0,-1.0,0,-1.0,5,1,3464.432,4819.22,2269.41,823.9123744039775,0.2378203337239633,1,-1.0,1,1,AUTHORIZED_PUSH_PAYMENT,advanced,96a5d6dd-535b-4bf8-b9be-b86cff14b33c,0.0
atk-1aa22490,17,1,0,0,18,10014.0,6.111443978430198,584.9375,10.0,17.0,655.0,1,0,0,-1.0,0,-1.0,8,1,2896.309411764706,5130.88,1304.8,1161.1981411986428,0.4009233738915798,1,-1.0,1,1,AUTHORIZED_PUSH_PAYMENT,advanced,d6d3d3f8-a8e7-4841-bc66-c08d12894506,0.0
atk-b4fc6f8f,16,1,0,0,17,3753.0,15.347721822541967,107.06666666666666,5.0,16.0,2147.0,1,0,0,-1.0,0,-1.0,9,1,5923.511875,14406.06,853.56,5018.522116906304,0.8472207404676309,1,-1.0,1,1,AUTHORIZED_PUSH_PAYMENT,advanced,d6d3d3f8-a8e7-4841-bc66-c08d12894506,0.0
atk-0538196b,8,1,0,0,9,1478.0,19.485791610284167,122.0,18.0,8.0,624.0,1,0,0,-1.0,0,-1.0,3,1,3354.4225,4616.85,2385.55,673.1864595665529,0.20068624616206004,1,-1.0,1,1,AUTHORIZED_PUSH_PAYMENT,advanced,c082482e-6a21-4dff-8bab-be7c23762912,0.0
atk-88795dc4,8,1,0,0,9,4982.0,5.780810919309514,119.85714285714286,16.0,8.0,4143.0,1,0,0,-1.0,0,-1.0,4,1,5179.32,7165.34,3621.33,1161.9874341725904,0.2243513500174908,1,-1.0,1,1,AUTHORIZED_PUSH_PAYMENT,advanced,0bb8c9eb-2997-4cdf-aa71-f13d5e5c8bd1,0.0
atk-d0a3072f,6,1,0,0,7,4650.0,4.64516129032258,101.2,7.0,6.0,4144.0,1,0,0,-1.0,0,-1.0,3,1,2985.155,4269.66,2068.17,732.1514402487597,0.245264128746668,1,-1.0,1,1,AUTHORIZED_PUSH_PAYMENT,advanced,a3a87881-f8d0-4902-8849-8c3000a8d72c,0.0
atk-3e06cf74,12,1,0,0,13,9482.0,4.55600084370386,356.09090909090907,12.0,12.0,5565.0,1,0,0,-1.0,0,-1.0,8,1,7541.163333333334,17178.88,1062.94,6240.054032104921,0.8274657047305594,1,-1.0,1,1,AUTHORIZED_PUSH_PAYMENT,advanced,16ba6cb3-05ca-4736-ac25-21368e9e41cf,0.0
atk-95a4f057,12,1,0,0,13,92420.0,0.4674312919281541,8303.818181818182,8.0,12.0,1078.0,1,0,0,-1.0,0,-1.0,6,1,4482.815833333333,8653.83,1919.8,1994.49717630559,0.44492061473391414,1,-1.0,1,1,AUTHORIZED_PUSH_PAYMENT,advanced,a4ae34e8-722e-44d5-bfc1-918c65cdc5cd,0.0
atk-af8583a8,18,1,0,0,19,181554.0,0.3569186027297664,10660.058823529413,15.0,18.0,333.0,1,0,0,-1.0,0,-1.0,9,1,2831.204444444445,6331.23,729.73,2048.6761013727382,0.7236058509984223,1,-1.0,1,1,AUTHORIZED_PUSH_PAYMENT,advanced,1653a6b5-1036-48ad-aa9b-802b8609a3df,0.0
atk-1ffb0b05,8,1,0,0,9,7141.0,4.033048592634085,109.57142857142857,5.0,8.0,6374.0,1,0,0,-1.0,0,-1.0,4,1,3463.65625,4905.32,2266.38,830.4606179545406,0.23976415614411523,1,-1.0,1,1,AUTHORIZED_PUSH_PAYMENT,advanced,e9669dd5-9e35-4c39-901d-6ffb9e8ca7dd,0.0
atk-af328860,9,1,0,0,10,1240.0,26.129032258064516,103.25,20.0,9.0,414.0,1,0,0,-1.0,0,-1.0,4,1,3126.994444444445,4489.14,2152.58,741.5891677578649,0.23715717470346154,1,-1.0,1,1,AUTHORIZED_PUSH_PAYMENT,advanced,855f7663-6799-43eb-b79f-2cb8c3f0bf52,0.0
atk-20ef97e5,7,1,0,0,8,2737.0,9.207161125319692,107.16666666666667,7.0,7.0,2094.0,1,0,0,-1.0,0,-1.0,3,1,3587.655714285714,5048.12,2633.48,831.2423617154049,0.2316951312818213,1,-1.0,1,1,AUTHORIZED_PUSH_PAYMENT,advanced,3434ad30-f05c-4ce9-85b7-c46d84542c7f,0.0
atk-018301d3,9,1,0,0,10,8381.0,3.8658871256413314,112.625,13.0,9.0,7480.0,1,0,0,-1.0,0,-1.0,4,1,4180.222222222223,5440.58,3139.36,874.2064925376965,0.20912919124021231,1,-1.0,1,1,AUTHORIZED_PUSH_PAYMENT,advanced,a3a87881-f8d0-4902-8849-8c3000a8d72c,0.0
atk-68dcbb70,8,1,0,0,9,3363.0,8.56378233719893,113.57142857142857,25.0,8.0,2568.0,1,0,0,-1.0,0,-1.0,4,1,6167.69625,7835.64,4431.02,1291.5267838970424,0.20940181415338707,1,-1.0,1,1,AUTHORIZED_PUSH_PAYMENT,advanced,855f7663-6799-43eb-b79f-2cb8c3f0bf52,0.0
atk-38aedc1b,9,1,0,0,10,1364.0,23.75366568914956,103.25,21.0,9.0,538.0,1,0,0,-1.0,0,-1.0,4,1,4719.648888888889,6184.8,3187.97,1006.3980741949033,0.21323579314643296,1,-1.0,1,1,AUTHORIZED_PUSH_PAYMENT,advanced,9cb9bed9-fe71-463b-809d-526a8077ab40,0.0
atk-463cf4a5,13,1,0,0,14,2089.0,22.40306366682623,102.16666666666667,14.0,13.0,863.0,1,0,0,-1.0,0,-1.0,7,1,5194.988461538462,10685.64,868.03,3432.6078455260313,0.660753699635646,1,-1.0,1,1,AUTHORIZED_PUSH_PAYMENT,advanced,8d2b4595-90eb-457b-862c-c575a44e50c8,0.0
atk-89f12c3d,6,1,0,0,7,780.0,27.69230769230769,113.8,15.0,6.0,211.0,1,0,0,-1.0,0,-1.0,3,1,8875.210000000001,12703.28,6219.6,2171.3003947404422,0.24464777675575475,1,-1.0,1,1,AUTHORIZED_PUSH_PAYMENT,advanced,f08ca729-5847-4f8d-b5af-fdca2bb34649,0.0
atk-41739c1d,7,1,0,0,8,139949.0,0.18006559532401087,79.83333333333333,20.0,7.0,139470.0,1,0,0,-1.0,0,-1.0,3,1,1770.2128571428573,2480.74,1279.42,423.0448929812898,0.23897967483079344,1,-1.0,1,1,AUTHORIZED_PUSH_PAYMENT,advanced,a4ae34e8-722e-44d5-bfc1-918c65cdc5cd,0.0
atk-68fb8a9c,32,1,0,0,33,106315.0,1.083572402765367,3412.3548387096776,12.0,32.0,532.0,1,0,0,-1.0,0,-1.0,14,1,1483.390625,5039.88,378.49,1009.5885268481211,0.6805951917406253,1,-1.0,1,1,AUTHORIZED_PUSH_PAYMENT,advanced,1653a6b5-1036-48ad-aa9b-802b8609a3df,0.0
atk-b3d227ed,5,1,0,1,7,98824.0,0.1821419898000486,97.5,40.0,5.0,98434.0,1,0,0,-1.0,1,97954.0,2,1,4611.804,6886.6,3085.31,1269.5429946969107,0.2752812120152788,1,-1.0,1,1,AUTHORIZED_PUSH_PAYMENT,advanced,339dbdc6-5d4e-4ff3-b5f8-3a0922bcb11b,101.32149294091286
atk-8d299b55,5,1,0,0,6,1508.0,11.93633952254642,49.25,7.0,5.0,1311.0,1,0,0,-1.0,0,-1.0,2,1,5358.3859999999995,7686.36,3582.75,1322.0381712129192,0.24672320568412193,1,-1.0,1,1,AUTHORIZED_PUSH_PAYMENT,advanced,a4ae34e8-722e-44d5-bfc1-918c65cdc5cd,0.0
atk-aab26ab4,4,1,0,0,5,6444.0,2.2346368715083798,74.33333333333333,6.0,4.0,6221.0,1,0,0,-1.0,0,-1.0,1,1,4337.175,6013.78,2977.67,1091.6673960620972,0.25170010342264193,1,-1.0,1,1,AUTHORIZED_PUSH_PAYMENT,advanced,339dbdc6-5d4e-4ff3-b5f8-3a0922bcb11b,0.0
atk-4e80c882,10,1,0,0,11,1514.0,23.778071334214,125.44444444444444,6.0,10.0,385.0,1,0,0,-1.0,0,-1.0,6,1,6909.115000000001,9331.06,4723.74,1552.2525818838246,0.2246673534720184,1,-1.0,1,1,AUTHORIZED_PUSH_PAYMENT,advanced,75e060fd-752a-4bad-a05a-9a468d3ca04c,0.0
atk-a73c902e,28,1,0,0,29,19757.0,5.1019891683960115,594.7037037037037,14.0,28.0,3700.0,1,0,0,-1.0,0,-1.0,13,1,2042.050357142857,7324.83,156.88,2000.5052215957887,0.9796551855825945,1,-1.0,1,1,AUTHORIZED_PUSH_PAYMENT,advanced,0bb8c9eb-2997-4cdf-aa71-f13d5e5c8bd1,0.0
atk-8105f2e3,7,1,0,0,8,1744.0,14.449541284403669,92.16666666666667,15.0,7.0,1191.0,1,0,0,-1.0,0,-1.0,3,1,1570.0157142857145,2314.42,1047.2,383.5825289801081,0.24431763675347712,1,-1.0,1,1,AUTHORIZED_PUSH_PAYMENT,advanced,84fc8e5d-c282-45b2-973b-a15407b03728,0.0
atk-b53bb846,6,1,0,0,7,165177.0,0.13076881163842424,40.8,17.0,6.0,164973.0,1,0,0,-1.0,0,-1.0,3,1,4205.541666666667,5867.73,2520.2,1141.7340218342838,0.27148322673479247,1,-1.0,1,1,AUTHORIZED_PUSH_PAYMENT,advanced,b17a6899-624b-40e5-8d87-736f6f9750cb,0.0
atk-96936a5b,6,1,0,0,7,140787.0,0.15342325640861726,123.8,16.0,6.0,140168.0,1,0,0,-1.0,0,-1.0,3,1,4578.883333333334,6325.14,3316.3,1045.4709295921252,0.22832443053993332,1,-1.0,1,1,AUTHORIZED_PUSH_PAYMENT,advanced,bc42392e-9ebc-4b24-84ce-adb1994405df,0.0
atk-2fbc547f,13,1,0,0,14,13076.0,3.5790761700825944,489.8333333333333,9.0,13.0,7198.0,1,0,0,-1.0,0,-1.0,6,1,4419.820769230769,9455.54,1193.43,2921.7793584665055,0.6610628600161575,1,-1.0,1,1,AUTHORIZED_PUSH_PAYMENT,advanced,a1bcb03b-3f62-4d03-b0dc-e0003b9f1aef,0.0
atk-3ac749c6,6,1,0,0,7,8331.0,2.5927259632697157,113.6,12.0,6.0,7763.0,1,0,0,-1.0,0,-1.0,2,1,2065.89,2763.82,1562.08,402.03810366680426,0.1946077011200036,1,-1.0,1,1,AUTHORIZED_PUSH_PAYMENT,advanced,16ba6cb3-05ca-4736-ac25-21368e9e41cf,0.0
atk-e557a744,8,1,0,0,9,6938.0,4.151052176419718,72.0,16.0,8.0,6434.0,1,0,0,-1.0,0,-1.0,3,1,4183.15625,6587.04,2879.28,1090.313487407836,0.2606437393792871,1,-1.0,1,1,AUTHORIZED_PUSH_PAYMENT,advanced,42fec3c4-05a4-4a79-ade0-661be2827074,0.0
atk-e61b700c,1,1,0,0,2,540.0,6.666666666666667,540.0,540.0,1.0,540.0,1,0,0,-1.0,0,-1.0,0,0,20148.35,20148.35,20148.35,0.0,0.0,0,0.0,1,1,MULE_NETWORK,easy,05331eee-ce57-4f45-909e-3df063f28c40,0.0
atk-5e4700d9,2,1,0,0,3,660.0,10.90909090909091,300.0,300.0,2.0,360.0,1,0,0,-1.0,0,-1.0,0,0,2423.905,4589.46,258.35,2165.555,0.893415789810244,0,-1.0,1,1,MULE_NETWORK,easy,05b67d8f-8a98-44ae-9c92-a2ecbbb865af,0.0
atk-6e834495,0,1,0,0,1,1.0,0.0,1.0,1.0,0.0,-1.0,1,0,0,-1.0,0,-1.0,0,0,0.0,0.0,0.0,0.0,0.0,0,0.0,0,1,MULE_NETWORK,medium,3b72cceb-6c13-4d41-92ec-ca6647452a99,0.0
atk-0c5938ca,1,1,0,0,2,2460.0,1.4634146341463414,2460.0,2460.0,1.0,2460.0,1,0,0,-1.0,0,-1.0,0,0,11205.19,11205.19,11205.19,0.0,0.0,0,0.0,1,1,MULE_NETWORK,medium,05b67d8f-8a98-44ae-9c92-a2ecbbb865af,0.0
atk-e8555528,2,1,0,0,3,54061.0,0.1331828859991491,33.0,33.0,2.0,54028.0,1,0,0,-1.0,0,-1.0,0,0,2465.33,2895.99,2034.67,430.65999999999985,0.1746865531186494,0,-1.0,1,1,MULE_NETWORK,hard,70209039-9aad-406d-8a36-0052f3672fee,0.0
atk-92fd6b38,2,1,0,0,3,58193.0,0.12372622136683105,31.0,31.0,2.0,58162.0,1,0,0,-1.0,0,-1.0,0,0,1946.33,2333.37,1559.29,387.03999999999996,0.1988563090534493,0,-1.0,1,1,MULE_NETWORK,hard,3b72cceb-6c13-4d41-92ec-ca6647452a99,0.0
atk-03613ded,3,1,0,0,4,47337.0,0.2281513403891248,34.0,18.0,3.0,47269.0,1,0,0,-1.0,0,-1.0,0,0,1395.2533333333333,1424.76,1364.93,24.432320579283648,0.017511028281088963,0,1.0,1,1,MULE_NETWORK,hard,1a2c69b6-43f8-469f-9028-de2aef194316,0.0
atk-b0a09ce0,3,1,0,0,4,65386.0,0.16517297280763468,40.0,28.0,3.0,65306.0,1,0,0,-1.0,0,-1.0,0,0,642.41,700.22,531.56,78.40697290420034,0.12205129575224599,0,1.0,1,1,MULE_NETWORK,hard,34638909-d5bd-41fd-9881-ccf8dd7bea87,0.0
atk-8aa02b5f,11,1,0,0,12,282092.0,0.14037973427108888,19742.5,9.0,11.0,84667.0,1,0,0,-1.0,0,-1.0,0,0,1430.209090909091,3635.66,530.2,1015.6231959420468,0.7101221789161479,0,-1.0,1,1,MULE_NETWORK,hard,0aa81839-b228-48e8-a357-7a29a634fe26,0.0
atk-c1052f53,5,1,0,0,6,127131.0,0.14158623781768412,18603.25,5.0,5.0,52718.0,1,0,0,-1.0,0,-1.0,0,0,525.478,608.46,453.08,64.26978867243926,0.12230728721742731,0,-1.0,1,1,MULE_NETWORK,hard,6c69aebb-a0bf-4a86-8685-03cacbb0cb6f,0.0
atk-9eafcbee,3,1,0,0,4,85410.0,0.12644889357218123,33.0,26.0,3.0,85344.0,1,0,0,-1.0,0,-1.0,1,0,2628.66,2910.1,2275.9,263.7768208163863,0.1003464962438605,0,-1.0,1,1,MULE_NETWORK,hard,5ee45ec3-0e35-4ffb-be34-488817384317,0.0
atk-14cac68f,2,1,0,0,3,48704.0,0.1478318002628121,23.0,23.0,2.0,48681.0,1,0,0,-1.0,0,-1.0,0,0,83.635,100.01,67.26,16.375,0.19579123572666945,0,1.0,1,1,MULE_NETWORK,hard,1617be2b-2eae-4f7e-8fac-bf3ee8e33ee4,0.0
atk-85ebf300,1,1,0,0,2,120.0,30.0,120.0,120.0,1.0,120.0,1,0,0,-1.0,0,-1.0,0,0,22344.76,22344.76,22344.76,0.0,0.0,0,0.0,1,1,MULE_NETWORK,easy,1b3b1057-3f36-4f28-bdd9-94d07b6a0f42,0.0
atk-5ba1ff41,1,1,0,0,2,240.0,15.0,240.0,240.0,1.0,240.0,1,0,0,-1.0,0,-1.0,0,0,2615.37,2615.37,2615.37,0.0,0.0,0,0.0,1,1,MULE_NETWORK,easy,70209039-9aad-406d-8a36-0052f3672fee,0.0
atk-11336dad,2,1,0,0,3,6044.0,1.1912640635340834,45.0,45.0,2.0,5999.0,1,0,0,-1.0,0,-1.0,0,0,5666.145,5688.85,5643.44,22.705000000000382,0.004007133597887166,0,-1.0,1,1,MULE_NETWORK,medium,2817e109-1698-4e69-9354-8fc73126ad21,0.0
atk-76d50a89,2,1,0,0,3,6049.0,1.1902793850223177,44.0,44.0,2.0,6005.0,1,0,0,-1.0,0,-1.0,0,0,4726.1849999999995,5669.69,3782.68,943.5049999999999,0.19963353106152212,0,-1.0,1,1,MULE_NETWORK,medium,05b67d8f-8a98-44ae-9c92-a2ecbbb865af,0.0
atk-c5254ba2,2,1,0,0,3,2735.0,2.6325411334552102,38.0,38.0,2.0,2697.0,1,0,0,-1.0,0,-1.0,0,0,844.245,924.65,763.84,80.40499999999997,0.09523894130258394,0,1.0,1,1,MULE_NETWORK,medium,7ac9c3ea-9428-4d24-910d-c7531bbe5d54,0.0
atk-121219e5,2,1,0,0,3,3549.0,2.0287404902789516,27.0,27.0,2.0,3522.0,1,0,0,-1.0,0,-1.0,0,0,529.315,612.95,445.68,83.63500000000002,0.15800610222646252,0,1.0,1,1,MULE_NETWORK,medium,e8de4b0f-e6de-4d0d-a67b-45064b3eb39c,0.0
atk-087edf5b,2,1,0,0,3,5841.0,1.2326656394453004,8.0,8.0,2.0,5833.0,1,0,0,-1.0,0,-1.0,1,0,14003.215,16783.68,11222.75,2780.465,0.19855904519069373,0,1.0,1,1,MULE_NETWORK,medium,aa0dc330-e814-4833-a5d1-a722295a0ebe,0.0
atk-67ae4a0a,2,1,0,0,3,7005.0,1.0278372591006424,48.0,48.0,2.0,6957.0,1,0,0,-1.0,0,-1.0,0,0,3154.7,3452.68,2856.72,297.98,0.09445589120994073,0,-1.0,1,1,MULE_NETWORK,medium,9b27a876-bf02-482f-ba14-905a84045c9c,0.0
atk-3e6a9d90,1,1,0,0,2,300.0,12.0,300.0,300.0,1.0,300.0,1,0,0,-1.0,0,-1.0,1,0,36187.68,36187.68,36187.68,0.0,0.0,0,0.0,1,1,MULE_NETWORK,easy,7ac9c3ea-9428-4d24-910d-c7531bbe5d54,0.0
atk-8bad5b13,1,1,0,0,2,480.0,7.5,480.0,480.0,1.0,480.0,1,0,0,-1.0,0,-1.0,0,0,23289.56,23289.56,23289.56,0.0,0.0,0,0.0,1,1,MULE_NETWORK,easy,c8565a80-a8a8-4860-a974-22fce97e5384,0.0
atk-0d458e11,1,1,0,0,2,120.0,30.0,120.0,120.0,1.0,120.0,1,0,0,-1.0,0,-1.0,0,0,1466.38,1466.38,1466.38,0.0,0.0,0,0.0,1,1,MULE_NETWORK,easy,a2f594d2-1057-40df-8821-8e62327c4a13,0.0
atk-3511563a,0,1,0,0,1,1.0,0.0,1.0,1.0,0.0,-1.0,1,0,0,-1.0,0,-1.0,0,0,0.0,0.0,0.0,0.0,0.0,0,0.0,0,1,MULE_NETWORK,easy,70209039-9aad-406d-8a36-0052f3672fee,0.0
atk-843481eb,1,1,0,0,2,540.0,6.666666666666667,540.0,540.0,1.0,540.0,1,0,0,-1.0,0,-1.0,0,0,20081.88,20081.88,20081.88,0.0,0.0,0,0.0,1,1,MULE_NETWORK,easy,36c02f7c-5ec9-47dc-b8ee-05cd9dceecf2,0.0
atk-bedb35e4,1,1,0,0,2,180.0,20.0,180.0,180.0,1.0,180.0,1,0,0,-1.0,0,-1.0,0,0,4764.52,4764.52,4764.52,0.0,0.0,0,0.0,1,1,MULE_NETWORK,easy,c477c84b-54be-4032-a5a3-3d7a953866c2,0.0
atk-85448275,1,1,0,0,2,60.0,60.0,60.0,60.0,1.0,60.0,1,0,0,-1.0,0,-1.0,0,0,133.56,133.56,133.56,0.0,0.0,0,0.0,1,1,MULE_NETWORK,easy,1143e207-4638-405a-97eb-0e2efcbfdbc5,0.0
atk-129070ac,2,1,0,0,3,6949.0,1.0361203050798675,10.0,10.0,2.0,6939.0,1,0,0,-1.0,0,-1.0,1,0,16211.45,16271.22,16151.68,59.76999999999953,0.003686900308115531,0,-1.0,1,1,MULE_NETWORK,medium,6e149b07-7559-4c0e-8dbb-1cb464be22a3,0.0
atk-502996fa,1,1,0,0,2,2760.0,1.3043478260869565,2760.0,2760.0,1.0,2760.0,1,0,0,-1.0,0,-1.0,0,0,5788.62,5788.62,5788.62,0.0,0.0,0,0.0,1,1,MULE_NETWORK,medium,1b3b1057-3f36-4f28-bdd9-94d07b6a0f42,0.0
atk-195da29e,1,1,0,0,2,5640.0,0.6382978723404256,5640.0,5640.0,1.0,5640.0,1,0,0,-1.0,0,-1.0,0,0,1748.23,1748.23,1748.23,0.0,0.0,0,0.0,1,1,MULE_NETWORK,medium,ed5f8432-8b7b-47d6-adcb-377b08f2aeb0,0.0
atk-8ca78804,8,1,0,0,9,961.0,29.9687825182102,87.85714285714286,5.0,8.0,346.0,1,0,0,-1.0,0,-1.0,0,0,2843.0112500000005,4605.71,567.68,1741.3812878533918,0.6125129782210293,0,-1.0,1,1,MULE_NETWORK,advanced,ae631a3c-0ba1-4d2c-8acd-504db14a44a4,0.0
atk-bd6ab922,8,1,0,0,9,698.0,41.260744985673355,42.714285714285715,9.0,8.0,399.0,1,0,0,-1.0,0,-1.0,1,1,361.08124999999995,807.02,14.52,347.311240295988,0.9618645119235298,1,-1.0,1,1,MULE_NETWORK,advanced,544d3e5f-08b9-4772-816f-38711db4ab7c,0.0
atk-6e912a30,5,1,0,0,6,678.0,26.548672566371682,39.75,23.0,5.0,519.0,1,0,0,-1.0,0,-1.0,4,0,20.0,22.08,16.92,2.345676874592917,0.11728384372964584,1,1.0,1,1,MULE_NETWORK,advanced,2817e109-1698-4e69-9354-8fc73126ad21,0.0
atk-4dd5c116,4,1,0,0,5,129282.0,0.11138441546386968,21779.666666666668,28.0,4.0,63943.0,1,0,0,-1.0,0,-1.0,1,0,7327.095,14636.33,1416.34,5950.208661696243,0.8120829144014433,0,1.0,1,1,MULE_NETWORK,hard,95ba40c1-44b8-409b-b25a-7a49387a807b,0.0
atk-4141405c,13,1,0,0,14,377029.0,0.1241283826973522,25368.416666666668,7.0,13.0,72608.0,1,0,0,-1.0,0,-1.0,2,1,712.1253846153847,2101.78,181.28,624.2209876886598,0.876560506301567,1,-1.0,1,1,MULE_NETWORK,hard,6c69aebb-a0bf-4a86-8685-03cacbb0cb6f,0.0
atk-927674fe,1,1,0,0,2,4380.0,0.8219178082191781,4380.0,4380.0,1.0,4380.0,1,0,0,-1.0,0,-1.0,0,0,13765.98,13765.98,13765.98,0.0,0.0,0,0.0,1,1,MULE_NETWORK,medium,ed5f8432-8b7b-47d6-adcb-377b08f2aeb0,0.0
atk-08fc9520,2,1,0,0,3,2103.0,3.423680456490728,47.0,47.0,2.0,2056.0,1,0,0,-1.0,0,-1.0,0,0,2558.885,2641.08,2476.69,82.19499999999994,0.032121412255728544,0,1.0,1,1,MULE_NETWORK,medium,bf88ef9b-be4a-4640-8267-4e73c2aee8f6,0.0
atk-6262a964,2,1,0,0,3,5623.0,1.2804552729859506,10.0,10.0,2.0,5613.0,1,0,0,-1.0,0,-1.0,0,0,1499.85,1516.1,1483.6,16.25,0.010834416775010835,0,1.0,1,1,MULE_NETWORK,medium,e12a00cc-c960-45f7-bfb4-7c06e3dc9864,0.0
atk-bc5b19f5,0,1,0,0,1,1.0,0.0,1.0,1.0,0.0,-1.0,1,0,0,-1.0,0,-1.0,0,0,0.0,0.0,0.0,0.0,0.0,0,0.0,0,1,MULE_NETWORK,advanced,9a209815-62d0-4d01-a0f0-17df89b5bcb6,0.0
atk-5a090e35,6,1,0,0,7,1156.0,18.685121107266436,161.4,40.0,6.0,349.0,1,0,0,-1.0,0,-1.0,0,0,3891.2199999999993,8590.52,434.51,3504.9068185045944,0.9007218349269882,0,-1.0,1,1,MULE_NETWORK,advanced,36c02f7c-5ec9-47dc-b8ee-05cd9dceecf2,0.0
atk-10a08863,4,1,0,0,5,96650.0,0.14899120538023797,40.666666666666664,28.0,4.0,96528.0,1,0,0,-1.0,0,-1.0,2,0,617.5450000000001,684.24,550.64,47.257087034644876,0.07652411894622234,1,-1.0,1,1,MULE_NETWORK,advanced,6beaf2ca-51cb-4bd1-aba7-f94b4d25c4fc,0.0
atk-88d4e637,1,1,0,0,2,420.0,8.571428571428571,420.0,420.0,1.0,420.0,1,0,0,-1.0,0,-1.0,0,0,24851.8,24851.8,24851.8,0.0,0.0,0,0.0,1,1,MULE_NETWORK,easy,b3470bde-f104-47df-a39f-e58799530efc,0.0
atk-fcee203c,1,1,0,0,2,360.0,10.0,360.0,360.0,1.0,360.0,1,0,0,-1.0,0,-1.0,0,0,147.57,147.57,147.57,0.0,0.0,0,0.0,1,1,MULE_NETWORK,easy,aa0dc330-e814-4833-a5d1-a722295a0ebe,0.0
atk-07c03061,1,1,0,0,2,600.0,6.0,600.0,600.0,1.0,600.0,1,0,0,-1.0,0,-1.0,1,0,100.0,100.0,100.0,0.0,0.0,0,0.0,1,1,MULE_NETWORK,easy,3b72cceb-6c13-4d41-92ec-ca6647452a99,0.0
atk-e31832bf,2,1,0,0,3,660.0,10.90909090909091,480.0,480.0,2.0,180.0,1,0,0,-1.0,0,-1.0,2,0,100.0,100.0,100.0,0.0,0.0,0,0.0,1,1,MULE_NETWORK,easy,7ee590cc-640d-45b0-845a-af3c7ad7867e,0.0
atk-071dc75d,0,1,0,0,1,1.0,0.0,1.0,1.0,0.0,-1.0,1,0,0,-1.0,0,-1.0,0,0,0.0,0.0,0.0,0.0,0.0,0,0.0,0,1,MULE_NETWORK,easy,6e149b07-7559-4c0e-8dbb-1cb464be22a3,0.0
atk-dc9f87f5,1,1,0,0,2,540.0,6.666666666666667,540.0,540.0,1.0,540.0,1,0,0,-1.0,0,-1.0,0,0,23046.84,23046.84,23046.84,0.0,0.0,0,0.0,1,1,MULE_NETWORK,easy,fcc583ce-0666-47d7-8253-1c7663b1c438,0.0
atk-f8abdd41,1,1,0,0,2,540.0,6.666666666666667,540.0,540.0,1.0,540.0,1,0,0,-1.0,0,-1.0,0,0,1890.9,1890.9,1890.9,0.0,0.0,0,0.0,1,1,MULE_NETWORK,easy,3b72cceb-6c13-4d41-92ec-ca6647452a99,0.0
atk-bab3eafb,9,1,0,0,10,772.0,41.968911917098445,49.25,23.0,9.0,378.0,1,0,0,-1.0,0,-1.0,0,0,2354.2400000000002,4281.22,908.85,1335.6459143883242,0.5673363439531756,0,1.0,1,1,MULE_NETWORK,advanced,eec9718f-0a22-454f-af0d-5876b042c213,0.0
atk-4fbef709,5,1,0,0,6,477.0,37.73584905660377,29.75,6.0,5.0,358.0,1,0,0,-1.0,0,-1.0,0,0,299.078,356.98,217.4,47.02177682733821,0.15722245309697874,0,-1.0,1,1,MULE_NETWORK,advanced,12bb6a79-4552-41f7-ac98-13408cb287fc,0.0
atk-6eb9a586,3,1,0,0,4,410.0,26.34146341463415,22.5,18.0,3.0,365.0,1,0,0,-1.0,0,-1.0,0,0,155.79666666666668,182.4,128.68,21.934101810245664,0.1407867207914953,0,1.0,1,1,MULE_NETWORK,advanced,ae631a3c-0ba1-4d2c-8acd-504db14a44a4,0.0
atk-2694cc90,17,1,0,0,18,2175.0,28.13793103448276,97.0625,6.0,17.0,622.0,1,0,0,-1.0,0,-1.0,5,1,138.52588235294118,565.86,11.05,182.32953870134426,1.3162127943484132,1,-1.0,1,1,MULE_NETWORK,advanced,ef317658-715a-4b16-8d2e-61be597692f6,0.0
atk-a7d3a5a7,7,1,0,0,8,209314.0,0.12039328473011839,26066.5,7.0,7.0,52915.0,1,0,0,-1.0,0,-1.0,0,0,1941.8414285714287,2982.5,1383.28,483.55942463683,0.2490210670768181,0,-1.0,1,1,MULE_NETWORK,hard,95ba40c1-44b8-409b-b25a-7a49387a807b,0.0
atk-ed098198,13,1,0,0,14,320679.0,0.1459403328562207,20617.666666666668,5.0,13.0,73267.0,1,0,0,-1.0,0,-1.0,1,1,966.8284615384614,3337.72,82.9,1032.8324798030387,1.068268592506626,1,-1.0,1,1,MULE_NETWORK,hard,7ac9c3ea-9428-4d24-910d-c7531bbe5d54,0.0
atk-a7d15038,3,1,0,0,4,65760.0,0.1642335766423358,21.0,15.0,3.0,65718.0,1,0,0,-1.0,0,-1.0,1,0,1070.493333333333,1202.85,837.91,164.98351318305177,0.15411914119009162,0,-1.0,1,1,MULE_NETWORK,hard,05e6750f-a059-466d-b9b5-3067a48cdd52,0.0
atk-17f9c5de,1,1,0,0,2,600.0,6.0,600.0,600.0,1.0,600.0,1,0,0,-1.0,0,-1.0,0,0,22840.7,22840.7,22840.7,0.0,0.0,0,0.0,1,1,MULE_NETWORK,easy,5ee45ec3-0e35-4ffb-be34-488817384317,0.0
atk-0764b7f0,0,1,0,0,1,1.0,0.0,1.0,1.0,0.0,-1.0,1,0,0,-1.0,0,-1.0,0,0,0.0,0.0,0.0,0.0,0.0,0,0.0,0,1,MULE_NETWORK,easy,6e149b07-7559-4c0e-8dbb-1cb464be22a3,0.0
atk-8383f7e5,2,1,0,0,3,780.0,9.23076923076923,600.0,600.0,2.0,180.0,1,0,0,-1.0,0,-1.0,1,0,13440.275,20004.57,6875.98,6564.295,0.4884048131455644,0,-1.0,1,1,MULE_NETWORK,easy,1d669793-248c-4cbc-bac6-c88a98bcf3e6,0.0
atk-fdf73336,1,1,0,0,2,240.0,15.0,240.0,240.0,1.0,240.0,1,0,0,-1.0,0,-1.0,0,0,4676.32,4676.32,4676.32,0.0,0.0,0,0.0,1,1,MULE_NETWORK,easy,1143e207-4638-405a-97eb-0e2efcbfdbc5,0.0
atk-5f7345af,4,1,0,0,5,143265.0,0.10051303528426342,29.0,15.0,4.0,143178.0,1,0,0,-1.0,0,-1.0,0,0,1697.085,2010.54,1382.71,260.322686919523,0.15339401793046487,0,1.0,1,1,MULE_NETWORK,advanced,0b8715dd-31c7-432c-a4d6-240735aa13da,0.0
atk-ab5a608b,0,1,0,0,1,1.0,0.0,1.0,1.0,0.0,-1.0,1,0,0,-1.0,0,-1.0,0,0,0.0,0.0,0.0,0.0,0.0,0,0.0,0,1,MULE_NETWORK,advanced,95ba40c1-44b8-409b-b25a-7a49387a807b,0.0
atk-9c677248,4,1,0,0,5,371.0,38.81401617250674,14.666666666666666,6.0,4.0,327.0,1,0,0,-1.0,0,-1.0,0,0,3571.44,4224.96,2963.72,452.6133210589367,0.12673132435626433,0,-1.0,1,1,MULE_NETWORK,advanced,bf88ef9b-be4a-4640-8267-4e73c2aee8f6,0.0
atk-7b764ffc,3,1,0,0,4,145342.0,0.07430749542458477,49.0,45.0,3.0,145244.0,1,0,0,-1.0,0,-1.0,0,0,4300.826666666667,4776.19,3491.19,575.3898655308029,0.13378587655957683,0,1.0,1,1,MULE_NETWORK,advanced,36c02f7c-5ec9-47dc-b8ee-05cd9dceecf2,0.0
atk-aeee5690,5,1,0,0,6,661.0,27.23146747352496,39.0,16.0,5.0,505.0,1,0,0,-1.0,0,-1.0,0,0,1257.23,1414.66,1023.99,143.0544609580561,0.11378543381724593,0,-1.0,1,1,MULE_NETWORK,advanced,99d19a59-8053-4de4-a488-ca07a2e724f5,0.0
atk-16099c04,5,1,0,0,6,380.0,47.36842105263158,27.75,22.0,5.0,269.0,1,0,0,-1.0,0,-1.0,0,0,1005.8340000000001,1161.88,729.09,148.83349617609605,0.14797023780871996,0,-1.0,1,1,MULE_NETWORK,advanced,bf88ef9b-be4a-4640-8267-4e73c2aee8f6,0.0
atk-e5613afd,5,1,0,0,6,100853.0,0.178477586189801,12322.75,34.0,5.0,51562.0,1,0,0,-1.0,0,-1.0,1,0,5549.834,13750.51,1372.93,5082.972102699758,0.9158782231504146,0,1.0,1,1,MULE_NETWORK,hard,38280318-ceb8-4abd-a992-11ad0ab7efa8,0.0
atk-12a53098,2,1,0,0,3,71709.0,0.10040580680249342,37.0,37.0,2.0,71672.0,1,0,0,-1.0,0,-1.0,0,0,769.49,784.47,754.51,14.980000000000018,0.019467439472897658,0,1.0,1,1,MULE_NETWORK,hard,bf88ef9b-be4a-4640-8267-4e73c2aee8f6,0.0
atk-c9ce585e,3,1,0,0,4,46222.0,0.23365496949504566,16.5,10.0,3.0,46189.0,1,0,0,-1.0,0,-1.0,0,0,709.4333333333334,850.94,559.26,119.23545035861704,0.16807139551559983,0,-1.0,1,1,MULE_NETWORK,hard,ed5f8432-8b7b-47d6-adcb-377b08f2aeb0,0.0
atk-2ca389ac,1,1,0,0,2,360.0,10.0,360.0,360.0,1.0,360.0,1,0,0,-1.0,0,-1.0,0,0,21538.46,21538.46,21538.46,0.0,0.0,0,0.0,1,1,MULE_NETWORK,easy,9a209815-62d0-4d01-a0f0-17df89b5bcb6,0.0
atk-d101c293,2,1,0,0,3,360.0,20.0,60.0,60.0,2.0,300.0,1,0,0,-1.0,0,-1.0,0,0,1713.975,3159.16,268.79,1445.185,0.8431774092387578,0,-1.0,1,1,MULE_NETWORK,easy,a2f594d2-1057-40df-8821-8e62327c4a13,0.0
atk-7ddf88bd,2,1,0,0,3,4674.0,1.5404364569961488,21.0,21.0,2.0,4653.0,1,0,0,-1.0,0,-1.0,0,0,7437.62,8487.92,6387.32,1050.3000000000002,0.14121452830340891,0,1.0,1,1,MULE_NETWORK,medium,63f658c2-3b97-4cde-b5e5-b0a240494c1b,0.0
atk-ffc1c71f,2,1,0,0,3,5040.0,1.4285714285714286,1920.0,1920.0,2.0,3120.0,1,0,0,-1.0,0,-1.0,0,0,4320.495,6846.9,1794.09,2526.4049999999997,0.5847489697361066,0,-1.0,1,1,MULE_NETWORK,medium,b575ddfd-2001-4f40-bd67-cf26de6aeb97,0.0
atk-b6ddddef,2,1,0,0,3,3356.0,2.1454112038140645,30.0,30.0,2.0,3326.0,1,0,0,-1.0,0,-1.0,0,0,349.64,400.53,298.75,50.889999999999986,0.1455497082713648,0,1.0,1,1,MULE_NETWORK,medium,5babe877-a3bd-47d7-bdcc-c3cdc1e4c08e,0.0
atk-dff67272,0,1,0,0,1,1.0,0.0,1.0,1.0,0.0,-1.0,1,0,0,-1.0,0,-1.0,0,0,0.0,0.0,0.0,0.0,0.0,0,0.0,0,1,MULE_NETWORK,advanced,649f532f-8ff3-4f58-bce2-2ac045e2b67a,0.0
atk-2d1dbbfa,11,1,0,0,12,1251.0,31.654676258992808,61.0,10.0,11.0,641.0,1,0,0,-1.0,0,-1.0,0,0,2130.8754545454544,3059.74,1424.96,543.6408034783735,0.2551255646212039,0,1.0,1,1,MULE_NETWORK,advanced,cb083d75-9d90-4ecd-84d9-632a14abe1d4,0.0
atk-28781b01,1,1,0,0,2,180.0,20.0,180.0,180.0,1.0,180.0,1,0,0,-1.0,0,-1.0,0,0,21468.82,21468.82,21468.82,0.0,0.0,0,0.0,1,1,MULE_NETWORK,easy,1b3b1057-3f36-4f28-bdd9-94d07b6a0f42,0.0
atk-54341264,1,1,0,0,2,540.0,6.666666666666667,540.0,540.0,1.0,540.0,1,0,0,-1.0,0,-1.0,0,0,3336.42,3336.42,3336.42,0.0,0.0,0,0.0,1,1,MULE_NETWORK,easy,1143e207-4638-405a-97eb-0e2efcbfdbc5,0.0
atk-819dc886,1,1,0,0,2,600.0,6.0,600.0,600.0,1.0,600.0,1,0,0,-1.0,0,-1.0,0,0,169.66,169.66,169.66,0.0,0.0,0,0.0,1,1,MULE_NETWORK,easy,0f381c7e-0f06-4648-8120-81ec99e6eb51,0.0
atk-0ae0cd89,2,1,0,0,3,3847.0,1.871588250584871,31.0,31.0,2.0,3816.0,1,0,0,-1.0,0,-1.0,0,0,8703.815,9508.67,7898.96,804.855,0.09247151967269525,0,1.0,1,1,MULE_NETWORK,medium,54ec291a-653e-4ff9-8a27-4880819dc94b,0.0
atk-caca9f15,2,1,0,0,3,4784.0,1.5050167224080269,22.0,22.0,2.0,4762.0,1,0,0,-1.0,0,-1.0,0,0,2115.59,2171.44,2059.74,55.850000000000136,0.026399255054145716,0,1.0,1,1,MULE_NETWORK,medium,da174a45-5efc-4094-9b00-06a73759fe3f,0.0
atk-bba573af,2,1,0,0,3,7129.0,1.0099593210829008,49.0,49.0,2.0,7080.0,1,0,0,-1.0,0,-1.0,0,0,1172.3600000000001,1185.76,1158.96,13.399999999999977,0.011429936197072551,0,1.0,1,1,MULE_NETWORK,medium,1143e207-4638-405a-97eb-0e2efcbfdbc5,0.0
atk-4bab58f2,1,1,0,0,2,1800.0,2.0,1800.0,1800.0,1.0,1800.0,1,0,0,-1.0,0,-1.0,1,0,1459.1,1459.1,1459.1,0.0,0.0,0,0.0,1,1,MULE_NETWORK,medium,b3470bde-f104-47df-a39f-e58799530efc,0.0
atk-ee104192,3,1,0,0,4,212.0,50.943396226415096,41.5,35.0,3.0,129.0,1,0,0,-1.0,0,-1.0,0,0,3215.1200000000003,3652.37,2815.52,342.6782966573751,0.1065833613231777,0,1.0,1,1,MULE_NETWORK,advanced,2bae1001-7099-4917-8bc8-25eefe5d74bc,0.0
atk-17e8ceb6,0,1,0,0,1,1.0,0.0,1.0,1.0,0.0,-1.0,1,0,0,-1.0,0,-1.0,0,0,0.0,0.0,0.0,0.0,0.0,0,0.0,0,1,MULE_NETWORK,advanced,ef317658-715a-4b16-8d2e-61be597692f6,0.0
atk-1f0deb2f,0,1,0,0,1,1.0,0.0,1.0,1.0,0.0,-1.0,1,0,0,-1.0,0,-1.0,0,0,0.0,0.0,0.0,0.0,0.0,0,0.0,0,1,MULE_NETWORK,advanced,776037e9-2251-4906-aed6-6ee1c553157d,0.0
atk-13d102db,7,1,0,0,8,1425.0,17.68421052631579,137.83333333333334,16.0,7.0,598.0,1,0,0,-1.0,0,-1.0,0,0,1581.8014285714287,2673.78,890.22,641.7291099928731,0.4056951134330669,0,1.0,1,1,MULE_NETWORK,advanced,b3470bde-f104-47df-a39f-e58799530efc,0.0
atk-f3a11fa8,4,1,0,0,5,203.0,70.935960591133,37.666666666666664,32.0,4.0,90.0,1,0,0,-1.0,0,-1.0,2,0,8467.41,8633.88,8115.76,210.52827921683078,0.02486336190367902,0,1.0,1,1,MULE_NETWORK,advanced,b3470bde-f104-47df-a39f-e58799530efc,0.0
atk-e39bd909,8,1,0,0,9,1250.0,23.04,95.71428571428571,12.0,8.0,580.0,1,0,0,-1.0,0,-1.0,0,0,896.2449999999999,1366.35,594.2,341.81147044094354,0.38138173204976716,0,-1.0,1,1,MULE_NETWORK,advanced,9a209815-62d0-4d01-a0f0-17df89b5bcb6,0.0
atk-9ba27de2,0,1,0,0,1,1.0,0.0,1.0,1.0,0.0,-1.0,1,0,0,-1.0,0,-1.0,0,0,0.0,0.0,0.0,0.0,0.0,0,0.0,0,1,MULE_NETWORK,medium,da174a45-5efc-4094-9b00-06a73759fe3f,0.0
atk-2cd8b43f,2,1,0,0,3,2005.0,3.591022443890274,51.0,51.0,2.0,1954.0,1,0,0,-1.0,0,-1.0,0,0,5842.6,6255.91,5429.29,413.30999999999995,0.07074076609728544,0,1.0,1,1,MULE_NETWORK,medium,b3470bde-f104-47df-a39f-e58799530efc,0.0
atk-352faf37,2,1,0,0,3,7440.0,0.9677419354838709,3840.0,3840.0,2.0,3600.0,1,0,0,-1.0,0,-1.0,0,0,5667.705,6834.2,4501.21,1166.495,0.20581434637123844,0,-1.0,1,1,MULE_NETWORK,medium,c4d3eee3-bd07-4daa-ba13-a80f48124425,0.0
atk-c825ffcb,2,1,0,0,3,1889.0,3.8115404976177873,56.0,56.0,2.0,1833.0,1,0,0,-1.0,0,-1.0,0,0,677.7850000000001,807.19,548.38,129.40500000000003,0.19092337540665552,0,-1.0,1,1,MULE_NETWORK,medium,34638909-d5bd-41fd-9881-ccf8dd7bea87,0.0
atk-83509cd1,1,1,0,0,2,300.0,12.0,300.0,300.0,1.0,300.0,1,0,0,-1.0,0,-1.0,0,0,23536.04,23536.04,23536.04,0.0,0.0,0,0.0,1,1,MULE_NETWORK,easy,c8565a80-a8a8-4860-a974-22fce97e5384,0.0
atk-5a84ac5f,1,1,0,0,2,300.0,12.0,300.0,300.0,1.0,300.0,1,0,0,-1.0,0,-1.0,0,0,1417.44,1417.44,1417.44,0.0,0.0,0,0.0,1,1,MULE_NETWORK,easy,a2f594d2-1057-40df-8821-8e62327c4a13,0.0
atk-a0f57b5a,2,1,0,0,3,420.0,17.142857142857142,300.0,300.0,2.0,120.0,1,0,0,-1.0,0,-1.0,2,0,100.0,100.0,100.0,0.0,0.0,0,0.0,1,1,MULE_NETWORK,easy,1b3b1057-3f36-4f28-bdd9-94d07b6a0f42,0.0
atk-4e3f16e2,0,1,0,0,1,1.0,0.0,1.0,1.0,0.0,-1.0,1,0,0,-1.0,0,-1.0,0,0,0.0,0.0,0.0,0.0,0.0,0,0.0,0,1,MULE_NETWORK,advanced,b575ddfd-2001-4f40-bd67-cf26de6aeb97,0.0
atk-195b5856,0,1,0,0,1,1.0,0.0,1.0,1.0,0.0,-1.0,1,0,0,-1.0,0,-1.0,0,0,0.0,0.0,0.0,0.0,0.0,0,0.0,0,1,MULE_NETWORK,advanced,1143e207-4638-405a-97eb-0e2efcbfdbc5,0.0
atk-45f66b5b,0,1,0,0,1,1.0,0.0,1.0,1.0,0.0,-1.0,1,0,0,-1.0,0,-1.0,0,0,0.0,0.0,0.0,0.0,0.0,0,0.0,0,1,MULE_NETWORK,advanced,c4d3eee3-bd07-4daa-ba13-a80f48124425,0.0
atk-19638d58,0,1,0,0,1,1.0,0.0,1.0,1.0,0.0,-1.0,1,0,0,-1.0,0,-1.0,0,0,0.0,0.0,0.0,0.0,0.0,0,0.0,0,1,MULE_NETWORK,advanced,7ac9c3ea-9428-4d24-910d-c7531bbe5d54,0.0
atk-67abcbe0,5,1,0,0,6,496.0,36.29032258064516,40.25,31.0,5.0,335.0,1,0,0,-1.0,0,-1.0,0,0,4236.944,5180.34,3578.13,628.9579478025539,0.14844613188244968,0,1.0,1,1,MULE_NETWORK,advanced,a2f594d2-1057-40df-8821-8e62327c4a13,0.0
atk-4dfe4900,2,1,0,0,3,84837.0,0.08486863043247639,51.0,51.0,2.0,84786.0,1,0,0,-1.0,0,-1.0,0,0,1714.0700000000002,1928.01,1500.13,213.93999999999994,0.12481403909992003,0,1.0,1,1,MULE_NETWORK,hard,ed5f8432-8b7b-47d6-adcb-377b08f2aeb0,0.0
atk-c88a60ae,0,1,0,0,1,1.0,0.0,1.0,1.0,0.0,-1.0,1,0,0,-1.0,0,-1.0,0,0,0.0,0.0,0.0,0.0,0.0,0,0.0,0,1,MULE_NETWORK,hard,fc286db5-4cb9-43c6-bc10-a403e81f8145,0.0
atk-75e2b03d,4,1,0,0,5,137189.0,0.10496468375744412,26023.666666666668,12.0,4.0,59118.0,1,0,0,-1.0,0,-1.0,1,1,6441.057500000001,12787.18,578.93,5771.829944655226,0.8960997390032965,1,-1.0,1,1,MULE_NETWORK,hard,a2f594d2-1057-40df-8821-8e62327c4a13,0.0
atk-41c1fc63,0,1,0,0,1,1.0,0.0,1.0,1.0,0.0,-1.0,1,0,0,-1.0,0,-1.0,0,0,0.0,0.0,0.0,0.0,0.0,0,0.0,0,1,MULE_NETWORK,advanced,38280318-ceb8-4abd-a992-11ad0ab7efa8,0.0
atk-b26e8ee0,8,1,0,0,9,984.0,29.26829268292683,63.57142857142857,5.0,8.0,539.0,1,0,0,-1.0,0,-1.0,0,0,2357.0,5230.09,427.0,1874.8745106006427,0.7954495165891569,0,-1.0,1,1,MULE_NETWORK,advanced,3b72cceb-6c13-4d41-92ec-ca6647452a99,0.0
atk-e70a6489,2,1,0,0,3,68491.0,0.10512330087164737,9.0,9.0,2.0,68482.0,1,0,0,-1.0,0,-1.0,0,0,2148.365,2170.04,2126.69,21.674999999999955,0.010089067732903838,0,-1.0,1,1,MULE_NETWORK,hard,ae631a3c-0ba1-4d2c-8acd-504db14a44a4,0.0
atk-2bb1c0c7,3,1,0,0,4,71763.0,0.1504953806279002,44.0,38.0,3.0,71675.0,1,0,0,-1.0,0,-1.0,0,0,1241.51,1352.55,1036.21,145.3305648054347,0.11705952010490024,0,1.0,1,1,MULE_NETWORK,hard,7ac9c3ea-9428-4d24-910d-c7531bbe5d54,0.0
atk-8c5e71e2,2,1,0,0,3,2098.0,3.431839847473785,8.0,8.0,2.0,2090.0,1,0,0,-1.0,0,-1.0,0,0,8404.665,8475.77,8333.56,71.10500000000047,0.008460182529583329,0,1.0,1,1,MULE_NETWORK,medium,2bae1001-7099-4917-8bc8-25eefe5d74bc,0.0
atk-f387b3d4,2,1,0,0,3,4407.0,1.6337644656228727,39.0,39.0,2.0,4368.0,1,0,0,-1.0,0,-1.0,0,0,2617.38,3015.21,2219.55,397.8299999999999,0.151995506957339,0,1.0,1,1,MULE_NETWORK,medium,7ac9c3ea-9428-4d24-910d-c7531bbe5d54,0.0
atk-e97e1d21,4,1,0,0,5,90255.0,0.15954794748213397,37.666666666666664,21.0,4.0,90142.0,1,0,0,-1.0,0,-1.0,0,0,2362.9725,2887.34,1962.29,353.53499497044146,0.14961451941164847,0,-1.0,1,1,MULE_NETWORK,advanced,76c07c95-4fde-466e-ada4-8f78a2ef2735,0.0
atk-868be544,9,1,0,0,10,1008.0,32.14285714285714,72.875,11.0,9.0,425.0,1,0,0,-1.0,0,-1.0,0,0,1049.951111111111,1466.42,688.01,230.4486724459457,0.2194851455531804,0,1.0,1,1,MULE_NETWORK,advanced,0aa81839-b228-48e8-a357-7a29a634fe26,0.0
atk-e685abde,14,1,0,0,15,2242.0,22.47992863514719,130.92307692307693,5.0,14.0,540.0,1,0,0,-1.0,0,-1.0,2,1,2570.7707142857143,10705.15,10.72,4004.7614041118322,1.5578057513482102,1,-1.0,1,1,MULE_NETWORK,advanced,99d19a59-8053-4de4-a488-ca07a2e724f5,0.0
atk-3186ba4c,5,1,0,0,6,153976.0,0.11690133527302957,35.5,9.0,5.0,153834.0,1,0,0,-1.0,0,-1.0,2,0,14.148,16.73,12.39,1.6538730301930675,0.1168980089194987,0,1.0,1,1,MULE_NETWORK,advanced,63f658c2-3b97-4cde-b5e5-b0a240494c1b,0.0
atk-40bb9ba8,5,1,0,0,6,592.0,30.405405405405403,36.25,21.0,5.0,447.0,1,0,0,-1.0,0,-1.0,5,0,20.0,23.23,16.17,2.867375106260079,0.14336875531300394,1,-1.0,1,1,MULE_NETWORK,advanced,34638909-d5bd-41fd-9881-ccf8dd7bea87,0.0
atk-49aea591,3,1,0,0,4,72760.0,0.148433205057724,35.5,27.0,3.0,72689.0,1,0,0,-1.0,0,-1.0,1,0,10284.596666666666,12198.21,8950.77,1387.7033959107475,0.13493026910898928,0,1.0,1,1,MULE_NETWORK,hard,76c07c95-4fde-466e-ada4-8f78a2ef2735,0.0
atk-0da17674,5,1,0,0,6,131508.0,0.13687380235422938,17138.75,20.0,5.0,62953.0,1,0,0,-1.0,0,-1.0,0,0,526.044,640.18,405.64,87.03747712336335,0.16545664834759707,0,-1.0,1,1,MULE_NETWORK,hard,037ea1ce-bc36-4151-aeb0-06fc00d302ac,0.0
atk-d62ddab4,2,1,0,0,3,55264.0,0.13028372900984367,39.0,39.0,2.0,55225.0,1,0,0,-1.0,0,-1.0,1,0,2565.75,2868.37,2263.13,302.6199999999999,0.11794601968235405,0,1.0,1,1,MULE_NETWORK,hard,05331eee-ce57-4f45-909e-3df063f28c40,0.0
atk-05487b2e,1,1,0,0,2,360.0,10.0,360.0,360.0,1.0,360.0,1,0,0,-1.0,0,-1.0,0,0,22333.54,22333.54,22333.54,0.0,0.0,0,0.0,1,1,MULE_NETWORK,easy,23565200-7031-4a7f-8121-c2f2696c4788,0.0
atk-70e72730,1,1,0,0,2,180.0,20.0,180.0,180.0,1.0,180.0,1,0,0,-1.0,0,-1.0,0,0,2217.5,2217.5,2217.5,0.0,0.0,0,0.0,1,1,MULE_NETWORK,easy,b3470bde-f104-47df-a39f-e58799530efc,0.0
atk-206db6bc,1,1,0,0,2,420.0,8.571428571428571,420.0,420.0,1.0,420.0,1,0,0,-1.0,0,-1.0,0,0,359.59,359.59,359.59,0.0,0.0,0,0.0,1,1,MULE_NETWORK,easy,037ea1ce-bc36-4151-aeb0-06fc00d302ac,0.0
atk-84fe027b,2,1,0,0,3,960.0,7.5,600.0,600.0,2.0,360.0,1,0,0,-1.0,0,-1.0,1,0,90.325,100.0,80.65,9.674999999999997,0.10711320232493769,0,1.0,1,1,MULE_NETWORK,easy,3b72cceb-6c13-4d41-92ec-ca6647452a99,0.0
legit_sess_3b20481e-9df7-4ab0-be6d-8453331a0605,6,1,0,0,8,267946.0,0.08061325789524755,46568.6,1937.0,6.0,7394.0,1,0,0,-1.0,0,-1.0,6,0,2226.3433333333332,2691.04,1555.22,410.38258867657737,0.18433032431801208,1,-1.0,1,0,legitimate,n/a,127098ca-ae6b-447a-a421-fd8cf04af44a,0.0
legit_sess_edd9f6a1-5a23-4f2c-8f28-370b2cd0aeb2,0,1,0,0,2,49017.0,0.0,49017.0,49017.0,0.0,-1.0,1,0,0,-1.0,0,-1.0,0,0,0.0,0.0,0.0,0.0,0.0,0,0.0,0,0,legitimate,n/a,8600d020-b359-4eeb-b271-d359089a02d6,0.0
legit_sess_197f2a40-1779-4e6c-b9b3-9292e0569ed6,1,1,0,0,3,59431.0,0.060574447678820816,59431.0,59431.0,1.0,21991.0,1,0,0,-1.0,0,-1.0,1,0,1248.1,1248.1,1248.1,0.0,0.0,0,0.0,1,0,legitimate,n/a,8682ff67-a35a-447d-b647-1bab2f8c4faf,0.0
legit_sess_1139069f-d729-4e28-b894-28ae9d50e895,4,1,0,1,7,193771.0,0.07431452590944981,58892.666666666664,3912.0,4.0,10890.0,1,0,0,-1.0,1,164871.0,4,0,1569.0625,1973.29,1367.26,238.20352079419396,0.1518126402193628,1,-1.0,1,0,legitimate,n/a,f4237624-2ca8-41a9-a350-3592873b1cd3,7.517278826581185
legit_sess_304f76f6-08ea-4ab9-874e-9c98db194348,2,1,0,0,4,44293.0,0.16255390242250467,4803.0,4803.0,2.0,4206.0,1,0,0,-1.0,0,-1.0,2,0,219.19,220.52,217.86,1.3299999999999983,0.0060677950636434065,0,1.0,1,0,legitimate,n/a,80f6f496-26af-4c3d-86ef-b301040bb404,0.0
legit_sess_0288e870-2637-4002-91c8-37d0c6cb0405,3,1,0,0,5,136040.0,0.07938841517200823,848.0,172.0,3.0,83539.0,1,0,0,-1.0,0,-1.0,3,0,1674.43,1990.68,1382.39,248.92271103028477,0.1486611629212835,1,-1.0,1,0,legitimate,n/a,6d4fdbf8-03f9-473e-a07c-30a826da053e,0.0
legit_sess_6b00c5ed-aff7-4b5b-8637-d7af9b3cd422,2,1,0,0,4,78087.0,0.09220484843828038,12308.0,12308.0,2.0,35386.0,1,0,0,-1.0,0,-1.0,2,0,4486.135,5007.53,3964.74,521.395,0.11622365354586965,1,-1.0,1,0,legitimate,n/a,efadd5f7-92bd-4be0-9e70-e5f2c48489f5,0.0
legit_sess_2fbdb345-40c8-4488-b760-8e6af803f79e,0,1,0,0,2,114241.0,0.0,114241.0,114241.0,0.0,-1.0,1,0,0,-1.0,0,-1.0,0,0,0.0,0.0,0.0,0.0,0.0,0,0.0,0,0,legitimate,n/a,569908f6-c030-4b21-9315-8ce400721f84,0.0
legit_sess_f2636677-70b7-46f9-a69a-499bac3b9577,9,1,0,0,11,343984.0,0.0941904274617424,29668.625,3940.0,9.0,78467.0,1,0,0,-1.0,0,-1.0,9,0,2569.768888888889,3491.92,1972.8,561.2685390641541,0.21841206868483576,1,-1.0,1,0,legitimate,n/a,825d4b24-5fe8-4328-88c1-46f0c5d1fd2f,0.0
legit_sess_91ee1610-131b-4b0f-bbfe-cac61fee040f,3,1,0,0,4,388385.0,0.027807459093425337,124267.0,27367.0,3.0,139851.0,1,0,0,-1.0,0,-1.0,3,0,648.4766666666668,776.85,532.72,100.06414420538236,0.1543064682955167,1,-1.0,1,0,legitimate,n/a,ab4cc89d-8138-4966-b366-a3116edbbe94,0.0
legit_sess_8cb98806-5cb7-4e88-ba52-e66de6453eb6,3,1,0,0,5,88075.0,0.12262276468918534,25721.5,15789.0,3.0,32822.0,1,0,0,-1.0,0,-1.0,3,0,434.21999999999997,563.66,366.5,91.56067278040281,0.21086240334485473,1,1.0,1,0,legitimate,n/a,bb131b3d-7fe1-447e-ac48-6af27e8fad53,0.0
legit_sess_e94f7a57-e58a-4de0-9468-8989e5e19baa,4,1,0,0,6,59509.0,0.24198020467492315,10594.666666666666,717.0,4.0,15801.0,1,0,0,-1.0,0,-1.0,4,0,1295.3,1504.32,1116.62,137.94305038674477,0.10649505935825274,1,-1.0,1,0,legitimate,n/a,4ed25781-3a47-4e76-894b-cd53bb6f19c2,0.0
legit_sess_e4f2b0a4-906e-4e54-8146-a1a43e65b338,3,1,0,0,5,162089.0,0.06663006126263966,26748.5,2307.0,3.0,97454.0,1,0,0,-1.0,0,-1.0,3,0,485.9066666666667,512.87,434.51,36.35760565396034,0.07482425771882187,1,-1.0,1,0,legitimate,n/a,0a68253a-0a6f-4154-a837-6dcd8299ed6e,0.0
legit_sess_f390504c-a2fe-4eb9-a6b5-06c00af01eef,0,1,0,0,2,1097.0,0.0,1097.0,1097.0,0.0,-1.0,1,0,0,-1.0,0,-1.0,0,0,0.0,0.0,0.0,0.0,0.0,0,0.0,0,0,legitimate,n/a,66231401-b779-420f-911b-d314204a3970,0.0
legit_sess_df4863f4-fb7d-4793-a5d0-67c98ad8d892,1,1,0,0,3,4383.0,0.8213552361396304,4383.0,4383.0,1.0,2048.0,1,0,0,-1.0,0,-1.0,1,0,254.44,254.44,254.44,0.0,0.0,0,0.0,1,0,legitimate,n/a,4ffaaa98-c602-43de-8954-7528eb998e41,0.0
legit_sess_25772763-f4ad-4968-8758-1731f515d19d,2,1,0,0,4,89977.0,0.08002044967047134,55292.0,55292.0,2.0,33920.0,1,0,0,-1.0,0,-1.0,2,0,1280.08,1488.15,1072.01,208.07000000000005,0.16254452846697087,0,1.0,1,0,legitimate,n/a,6dae5de4-9ef2-4810-b33e-edbdb411ae27,0.0
legit_sess_c851ea9c-ca0a-4111-b37f-ad30328f8414,3,1,0,0,5,270229.0,0.03996610282390121,77707.5,39363.0,3.0,58393.0,1,0,0,-1.0,0,-1.0,3,0,1783.6633333333332,2231.96,1445.14,330.46337833748265,0.18527228326205955,0,1.0,1,0,legitimate,n/a,78351de5-095e-4942-bb8e-db5d7d44e2cd,0.0
legit_sess_56f2feca-9fa0-4aa6-a9d2-3bc4ebfecda3,4,1,0,0,6,158495.0,0.09085460109151708,30034.333333333332,434.0,4.0,60913.0,1,0,0,-1.0,0,-1.0,4,0,825.3275000000001,1257.12,306.59,346.4818413982903,0.4198113371943747,1,-1.0,1,0,legitimate,n/a,6b6bdbe2-aff4-4cd6-8757-b01ba642927a,0.0
legit_sess_aa4a52c0-7588-46ba-9688-d262218b6936,12,1,0,0,14,305101.0,0.1415924562685799,22703.454545454544,1332.0,12.0,49213.0,1,0,0,-1.0,0,-1.0,12,0,472.41666666666674,606.6,289.1,93.16391784853666,0.19720709369949543,1,1.0,1,0,legitimate,n/a,bee80626-10e8-4d01-86a7-4a63a8c7d9e0,0.0
legit_sess_b6f33321-6157-403c-ae18-d3acfb07222e,6,1,0,0,8,260893.0,0.08279256246813828,46819.6,11728.0,6.0,12655.0,1,0,0,-1.0,0,-1.0,6,0,2427.1,3026.67,1131.47,659.7751545791946,0.27183682360808975,1,-1.0,1,0,legitimate,n/a,4712c4e6-c22f-46a9-a5c0-ec1bcef9177e,0.0
legit_sess_41e3bd75-9b67-4cde-91fe-12230f5c41be,4,1,0,0,6,73941.0,0.19474986813811013,14097.666666666666,673.0,4.0,13177.0,1,0,0,-1.0,0,-1.0,4,0,2320.5924999999997,2727.73,2064.12,274.848680856849,0.11843901109602355,1,1.0,1,0,legitimate,n/a,450f002a-c83b-4269-aa5c-6817df0c92b9,0.0
legit_sess_cb438187-ece5-4e40-9323-a9afa30d581e,3,1,0,0,5,225636.0,0.047864702441099825,92362.0,14625.0,3.0,4203.0,1,0,0,-1.0,0,-1.0,3,0,231.83,271.34,210.84,27.955980874701318,0.1205882796648463,1,-1.0,1,0,legitimate,n/a,3da9fda0-5d87-4b11-9a67-2fe36259a335,0.0
legit_sess_c2426f9f-7ca7-4984-9ad7-2c4e950052a6,9,1,0,0,10,417959.0,0.07751956531621522,39146.125,3464.0,9.0,104790.0,1,0,0,-1.0,0,-1.0,9,0,161.10444444444445,202.17,120.61,25.86422072246227,0.16054318558158298,1,1.0,1,0,legitimate,n/a,1964fcd9-31ab-46f5-80c4-1cf17d0a97ad,0.0
legit_sess_7d4f1d02-85f9-41e1-a826-cc1b5a0cf74b,0,1,0,0,2,7312.0,0.0,7312.0,7312.0,0.0,-1.0,1,0,0,-1.0,0,-1.0,0,0,0.0,0.0,0.0,0.0,0.0,0,0.0,0,0,legitimate,n/a,a30eda12-616e-450d-a861-b69b6ef7c338,0.0
legit_sess_2e63dd80-d87b-4fc2-b11a-140c57145abb,5,1,0,0,7,48963.0,0.3676245328104895,5812.5,1182.0,5.0,20403.0,1,0,0,-1.0,0,-1.0,5,0,3273.464,4285.31,2502.84,574.6929835172864,0.1755611130952674,1,-1.0,1,0,legitimate,n/a,e1bcb3e5-de1e-40d6-aaad-976839ed92cc,0.0
legit_sess_6b275665-1e19-4d3f-a503-ab1ed7f55fb9,2,1,0,0,4,74905.0,0.09612175422201455,4750.0,4750.0,2.0,64109.0,1,0,0,-1.0,0,-1.0,2,0,386.055,403.11,369.0,17.055000000000007,0.0441776430819443,0,1.0,1,0,legitimate,n/a,0ce211a1-a00a-42dd-9ddb-fa5532f4371b,0.0
legit_sess_a2f48503-7410-4467-9dbe-81357dcb3c50,7,1,0,0,8,488615.0,0.05157434790172222,20444.833333333332,5989.0,7.0,365946.0,1,0,0,-1.0,0,-1.0,7,0,1845.3914285714286,2066.59,1656.39,155.54871496264636,0.08429036385145734,1,1.0,1,0,legitimate,n/a,70a64184-332c-4d14-b1df-cf152051579c,0.0
legit_sess_126f5616-7efa-4a21-8e60-63a467ea1d08,1,1,0,0,3,16930.0,0.21264028352037803,16930.0,16930.0,1.0,2071.0,1,0,0,-1.0,0,-1.0,1,0,37.42,37.42,37.42,0.0,0.0,0,0.0,1,0,legitimate,n/a,6f1b0a58-ddd6-4bd0-a4f6-d48b389fe420,0.0
legit_sess_9d735100-2af5-4522-9bd2-33ad84e3e9d4,5,1,0,0,7,90927.0,0.1979610016826685,19109.25,1634.0,5.0,13248.0,1,0,0,-1.0,0,-1.0,5,0,3053.598,4215.31,1962.71,856.3576782956991,0.2804421794537785,1,-1.0,1,0,legitimate,n/a,8d84353b-1c60-42bd-a547-20cfdfc9cb2b,0.0
legit_sess_5dfed1f4-7a2a-4a8c-85ea-d935314a8ec6,0,1,0,0,2,25998.0,0.0,25998.0,25998.0,0.0,-1.0,1,0,0,-1.0,0,-1.0,0,0,0.0,0.0,0.0,0.0,0.0,0,0.0,0,0,legitimate,n/a,8ebb7095-e8df-4bff-b183-1efbfb2cffcd,0.0
legit_sess_50f605f8-ca86-4c93-87ee-b08f443aadff,2,1,0,0,4,154764.0,0.04652244708071644,37226.0,37226.0,2.0,114941.0,1,0,0,-1.0,0,-1.0,2,0,2392.93,2784.43,2001.43,391.4999999999999,0.1636069588328952,1,-1.0,1,0,legitimate,n/a,cbbc6c94-19f4-4c75-a87d-d5121032888d,0.0
legit_sess_3f18c6f5-f969-4ee3-8489-aa5de301da1e,2,1,0,0,4,94504.0,0.0761872513332769,62075.0,62075.0,2.0,30570.0,1,0,0,-1.0,0,-1.0,2,0,3266.0,3364.4,3167.6,98.40000000000009,0.030128597672994518,1,-1.0,1,0,legitimate,n/a,b9cbf014-c844-404a-b258-60d34690a084,0.0
legit_sess_2e710275-37dc-4f76-abda-9a437bac6cbf,1,1,0,1,4,113805.0,0.03163305654408857,113805.0,113805.0,1.0,53648.0,1,0,0,-1.0,1,11911.0,1,0,3739.12,3739.12,3739.12,0.0,0.0,0,0.0,1,0,legitimate,n/a,e04665ee-7812-47b3-99c9-ad7976ed38b1,-0.7328459352858798
legit_sess_954be82d-9335-4c85-9900-dd20bc2fb2e4,9,1,0,0,11,262423.0,0.12346478776631621,23754.375,2185.0,9.0,29263.0,1,0,0,-1.0,0,-1.0,9,0,3400.6666666666665,4806.39,1942.12,786.3321775602642,0.23122883088421806,1,1.0,1,0,legitimate,n/a,0fbeb716-6651-43c4-a1c0-0cbe463c4650,0.0
legit_sess_f45c3760-ed18-4f3e-b8de-8c8310e5553d,6,1,0,1,9,118803.0,0.1818135905658948,19879.0,1462.0,6.0,18360.0,1,0,0,-1.0,1,9573.0,6,0,4656.025000000001,6267.34,2744.61,1091.9811249704212,0.2345307692657194,1,1.0,1,0,legitimate,n/a,9f48dca8-87bc-4060-b20e-47760f16649d,-0.5293928503448122
legit_sess_72bb3df4-fa60-42ff-a6e9-99c4f618825f,4,1,0,0,6,122524.0,0.11752799451536025,29271.333333333332,1029.0,4.0,1985.0,1,0,0,-1.0,0,-1.0,4,0,2083.845,2824.18,1833.39,427.4385466064098,0.20512012486840903,0,1.0,1,0,legitimate,n/a,66231401-b779-420f-911b-d314204a3970,0.0
legit_sess_f252a5db-ab28-469a-afbe-1f6e508ffab4,5,1,0,0,7,153809.0,0.11702826232535159,3786.5,1463.0,5.0,136601.0,1,0,0,-1.0,0,-1.0,5,0,1799.752,2036.8,1470.53,215.48274728153987,0.11972913339256736,1,1.0,1,0,legitimate,n/a,6afcb203-4ffe-44b3-b949-41e764781eb6,0.0
legit_sess_9e2c3937-23ba-4b01-9b2a-a9b37c74ab10,2,1,0,0,4,144870.0,0.04969973079312487,23127.0,23127.0,2.0,121295.0,1,0,0,-1.0,0,-1.0,2,0,1286.335,1320.49,1252.18,34.15499999999997,0.026552181196966555,1,-1.0,1,0,legitimate,n/a,9cdfeddd-a055-4efc-9652-9c730ba38a2b,0.0
legit_sess_ffab9e2e-f971-44ed-be5b-3a27987e0398,3,1,0,0,5,61836.0,0.17465554046186688,7851.5,4752.0,3.0,14853.0,1,0,0,-1.0,0,-1.0,3,0,1995.0133333333333,2467.5,1612.93,354.6848772580466,0.1777857176851182,1,1.0,1,0,legitimate,n/a,712658db-9696-44f3-af36-573bdd77dfc9,0.0
legit_sess_5767302a-ebe8-491f-8642-1d9e1a7d5b89,4,1,0,0,6,366335.0,0.03930828340180436,38546.666666666664,20770.0,4.0,128098.0,1,0,0,-1.0,0,-1.0,4,0,2237.7675,2345.88,2146.77,71.00950512959518,0.03173229798430587,1,-1.0,1,0,legitimate,n/a,d20aa558-cb20-4bec-8e7d-6ed937c5b30a,0.0
legit_sess_b54359fa-a95b-44a3-8f78-b972eef14827,5,1,0,0,7,78091.0,0.23050031373653812,11099.5,1391.0,5.0,32376.0,1,0,0,-1.0,0,-1.0,5,0,4688.94,5569.81,3519.45,827.4322412379155,0.17646466818468898,1,-1.0,1,0,legitimate,n/a,c0372bd4-3dad-4e1a-b512-9123a24b3f4d,0.0
legit_sess_5b878a1f-988f-460f-8f76-5ac7beef266a,8,1,1,0,11,233120.0,0.12354152367879204,24183.571428571428,1091.0,8.0,48227.0,1,0,1,33968.0,0,-1.0,8,0,1561.7875,1892.98,1309.59,175.45992147425008,0.11234557932769348,1,-1.0,1,0,legitimate,n/a,2a1968d9-3767-4f8c-b464-294ac28f29f5,0.0
legit_sess_78213766-7390-443a-8a36-f94cbe3891dd,0,1,0,1,3,78056.0,0.0,78056.0,78056.0,0.0,-1.0,1,0,0,-1.0,0,-1.0,0,0,0.0,0.0,0.0,0.0,0.0,0,0.0,0,0,legitimate,n/a,34145e87-8c9a-4751-8ddc-f83cf0d1ab56,0.0
legit_sess_572ce35e-4327-4474-b359-188e43d49719,2,1,0,0,4,79927.0,0.09008220000750686,70894.0,70894.0,2.0,7529.0,1,0,0,-1.0,0,-1.0,2,0,1256.8200000000002,1367.48,1146.16,110.65999999999997,0.08804761222768571,1,-1.0,1,0,legitimate,n/a,1d32c668-b8b3-466b-92c7-ab7d0455833b,0.0
legit_sess_8cb93d3c-d122-473d-8114-bea9bf88cbde,7,1,0,0,9,293825.0,0.08576533650982728,31801.833333333332,2226.0,7.0,68003.0,1,0,0,-1.0,0,-1.0,7,0,2232.3742857142856,2629.7,1562.57,357.36102516951127,0.16008114206313195,1,1.0,1,0,legitimate,n/a,0c0254fb-f7ec-400f-8e5a-3a6ba2f66bee,0.0
legit_sess_632e910f-e267-440d-8fd1-35f7c7516eaa,3,1,1,0,6,265426.0,0.04068930700082132,19864.5,16705.0,3.0,10165.0,1,0,1,-1.0,0,-1.0,3,0,17.78333333333333,20.38,14.32,2.548755687694596,0.14332271908310756,0,1.0,1,0,legitimate,n/a,0b3e93e1-f5a9-4f83-8399-2a9095295835,0.0
legit_sess_2c909410-0204-4c83-b38c-63243721873f,11,1,0,0,13,240279.0,0.16480841022311563,23123.2,2363.0,11.0,7679.0,1,0,0,-1.0,0,-1.0,11,0,810.6254545454544,1111.08,554.62,189.4595043017054,0.23372015181529412,1,1.0,1,0,legitimate,n/a,0b15f44d-801a-4410-9ed8-b4b2a705ad5f,0.0
legit_sess_10024b16-feb6-45fb-b5db-edf7546f7f42,3,1,0,0,5,113837.0,0.09487249312613649,9472.5,1392.0,3.0,93117.0,1,0,0,-1.0,0,-1.0,3,0,6212.2266666666665,6561.45,5925.59,263.3341388595273,0.04238965398228557,1,1.0,1,0,legitimate,n/a,140093f7-873f-4224-9da1-8d804211bae7,0.0
legit_sess_26b00959-874f-46e7-a83f-d21460b233c3,3,1,0,0,5,79376.0,0.13606127796815157,37694.0,5630.0,3.0,633.0,1,0,0,-1.0,0,-1.0,3,0,357.31333333333333,464.08,229.28,97.02907926092168,0.27155180120413924,1,1.0,1,0,legitimate,n/a,2cd93d04-9ffb-425e-9959-8ee63a5317ec,0.0
legit_sess_f1b80b42-2117-4932-a40e-6302046dea80,9,1,0,0,10,412243.0,0.0785944212515434,45514.25,1343.0,9.0,48129.0,1,0,0,-1.0,0,-1.0,9,0,4262.473333333333,5932.7,3449.96,741.4366415277842,0.17394516834383736,1,1.0,1,0,legitimate,n/a,36c68ed3-0ac0-4887-bb63-75d3dba18586,0.0
legit_sess_f7ef3be9-3a41-4d19-ab5a-751385ea0120,4,1,0,0,5,386999.0,0.03720939847389787,58654.333333333336,1286.0,4.0,211036.0,1,0,0,-1.0,0,-1.0,4,0,303.52750000000003,346.5,270.71,30.582494482137985,0.10075691488296112,1,-1.0,1,0,legitimate,n/a,190e21ec-5ad4-4a73-8558-bfb7f8d2cdc6,0.0
legit_sess_9bc8b2b9-f661-4639-bc79-d146094265d9,0,1,0,0,2,18269.0,0.0,18269.0,18269.0,0.0,-1.0,1,0,0,-1.0,0,-1.0,0,0,0.0,0.0,0.0,0.0,0.0,0,0.0,0,0,legitimate,n/a,95d85675-9f64-48ef-a43d-79f136436924,0.0
legit_sess_5582d4db-8218-420a-8dcc-ddf8a7e0ba4f,2,1,0,0,4,177258.0,0.04061875909690959,105530.0,105530.0,2.0,44062.0,1,0,0,-1.0,0,-1.0,2,0,914.645,925.26,904.03,10.615000000000009,0.011605595613598729,0,1.0,1,0,legitimate,n/a,1f320f47-898b-44c2-9073-1be85dfbf1d1,0.0
legit_sess_24bb247b-f0e0-4807-8969-b72fa4295044,1,1,0,0,3,243203.0,0.0148024489829484,243203.0,243203.0,1.0,144242.0,1,0,0,-1.0,0,-1.0,1,0,709.23,709.23,709.23,0.0,0.0,0,0.0,1,0,legitimate,n/a,69801894-be13-4448-921b-826251c543ef,0.0
legit_sess_1e544b7a-d282-4e5c-a768-9a5d1dce2899,2,1,0,0,4,27405.0,0.2627257799671593,2381.0,2381.0,2.0,22375.0,1,0,0,-1.0,0,-1.0,2,0,677.435,764.16,590.71,86.72499999999997,0.12801966240303495,0,1.0,1,0,legitimate,n/a,5953d3cf-85b7-4280-92c6-fc9555d9f3ec,0.0
legit_sess_b276d3df-f762-4c9c-bc37-b8bcca9fb544,5,1,0,0,7,87540.0,0.20562028786840303,15224.75,1419.0,5.0,14025.0,1,0,0,-1.0,0,-1.0,5,0,5055.030000000001,6041.41,4378.34,580.6470124610993,0.11486519614346487,1,1.0,1,0,legitimate,n/a,90336fa3-0c02-4c04-b6de-2b7bd6ef1cff,0.0
legit_sess_b4ab6d65-9b2c-4c40-926c-3fb65792920f,1,1,0,0,3,73562.0,0.04893831054076833,73562.0,73562.0,1.0,12093.0,1,0,0,-1.0,0,-1.0,1,0,304.2,304.2,304.2,0.0,0.0,0,0.0,1,0,legitimate,n/a,ecfa3553-4134-4d66-8551-cc0eb77555e7,0.0
legit_sess_03dd9992-e749-401c-b050-6bd0ae805496,4,1,0,0,6,173486.0,0.08300381586986846,14703.0,7870.0,4.0,117625.0,1,0,0,-1.0,0,-1.0,4,0,307.975,374.75,180.83,75.50585060112891,0.2451687656502278,1,1.0,1,0,legitimate,n/a,4ffaaa98-c602-43de-8954-7528eb998e41,0.0
legit_sess_d15a76ba-924e-4876-a2fc-c10362b5062e,1,1,0,0,3,59805.0,0.06019563581640331,59805.0,59805.0,1.0,55076.0,1,0,0,-1.0,0,-1.0,1,0,4172.99,4172.99,4172.99,0.0,0.0,0,0.0,1,0,legitimate,n/a,b85d24b0-710e-4688-a1c7-0f53059b2fe8,0.0
legit_sess_5137dde0-7584-4f92-a0dd-e7bb964a576f,5,1,0,0,7,393716.0,0.04571823344745959,60078.0,867.0,5.0,95391.0,1,0,0,-1.0,0,-1.0,5,0,1527.5439999999999,1809.12,1247.29,206.2599206438323,0.13502715512209948,1,1.0,1,0,legitimate,n/a,9cd89d82-1c43-498d-bbb9-f0576dd61460,0.0
legit_sess_25eea98e-a649-4782-b137-89bb56576147,4,1,0,0,5,395924.0,0.036370616582980575,103714.0,23278.0,4.0,84782.0,1,0,0,-1.0,0,-1.0,4,0,2169.725,2832.5,1888.11,384.61526936017503,0.17726452401118808,1,-1.0,1,0,legitimate,n/a,d534c087-ed7c-4da0-a82e-478c09381efa,0.0
legit_sess_528a77f5-9094-4a26-ab1b-9692454d41fa,0,1,0,0,2,19730.0,0.0,19730.0,19730.0,0.0,-1.0,1,0,0,-1.0,0,-1.0,0,0,0.0,0.0,0.0,0.0,0.0,0,0.0,0,0,legitimate,n/a,be2717ae-dbdc-4096-bb3b-f641534f5301,0.0
legit_sess_ab737345-9f6c-4c77-86d3-17d9c00b1433,3,1,0,0,5,54728.0,0.19733957023826926,10043.0,5188.0,3.0,29378.0,1,0,0,-1.0,0,-1.0,3,0,466.28999999999996,513.53,435.04,33.97970080307749,0.07287246306606938,1,-1.0,1,0,legitimate,n/a,a7eac1c8-1c4a-4f30-acf3-3142833955bc,0.0
legit_sess_4f7a756d-c252-4eec-89a0-5efd7bdb654e,3,1,0,0,5,87568.0,0.12333272428284305,36354.5,6411.0,3.0,10276.0,1,0,0,-1.0,0,-1.0,3,0,924.32,976.67,870.79,43.2333813929314,0.04677317529960554,0,1.0,1,0,legitimate,n/a,485ae79e-483a-40d1-b1c0-9fc1e3ec88a0,0.0
legit_sess_7dc57424-3adf-4830-855d-04a4d99b941e,1,1,0,0,2,167050.0,0.02155043400179587,167050.0,167050.0,1.0,167050.0,1,0,0,-1.0,0,-1.0,1,0,327.35,327.35,327.35,0.0,0.0,0,0.0,1,0,legitimate,n/a,88010762-95d9-47f7-ba56-88bb36ca965d,0.0
legit_sess_966d5acb-7232-4e7a-aa1e-a2a1d32cf07d,1,1,0,0,3,3094.0,1.1635423400129283,3094.0,3094.0,1.0,1533.0,1,0,0,-1.0,0,-1.0,1,0,1600.65,1600.65,1600.65,0.0,0.0,0,0.0,1,0,legitimate,n/a,ca496519-a00c-4807-9199-166a2815ea1b,0.0
legit_sess_7670cf4f-3ae1-4321-9c55-b01f5f557943,3,1,0,0,5,162143.0,0.06660787083006975,70990.5,2322.0,3.0,7422.0,1,0,0,-1.0,0,-1.0,3,0,2756.163333333334,2906.12,2646.32,109.7901623805864,0.03983441803059073,0,1.0,1,0,legitimate,n/a,a7e8ad2d-a76d-4c56-b259-e3d1fb1a9610,0.0
legit_sess_6414c4ad-453d-40ae-8b23-2c770df0e6de,3,1,0,0,5,157541.0,0.06855358287683841,55399.0,2182.0,3.0,42150.0,1,0,0,-1.0,0,-1.0,3,0,1513.7833333333335,1581.42,1426.6,64.69859469536848,0.0427396664177184,1,1.0,1,0,legitimate,n/a,a4dd8645-2d55-4f9f-a32b-88da34f5744e,0.0
legit_sess_0ba16387-93fd-4857-920c-db464b202907,5,1,0,0,7,87912.0,0.20475020475020472,18402.25,1291.0,5.0,11442.0,1,0,0,-1.0,0,-1.0,5,0,191.26,234.96,159.06,26.837580367834953,0.14031988062237244,1,1.0,1,0,legitimate,n/a,807350ad-5779-4ebc-9422-9e4fba90c40a,0.0
legit_sess_5d9323a2-210c-4f08-a529-0dccfb917632,4,1,0,0,6,213882.0,0.0673268437736696,22492.333333333332,10630.0,4.0,131770.0,1,0,0,-1.0,0,-1.0,4,0,2997.5049999999997,3883.87,2573.18,525.8472031160762,0.17542829890728331,1,1.0,1,0,legitimate,n/a,b071b0da-c125-416b-9816-2c6788134e5e,0.0
legit_sess_95a50cd4-48ad-4c04-970a-f3f971dac084,1,1,0,0,3,71493.0,0.050354580168687844,71493.0,71493.0,1.0,50253.0,1,0,0,-1.0,0,-1.0,1,0,707.01,707.01,707.01,0.0,0.0,0,0.0,1,0,legitimate,n/a,3de88452-6f0d-47d1-b592-572d432774b7,0.0
legit_sess_04e3386c-06b3-4a2f-ad82-553112476f42,2,1,0,0,4,50447.0,0.1427240470196444,14457.0,14457.0,2.0,34478.0,1,0,0,-1.0,0,-1.0,2,0,753.1,790.84,715.36,37.74000000000001,0.050112866817155766,0,1.0,1,0,legitimate,n/a,08191ecb-c368-4031-ba41-6ffab6202b3a,0.0
legit_sess_3b44d10a-6e8b-4402-a457-ea8d224319a2,1,1,0,0,3,28547.0,0.12610782218797073,28547.0,28547.0,1.0,3128.0,1,0,0,-1.0,0,-1.0,1,0,2946.66,2946.66,2946.66,0.0,0.0,0,0.0,1,0,legitimate,n/a,e6a9e369-581f-41b0-a98f-feeba2d9206e,0.0
legit_sess_121b4d92-fa3f-4a3f-aead-ed78f78cc5cf,10,1,0,1,13,155174.0,0.23199762846868677,16153.888888888889,1358.0,10.0,5134.0,1,0,0,-1.0,1,23753.0,10,0,1749.968,2062.28,1051.55,304.33927879260017,0.1739113394031206,1,-1.0,1,0,legitimate,n/a,8ab28729-4db8-4edd-ae3c-a58b224065ed,0.22133437349495666
legit_sess_26ca3ba1-9c49-4b25-b8cd-a75221d9ba61,1,1,0,0,3,73201.0,0.0491796560156282,73201.0,73201.0,1.0,70485.0,1,0,0,-1.0,0,-1.0,1,0,1374.13,1374.13,1374.13,0.0,0.0,0,0.0,1,0,legitimate,n/a,b136d5fb-10d1-4824-8291-be0233c95532,0.0
legit_sess_26cfd7bc-2a83-4352-aa9d-902823df972d,1,1,0,0,3,30334.0,0.1186787103580141,30334.0,30334.0,1.0,2306.0,1,0,0,-1.0,0,-1.0,1,0,2320.34,2320.34,2320.34,0.0,0.0,0,0.0,1,0,legitimate,n/a,6694b89e-56ab-4e51-9cfe-42a6c6e362db,0.0
legit_sess_f9b48e56-cb6d-4369-8cd8-d684bc9dbb56,7,1,0,0,9,202364.0,0.12452807811666107,25427.833333333332,1095.0,7.0,41867.0,1,0,0,-1.0,0,-1.0,7,0,142.33,165.18,117.4,14.958452937577276,0.10509697841338632,1,1.0,1,0,legitimate,n/a,5f103886-4778-4c71-ba14-1932a0223b43,0.0
legit_sess_b376411d-ff93-4d21-97ff-ae4cbba1703f,4,1,0,0,6,124007.0,0.11612247695694597,8897.666666666666,1667.0,4.0,1868.0,1,0,0,-1.0,0,-1.0,4,0,2337.1525,2642.12,1911.02,302.3495387275297,0.1293666282912774,1,1.0,1,0,legitimate,n/a,80a1fa97-42a5-49ef-9ace-78762564488f,0.0
legit_sess_cf053aab-cfd8-4826-b8f1-71575437a257,0,1,0,0,2,12687.0,0.0,12687.0,12687.0,0.0,-1.0,1,0,0,-1.0,0,-1.0,0,0,0.0,0.0,0.0,0.0,0.0,0,0.0,0,0,legitimate,n/a,cd7a5a3d-3626-4dc2-b05b-7d6c477f3dcc,0.0
legit_sess_435d9406-6685-4cfe-9853-ddd2dae365c2,2,1,0,0,4,6011.0,1.1978040259524205,1477.0,1477.0,2.0,2897.0,1,0,0,-1.0,0,-1.0,2,0,1527.88,1606.02,1449.74,78.13999999999999,0.05114275990261014,1,-1.0,1,0,legitimate,n/a,56a4a954-52c8-4f73-9bc7-d319122bc68a,0.0
legit_sess_5fb3cba9-c150-419b-9c2a-08a9f88a5af3,4,1,0,1,7,70608.0,0.20394289598912305,12523.0,1339.0,4.0,1115.0,1,0,0,-1.0,1,20586.0,4,0,2017.6425000000002,2359.13,1306.67,419.4040332051542,0.20786835785088495,1,1.0,1,0,legitimate,n/a,91809dd7-ea11-4863-a7a0-6a4d1ff6a96f,0.6856743831231552
legit_sess_ba8b4bdf-f410-460a-b6ca-72e8eb4e09ff,1,1,0,0,3,23769.0,0.15145778114350625,23769.0,23769.0,1.0,16026.0,1,0,0,-1.0,0,-1.0,1,0,877.08,877.08,877.08,0.0,0.0,0,0.0,1,0,legitimate,n/a,491070b6-bb4d-4a06-a9f7-7df62c46d38e,0.0
legit_sess_b4cf9b58-0406-4f86-8a38-4897ee96756a,1,1,0,0,3,99193.0,0.036292883570413235,99193.0,99193.0,1.0,68444.0,1,0,0,-1.0,0,-1.0,1,0,5701.98,5701.98,5701.98,0.0,0.0,0,0.0,1,0,legitimate,n/a,87af8a1d-d2aa-4199-bb1a-6021769c6ab1,0.0
legit_sess_56de1ee6-ac42-49b3-8b4e-1236ac507d25,13,1,0,0,15,141117.0,0.33163970322498354,11502.583333333334,1271.0,13.0,1613.0,1,0,0,-1.0,0,-1.0,13,0,2919.505384615385,3842.98,1700.9,546.491579323054,0.1871863577312938,1,1.0,1,0,legitimate,n/a,a43e1b27-dd12-4c13-95e0-e3d30354db0c,0.0
legit_sess_290ff59c-8fe0-4c38-8124-5f3d7a4f35f2,1,1,0,0,3,2905.0,1.2392426850258176,2905.0,2905.0,1.0,1018.0,1,0,0,-1.0,0,-1.0,1,0,1614.95,1614.95,1614.95,0.0,0.0,0,0.0,1,0,legitimate,n/a,66c7ea4a-aeac-4fc1-921c-00b6f5e9abc1,0.0
legit_sess_ade884f4-7c0b-490d-91d9-b5b779be5996,2,1,0,1,5,314269.0,0.022910309320995706,129052.0,129052.0,2.0,95304.0,1,0,0,-1.0,1,72333.0,2,0,40.14,50.04,30.24,9.9,0.24663677130044845,1,-1.0,1,0,legitimate,n/a,256d1082-93cd-4609-9e73-252bfd914b0e,-0.17938552727806367
legit_sess_35dcf10a-c6c0-4d6e-959e-a7dc55b57746,4,1,0,0,6,54206.0,0.2656532487178541,5428.333333333333,4557.0,4.0,17664.0,1,0,0,-1.0,0,-1.0,4,0,1638.8525,2401.92,1192.74,458.5012324615388,0.27976967571000977,1,1.0,1,0,legitimate,n/a,d0dbaad5-e3cd-4c9e-99ff-2a92396531f1,0.0
legit_sess_920ed93a-9acb-4312-a4a0-01c16ef2a880,0,1,0,0,2,1436.0,0.0,1436.0,1436.0,0.0,-1.0,1,0,0,-1.0,0,-1.0,0,0,0.0,0.0,0.0,0.0,0.0,0,0.0,0,0,legitimate,n/a,da1d4055-3037-4c58-b654-a9ec14c4ea6d,0.0
legit_sess_ed0cbe33-106d-4ef8-8497-1da1edad8598,1,1,0,1,4,123251.0,0.029208687961963797,123251.0,123251.0,1.0,112834.0,1,0,0,-1.0,1,92047.0,1,0,733.88,733.88,733.88,0.0,0.0,0,0.0,1,0,legitimate,n/a,d5601a4e-2970-41d7-92fe-e8c34708f7e3,0.5782538078228695
legit_sess_67843393-b912-4f89-9c91-ad20ff6600ba,0,1,0,0,2,24003.0,0.0,24003.0,24003.0,0.0,-1.0,1,0,0,-1.0,0,-1.0,0,0,0.0,0.0,0.0,0.0,0.0,0,0.0,0,0,legitimate,n/a,a41b0f98-c4b9-4a24-b36f-11498081e1df,0.0
legit_sess_31d9d2c0-1e30-4cc2-9e62-4c236bd18fd3,4,1,0,0,6,205875.0,0.06994535519125683,36076.333333333336,5076.0,4.0,95681.0,1,0,0,-1.0,0,-1.0,4,0,1713.605,2404.36,1421.82,400.990033386118,0.23400377180629026,1,-1.0,1,0,legitimate,n/a,dba7ca9c-8708-4cdf-9a19-1eeb28007dd3,0.0
legit_sess_9b6d9468-37b4-4d37-9d82-bfeab8a789eb,8,1,0,0,10,334484.0,0.08610277322682101,40383.28571428572,9279.0,8.0,9768.0,1,0,0,-1.0,0,-1.0,8,0,2880.7625,3754.08,2065.78,521.073068022854,0.1808802593142802,1,1.0,1,0,legitimate,n/a,a626b097-4e64-4cd4-8730-a7cba085da1f,0.0
legit_sess_3d005c0c-2d6b-4476-9e12-3810e88b72db,0,1,0,0,2,148617.0,0.0,148617.0,148617.0,0.0,-1.0,1,0,0,-1.0,0,-1.0,0,0,0.0,0.0,0.0,0.0,0.0,0,0.0,0,0,legitimate,n/a,ec56c1f5-548c-4c84-8231-bd091f8803be,0.0
legit_sess_a670ed7b-9024-493e-8394-56c398ee0c39,7,1,0,0,9,444890.0,0.05664321517678528,70748.83333333333,5360.0,7.0,18761.0,1,0,0,-1.0,0,-1.0,7,0,915.7757142857142,1054.69,805.55,74.13350887942318,0.08095159952701492,1,1.0,1,0,legitimate,n/a,f5351071-de1e-49f8-ab8d-78e5d94d9b78,0.0
legit_sess_49e88751-6b7b-449d-8e82-49925cdeae0d,8,1,0,1,11,380580.0,0.07567397130695254,52527.857142857145,3283.0,8.0,8767.0,1,0,0,-1.0,1,94203.0,8,0,517.59375,661.57,373.95,88.73539076060636,0.1714382964643726,1,-1.0,1,0,legitimate,n/a,e9194eb3-4274-4fcd-a7ca-2e5f829da890,0.7439801043827141
legit_sess_aab2dc03-d90b-4482-b460-f41e69773c42,2,1,0,0,4,127281.0,0.05656775166757017,11024.0,11024.0,2.0,75336.0,1,0,0,-1.0,0,-1.0,2,0,2353.4449999999997,2549.1,2157.79,195.65499999999997,0.08313557359530391,1,-1.0,1,0,legitimate,n/a,dac6fed5-cb6f-480a-bdf5-2ff5bfd15dd4,0.0
legit_sess_821c05ee-8f38-43bf-8af6-1b56ca648ecf,0,1,0,0,2,96108.0,0.0,96108.0,96108.0,0.0,-1.0,1,0,0,-1.0,0,-1.0,0,0,0.0,0.0,0.0,0.0,0.0,0,0.0,0,0,legitimate,n/a,9f03bc5a-4dee-4812-b161-07f1be437c7b,0.0
legit_sess_cf1e44d0-dfc3-4ec2-a286-5b8bc3bf8cd7,3,1,0,0,5,5356.0,2.0164301717699775,1355.0,1082.0,3.0,1062.0,1,0,0,-1.0,0,-1.0,3,0,726.4766666666668,813.78,619.1,80.73528610355089,0.11113266235238234,0,1.0,1,0,legitimate,n/a,e5e9b368-249f-479d-8dc2-d18968f3f465,0.0
legit_sess_8029e3b6-a466-4f1e-87bd-51a7da207d25,17,1,0,0,19,335782.0,0.18226110988677177,17182.9375,1075.0,17.0,39507.0,1,0,0,-1.0,0,-1.0,17,0,2277.7394117647054,3199.95,1172.09,488.72707911917456,0.21456672198534227,1,1.0,1,0,legitimate,n/a,be0ed811-f2c4-4d4f-9a6f-c85f82fbaf2a,0.0
legit_sess_9a0d4187-4335-4dd9-b883-a7b2533b43db,4,1,0,0,6,50588.0,0.2846524867557524,6841.333333333333,6075.0,4.0,22561.0,1,0,0,-1.0,0,-1.0,4,0,862.7325,1133.74,511.58,227.32439369489146,0.26349348575009224,1,-1.0,1,0,legitimate,n/a,15765a7c-4055-4e7f-817c-a90e94135ddf,0.0
legit_sess_a4c6d422-bfde-4bff-b0aa-5349be08bfd3,1,1,0,0,3,164403.0,0.021897410631192864,164403.0,164403.0,1.0,82757.0,1,0,0,-1.0,0,-1.0,1,0,2299.67,2299.67,2299.67,0.0,0.0,0,0.0,1,0,legitimate,n/a,1b51fc5d-6212-4400-b1a5-7ff2f79d2faf,0.0
legit_sess_6c7eb4c0-e836-4ca1-acbf-23f88c74a523,0,1,0,0,2,1199.0,0.0,1199.0,1199.0,0.0,-1.0,1,0,0,-1.0,0,-1.0,0,0,0.0,0.0,0.0,0.0,0.0,0,0.0,0,0,legitimate,n/a,7ae85484-eb7f-4414-b6de-2fbe80915aaf,0.0
legit_sess_5a33d993-6846-428c-92d3-56969dc6654c,5,1,0,1,8,80663.0,0.22315063907863583,10103.5,1088.0,5.0,1152.0,1,0,0,-1.0,1,1965.0,5,0,1005.692,1436.13,623.62,275.4748827316204,0.2739157542583817,1,1.0,1,0,legitimate,n/a,873845ca-4541-4af1-90ca-ed77ec62870e,-1.1767678666992043
legit_sess_73cc21f9-2c04-4aec-aff2-ee48f09900e8,5,1,0,0,7,167393.0,0.10753137825357094,25609.25,2299.0,5.0,52112.0,1,0,0,-1.0,0,-1.0,5,0,1447.4860000000003,1685.89,1095.68,242.0289921972159,0.1672064477288318,1,1.0,1,0,legitimate,n/a,9f6c3ff2-3cd5-45a9-a907-1bcd854c2f92,0.0
legit_sess_c9848046-5a92-4d19-910a-896ca3d8cd23,0,1,0,0,2,2200.0,0.0,2200.0,2200.0,0.0,-1.0,1,0,0,-1.0,0,-1.0,0,0,0.0,0.0,0.0,0.0,0.0,0,0.0,0,0,legitimate,n/a,4a30189b-b378-40cb-8e4d-2a2a2e41ea06,0.0
legit_sess_e0aaa336-5a14-4707-9eb5-7ef6167532d8,1,1,0,0,2,276007.0,0.013043147456405092,276007.0,276007.0,1.0,276007.0,1,0,0,-1.0,0,-1.0,1,0,425.12,425.12,425.12,0.0,0.0,0,0.0,1,0,legitimate,n/a,e5f9772e-18fb-436e-821f-49d7d37805a8,0.0
legit_sess_584ab4b0-f6c6-480d-88f8-04b4ade46172,2,1,0,0,4,136143.0,0.052885568850399946,51235.0,51235.0,2.0,18344.0,1,0,0,-1.0,0,-1.0,2,0,752.74,851.58,653.9,98.84000000000003,0.1313069585779951,0,1.0,1,0,legitimate,n/a,180ecb0d-fb51-4504-8f00-61ca5498c004,0.0
legit_sess_153f1369-35c5-433f-a6c4-75d766e929c5,2,1,0,0,3,536804.0,0.013412716745776859,92983.0,92983.0,2.0,443821.0,1,0,0,-1.0,0,-1.0,2,0,745.585,892.03,599.14,146.445,0.19641623691463747,0,1.0,1,0,legitimate,n/a,37a5152e-57b5-4d2a-b084-21903a9b82cd,0.0
legit_sess_387ab698-7a3e-417f-a637-8fbd301592cc,0,1,0,0,2,2820.0,0.0,2820.0,2820.0,0.0,-1.0,1,0,0,-1.0,0,-1.0,0,0,0.0,0.0,0.0,0.0,0.0,0,0.0,0,0,legitimate,n/a,2f17450c-d7be-46d5-a3e8-b213cc83d0bb,0.0
legit_sess_8f6b8cfd-3b07-474a-bbbe-18d638a1ece4,1,1,0,0,3,27300.0,0.13186813186813187,27300.0,27300.0,1.0,1386.0,1,0,0,-1.0,0,-1.0,1,0,829.42,829.42,829.42,0.0,0.0,0,0.0,1,0,legitimate,n/a,2212fb12-71ed-4d83-b107-c9ef83f00b76,0.0
legit_sess_f19d6f2c-dfbe-4936-98a7-4bdbe4860cb0,2,1,0,0,4,49302.0,0.14603870025556773,5488.0,5488.0,2.0,31613.0,1,0,0,-1.0,0,-1.0,2,0,2244.795,2557.41,1932.18,312.6149999999999,0.13926215979632878,0,1.0,1,0,legitimate,n/a,3f0121f3-e35c-48a0-b9f4-886c6db63aed,0.0
legit_sess_7d702d8d-f36c-47f5-a00f-6c2475d1b106,2,1,0,0,4,172558.0,0.0417251011254187,15788.0,15788.0,2.0,12100.0,1,0,0,-1.0,0,-1.0,2,0,1242.6750000000002,1296.68,1188.67,54.004999999999995,0.04345866779326854,1,-1.0,1,0,legitimate,n/a,3e59ed08-3be2-4afe-b7b6-30f39419b2a2,0.0
legit_sess_b206e975-d851-4d6d-83cf-96873204ffa9,1,1,0,0,3,89159.0,0.04037730346908332,89159.0,89159.0,1.0,82661.0,1,0,0,-1.0,0,-1.0,1,0,1724.21,1724.21,1724.21,0.0,0.0,0,0.0,1,0,legitimate,n/a,7e35fcb8-79e6-4be5-aa50-09622d600c56,0.0
legit_sess_a276cb0a-b0ca-406e-b04c-e0340d5256da,14,1,0,0,15,563050.0,0.0895124766894592,38551.153846153844,1441.0,14.0,61885.0,1,0,0,-1.0,0,-1.0,14,0,1490.2628571428572,2000.09,817.0,309.4585833222868,0.20765369131965286,1,1.0,1,0,legitimate,n/a,da1d4055-3037-4c58-b654-a9ec14c4ea6d,0.0
legit_sess_3fe37ed7-b877-4cba-b33c-2611efd6b917,3,1,0,0,5,82688.0,0.13061145510835914,31476.5,1213.0,3.0,1488.0,1,0,0,-1.0,0,-1.0,3,0,1854.8766666666668,2074.62,1619.31,186.21597216374562,0.10039264362432665,1,1.0,1,0,legitimate,n/a,ca496519-a00c-4807-9199-166a2815ea1b,0.0
legit_sess_e0dcdb38-8dee-45c0-b2bd-691513d1d34d,0,1,0,0,2,247173.0,0.0,247173.0,247173.0,0.0,-1.0,1,0,0,-1.0,0,-1.0,0,0,0.0,0.0,0.0,0.0,0.0,0,0.0,0,0,legitimate,n/a,05f80ce6-5c16-475f-9423-99d4cd572f7c,0.0
legit_sess_f49014d1-af83-41f9-b64e-6f3a195c5f04,1,1,0,0,3,59607.0,0.0603955911218481,59607.0,59607.0,1.0,1228.0,1,0,0,-1.0,0,-1.0,1,0,201.13,201.13,201.13,0.0,0.0,0,0.0,1,0,legitimate,n/a,2f656303-ebc4-487b-a11f-caaed57c17a7,0.0
legit_sess_1a0c4d23-fb76-47d6-bba8-c0f669565554,0,1,0,0,2,5038.0,0.0,5038.0,5038.0,0.0,-1.0,1,0,0,-1.0,0,-1.0,0,0,0.0,0.0,0.0,0.0,0.0,0,0.0,0,0,legitimate,n/a,bd5480a6-b5a8-433b-8369-e01ac94fc1ab,0.0
legit_sess_171ce1a8-28b1-410d-9069-227972b38762,4,1,0,0,6,83888.0,0.17165744802593935,5972.0,3481.0,4.0,19752.0,1,0,0,-1.0,0,-1.0,4,0,2775.6725,3748.03,1711.66,721.6017327229405,0.25997365781551696,1,-1.0,1,0,legitimate,n/a,56be6d2a-09b1-41fb-97ff-c8cd4105d9f9,0.0
legit_sess_83bf29de-bc2b-46d8-9d85-870d29e2798c,2,1,0,0,4,237835.0,0.030273088485714885,12829.0,12829.0,2.0,118297.0,1,0,0,-1.0,0,-1.0,2,0,1365.675,1466.04,1265.31,100.36500000000001,0.07349113075951454,0,1.0,1,0,legitimate,n/a,baae02fa-5024-4839-82df-5d0129389076,0.0
legit_sess_f5c6f080-7ba4-4c56-ad51-4947c1ae3f7b,3,1,0,0,5,309421.0,0.03490390115732287,90291.0,1079.0,3.0,1777.0,1,0,0,-1.0,0,-1.0,3,0,1038.9733333333334,1210.84,805.99,170.83581949410436,0.16442753053729742,0,1.0,1,0,legitimate,n/a,7ae85484-eb7f-4414-b6de-2fbe80915aaf,0.0
legit_sess_7d451ac4-8302-4587-887d-16776fb91ea2,5,1,0,0,7,124333.0,0.14477250609250963,17935.0,7691.0,5.0,2102.0,1,0,0,-1.0,0,-1.0,5,0,3117.1579999999994,3693.62,2539.23,448.08685476813537,0.14374852181639028,1,1.0,1,0,legitimate,n/a,e4ea4f55-5e06-4b6b-80f4-a9f67b415e88,0.0
legit_sess_415e5710-0808-45e6-9978-4dc04157243d,0,1,0,0,2,177304.0,0.0,177304.0,177304.0,0.0,-1.0,1,0,0,-1.0,0,-1.0,0,0,0.0,0.0,0.0,0.0,0.0,0,0.0,0,0,legitimate,n/a,d931a7a8-f9b9-495a-bc86-65bc58c7e668,0.0
legit_sess_24a9df55-f2d2-40f5-8205-f2fc4a7a891b,5,1,0,0,7,6179.0,2.913092733452015,1226.25,1031.0,5.0,261.0,1,0,0,-1.0,0,-1.0,5,0,3622.268,4419.54,2873.58,538.6510614265974,0.14870546890141684,1,1.0,1,0,legitimate,n/a,28f277d3-35b1-45eb-a6b5-66295b607b8e,0.0
legit_sess_a1285d76-0c24-4d0b-989e-33794525a330,1,1,0,0,3,100652.0,0.035766800460994314,100652.0,100652.0,1.0,86837.0,1,0,0,-1.0,0,-1.0,1,0,2916.36,2916.36,2916.36,0.0,0.0,0,0.0,1,0,legitimate,n/a,ba88e0c5-a5cd-4ea0-8e89-6a86c7562723,0.0
legit_sess_0dc7a7df-986a-49b4-a224-2ea1c9beecab,1,1,0,0,3,14767.0,0.2437868219679014,14767.0,14767.0,1.0,11951.0,1,0,0,-1.0,0,-1.0,1,0,496.14,496.14,496.14,0.0,0.0,0,0.0,1,0,legitimate,n/a,18554f8c-848c-4bcc-96c6-7dc3d239bf0b,0.0
legit_sess_8e29928f-604e-488a-b581-aeb2ee379a43,8,1,0,1,11,252582.0,0.11402237689146495,31754.14285714286,383.0,8.0,3132.0,1,0,0,-1.0,1,1317.0,8,0,1655.01875,1948.11,1379.25,198.3757021687321,0.11986311464370546,1,1.0,1,0,legitimate,n/a,66c7ea4a-aeac-4fc1-921c-00b6f5e9abc1,-1.0234860470047777
legit_sess_d88bb120-05f1-4b91-a902-a13ba7b4144b,6,1,0,1,9,180041.0,0.11997267289117479,3963.2,1229.0,6.0,102141.0,1,0,0,-1.0,1,1629.0,6,0,1549.2933333333333,1871.78,1199.3,218.7841052778337,0.1412154177460479,1,-1.0,1,0,legitimate,n/a,731bbc41-64b0-4b14-af21-7e720f650638,-1.0574200695206954
legit_sess_65fad908-185f-45ca-8d6e-fc3131936edf,2,1,0,0,4,245429.0,0.02933638649059402,11038.0,11038.0,2.0,189644.0,1,0,0,-1.0,0,-1.0,2,0,2139.23,2348.4,1930.06,209.17000000000007,0.09777817252001891,0,1.0,1,0,legitimate,n/a,14249ac1-c850-4a17-8c4b-7f4f58876a06,0.0
legit_sess_5084f052-182e-4b14-8e7f-9e37aa9aaecd,5,1,0,0,7,13969.0,1.2885675424153482,1763.25,1417.0,5.0,2015.0,1,0,0,-1.0,0,-1.0,5,0,2292.8399999999997,3382.04,1419.56,704.0941452675203,0.3070838546377071,1,1.0,1,0,legitimate,n/a,0623ceae-af0f-4078-ad6d-e98ab7fc7a54,0.0
legit_sess_dcd0f3a8-8baa-4bec-8b79-e9dfbfdb8a0a,8,1,0,0,10,305400.0,0.09430255402750491,33070.57142857143,1047.0,8.0,21591.0,1,0,0,-1.0,0,-1.0,8,0,2051.74125,3033.43,1365.29,453.34727484670896,0.2209573331172773,1,1.0,1,0,legitimate,n/a,aa669f2c-0abf-4334-a4c0-ab39846a324a,0.0
legit_sess_268a653c-1ded-4874-acfe-81a8a69671a3,6,1,1,0,9,297482.0,0.07260943519271754,46100.0,12272.0,6.0,7515.0,1,0,1,41560.0,0,-1.0,6,0,3030.258333333333,3356.75,2740.28,207.43564780566413,0.06845477348377806,1,-1.0,1,0,legitimate,n/a,160f7d72-f44f-4486-8112-4d9c697cb734,0.0
legit_sess_66115cb4-d2a0-41e0-8347-5ddc632ebbdc,0,1,0,0,2,34558.0,0.0,34558.0,34558.0,0.0,-1.0,1,0,0,-1.0,0,-1.0,0,0,0.0,0.0,0.0,0.0,0.0,0,0.0,0,0,legitimate,n/a,f56b9578-0335-4b48-90cb-f3f894958af7,0.0
legit_sess_5c7f959f-a8b0-46f9-b7bc-29671dff9ab0,1,1,0,0,3,10793.0,0.333549522838877,10793.0,10793.0,1.0,4465.0,1,0,0,-1.0,0,-1.0,1,0,58.09,58.09,58.09,0.0,0.0,0,0.0,1,0,legitimate,n/a,e79a262b-e8db-476b-8d33-f36c7b564757,0.0
legit_sess_23ca4fa0-2a4f-48df-9c8b-4cacafc005d6,4,1,0,0,6,183340.0,0.07854259845096542,31733.666666666668,15174.0,4.0,55681.0,1,0,0,-1.0,0,-1.0,4,0,395.44,458.22,341.13,48.26395186886379,0.12205126408270228,1,-1.0,1,0,legitimate,n/a,db898157-5c9a-4ce9-b86f-eddfb4c9243b,0.0
legit_sess_81a7a48b-156a-442c-a6f0-7036b231c6b3,1,1,0,0,3,37233.0,0.09668842156151801,37233.0,37233.0,1.0,14051.0,1,0,0,-1.0,0,-1.0,1,0,2629.13,2629.13,2629.13,0.0,0.0,0,0.0,1,0,legitimate,n/a,62f06143-3643-4b41-b724-809c7a00c9e0,0.0
legit_sess_8ca0c0cf-2418-43f6-b3e6-07c274cb8d02,9,1,0,0,11,338052.0,0.09584324305136488,41123.875,1420.0,9.0,7668.0,1,0,0,-1.0,0,-1.0,9,0,1799.028888888889,2232.98,1036.36,403.43960535058045,0.22425410055518988,1,1.0,1,0,legitimate,n/a,472ba67f-6b81-4704-ae5f-df9ae04988a8,0.0
legit_sess_6fbe6a24-368a-4561-8a07-198bba0629b1,4,1,0,1,7,96567.0,0.14911926434496256,31465.333333333332,13963.0,4.0,632.0,1,0,0,-1.0,1,11020.0,4,0,2069.095,2502.31,1456.82,386.7397114662522,0.18691249626829712,1,1.0,1,0,legitimate,n/a,c12625c0-54e6-439c-8623-989b1508d991,-1.7391911560804885
legit_sess_ee205ea9-00ad-457f-bd34-ee116e1b3a12,2,1,0,0,4,14400.0,0.5,1879.0,1879.0,2.0,11824.0,1,0,0,-1.0,0,-1.0,2,0,2019.935,2124.93,1914.94,104.99499999999989,0.051979395376583845,0,1.0,1,0,legitimate,n/a,6f539849-5307-4d12-9cf3-350bfc6f512c,0.0
legit_sess_671d56ef-4aae-45e6-b695-3c81747f9b0d,0,1,0,0,2,2859.0,0.0,2859.0,2859.0,0.0,-1.0,1,0,0,-1.0,0,-1.0,0,0,0.0,0.0,0.0,0.0,0.0,0,0.0,0,0,legitimate,n/a,ad87b09e-5da8-4a98-a064-b4cc25337682,0.0
legit_sess_9431eda3-c161-4c5a-abc8-2a58512387fb,2,1,0,0,4,151860.0,0.04741209008297116,25870.0,25870.0,2.0,32620.0,1,0,0,-1.0,0,-1.0,2,0,1898.295,2087.19,1709.4,188.89499999999998,0.09950771613474195,1,-1.0,1,0,legitimate,n/a,3ec399e5-e095-48b7-a122-dab6ee81a709,0.0
legit_sess_e8dfc4f4-c3c1-4bdd-8345-7b1526ec30b5,4,1,0,0,6,174365.0,0.08258538124050126,49984.333333333336,2603.0,4.0,2291.0,1,0,0,-1.0,0,-1.0,4,0,1920.6499999999999,2349.36,1593.09,279.27888991114247,0.14540852831652956,1,-1.0,1,0,legitimate,n/a,4a30189b-b378-40cb-8e4d-2a2a2e41ea06,0.0
legit_sess_0cf9fb64-f2f0-4fe2-9a75-c5ccbeea2572,1,1,0,0,3,99167.0,0.03630239898353283,99167.0,99167.0,1.0,83670.0,1,0,0,-1.0,0,-1.0,1,0,811.73,811.73,811.73,0.0,0.0,0,0.0,1,0,legitimate,n/a,23079f9c-af8a-48d3-a0a0-0f5e78f607dc,0.0
legit_sess_bc4b5e81-4410-40c5-a195-7925ce87a2da,4,1,0,1,7,190684.0,0.0755176102871767,56609.0,16584.0,4.0,19448.0,1,0,0,-1.0,1,117874.0,4,0,2633.935,2755.78,2444.06,116.30408344078046,0.04415601882384359,1,1.0,1,0,legitimate,n/a,77001ae3-1f80-4666-85e4-2f4d0b904d54,4.329768422709508
legit_sess_1610c6c3-9514-41da-9bb1-080bf4bec004,1,1,0,0,3,129681.0,0.027760427510583663,129681.0,129681.0,1.0,77985.0,1,0,0,-1.0,0,-1.0,1,0,535.11,535.11,535.11,0.0,0.0,0,0.0,1,0,legitimate,n/a,0f479c3c-ad32-41a6-8f05-654c85adac8a,0.0
legit_sess_425f1e83-5edf-4895-aa95-2a7cc82c2297,0,1,0,0,2,1320.0,0.0,1320.0,1320.0,0.0,-1.0,1,0,0,-1.0,0,-1.0,0,0,0.0,0.0,0.0,0.0,0.0,0,0.0,0,0,legitimate,n/a,56a4a954-52c8-4f73-9bc7-d319122bc68a,0.0
legit_sess_2195bc0a-6a94-4bae-a940-1164ce19ccce,5,1,0,1,8,193939.0,0.09281268852577357,16518.5,1985.0,5.0,11421.0,1,0,0,-1.0,1,1389.0,5,0,2531.0520000000006,3129.45,1853.55,556.2936415383516,0.2197875197895387,1,1.0,1,0,legitimate,n/a,e272a5ed-22d0-41cc-8287-c1b10921b1b3,-3.784389118583893
legit_sess_fee44d69-2523-46a3-9ba9-522e8554905d,0,1,0,0,2,126880.0,0.0,126880.0,126880.0,0.0,-1.0,1,0,0,-1.0,0,-1.0,0,0,0.0,0.0,0.0,0.0,0.0,0,0.0,0,0,legitimate,n/a,c4ecbfa2-5221-4bda-a90b-a8875e36d760,0.0
legit_sess_25f9eea7-9895-4120-9ba3-025a22b0ff5d,4,1,0,0,6,26430.0,0.5448354143019296,6374.666666666667,2813.0,4.0,4663.0,1,0,0,-1.0,0,-1.0,4,0,1232.825,1310.2,1199.68,44.899789253402986,0.03642024557694967,1,1.0,1,0,legitimate,n/a,7711b757-3b16-4943-b1a5-9c4ad1ebd086,0.0
legit_sess_7cbdef6c-fcf0-4890-9a3b-918a6608b583,1,1,0,0,3,95323.0,0.03776633131563212,95323.0,95323.0,1.0,66804.0,1,0,0,-1.0,0,-1.0,1,0,3330.05,3330.05,3330.05,0.0,0.0,0,0.0,1,0,legitimate,n/a,129915ca-30a0-419d-987c-b33502829a8f,0.0
legit_sess_89b4bbc1-8608-4d32-b75a-e744540bb9a7,1,1,0,0,3,12872.0,0.27967681789931637,12872.0,12872.0,1.0,5062.0,1,0,0,-1.0,0,-1.0,1,0,307.76,307.76,307.76,0.0,0.0,0,0.0,1,0,legitimate,n/a,70c524f7-367a-47d5-bcc4-25ef1f51c88c,0.0
legit_sess_194bbac4-7157-4cb9-b1d5-88dcb736798b,0,1,0,0,2,15078.0,0.0,15078.0,15078.0,0.0,-1.0,1,0,0,-1.0,0,-1.0,0,0,0.0,0.0,0.0,0.0,0.0,0,0.0,0,0,legitimate,n/a,9efd55d2-38d9-49ab-9b49-5244c92bdd5a,0.0
legit_sess_56376283-04cf-46d8-b358-25bc16414669,8,1,0,0,10,260995.0,0.11034694151228949,29486.85714285714,1507.0,8.0,1444.0,1,0,0,-1.0,0,-1.0,8,0,228.63750000000002,303.99,128.74,58.88371034292931,0.25754178707748865,1,-1.0,1,0,legitimate,n/a,ce2bb592-842a-4a6b-b786-451b471884fe,0.0
legit_sess_1496479a-67a1-446e-9068-b3ebd06aabe7,3,1,0,0,5,79099.0,0.13653775648238284,27034.0,22076.0,3.0,7476.0,1,0,0,-1.0,0,-1.0,3,0,1264.97,1424.05,1096.55,133.86433231696435,0.10582411623751105,1,-1.0,1,0,legitimate,n/a,090a5b58-52d4-4eef-92c9-7906909f4e3a,0.0
legit_sess_fbad3d52-998e-4145-b73d-c8cd6db847e3,1,1,0,0,3,70477.0,0.05108049434567306,70477.0,70477.0,1.0,45407.0,1,0,0,-1.0,0,-1.0,1,0,809.46,809.46,809.46,0.0,0.0,0,0.0,1,0,legitimate,n/a,20a62f1f-d79a-4a51-87bb-c22618ea093c,0.0
legit_sess_e64dd8f9-e189-4680-b6cd-eb67498f0958,5,1,0,1,8,213392.0,0.08435180325410511,32386.25,14291.0,5.0,83071.0,1,0,0,-1.0,1,17245.0,5,0,211.93,261.21,141.08,39.595450748791826,0.18683268413528914,1,1.0,1,0,legitimate,n/a,2c5be8b2-2391-4dd5-9f07-f231f6e19425,0.2546229709627789
legit_sess_96d0a9c3-6aa0-488f-ac3a-ddd36745857b,3,1,0,0,5,107919.0,0.10007505629221916,28628.0,7552.0,3.0,4542.0,1,0,0,-1.0,0,-1.0,3,0,632.9766666666667,724.12,564.07,67.20541958965973,0.1061736129130506,1,1.0,1,0,legitimate,n/a,e5e9b368-249f-479d-8dc2-d18968f3f465,0.0
legit_sess_b4776616-2ece-4b4e-9e90-9f185d49a68e,5,1,0,0,7,108614.0,0.1657244922385696,15302.75,1282.0,5.0,45990.0,1,0,0,-1.0,0,-1.0,5,0,1845.618,2151.12,1644.17,192.7486779617437,0.10443584640036221,1,1.0,1,0,legitimate,n/a,ef7dd45b-4660-4322-8f19-a2958853b56f,0.0
legit_sess_a8504467-994b-47a8-be7e-1836e0dd828b,0,1,0,0,2,23047.0,0.0,23047.0,23047.0,0.0,-1.0,1,0,0,-1.0,0,-1.0,0,0,0.0,0.0,0.0,0.0,0.0,0,0.0,0,0,legitimate,n/a,92f48d21-8b9f-484a-a7f1-86a2e2b6c50c,0.0
legit_sess_ba1e817a-b0ab-4714-90a4-37c752e732a9,0,1,0,0,2,140154.0,0.0,140154.0,140154.0,0.0,-1.0,1,0,0,-1.0,0,-1.0,0,0,0.0,0.0,0.0,0.0,0.0,0,0.0,0,0,legitimate,n/a,321a6ec1-7934-40b8-b48b-b0750c9c20ef,0.0
legit_sess_abf68c85-57dc-4f50-a633-60f22921988d,0,1,0,0,2,1972.0,0.0,1972.0,1972.0,0.0,-1.0,1,0,0,-1.0,0,-1.0,0,0,0.0,0.0,0.0,0.0,0.0,0,0.0,0,0,legitimate,n/a,5aecfabb-4afa-4e69-8a05-9e92d3a43d90,0.0
legit_sess_664db8b9-b93b-4746-8666-e99244e42d19,1,1,0,0,2,241934.0,0.014880091264559758,241934.0,241934.0,1.0,241934.0,1,0,0,-1.0,0,-1.0,1,0,359.96,359.96,359.96,0.0,0.0,0,0.0,1,0,legitimate,n/a,c0ea1646-3118-4351-897b-7703ada78fca,0.0
legit_sess_f0df3c46-07dd-4659-9bc2-821571b3f614,4,1,0,0,6,394876.0,0.036467144116127594,104073.66666666667,41688.0,4.0,81252.0,1,0,0,-1.0,0,-1.0,4,0,1371.815,1679.69,1080.26,217.18510129610644,0.15831952653681905,1,1.0,1,0,legitimate,n/a,260fb292-6ce5-4a66-abda-aebf84ed8bd2,0.0
legit_sess_ffa076a6-e1b8-4e02-8f49-955f75b296c7,0,1,0,0,2,3790.0,0.0,3790.0,3790.0,0.0,-1.0,1,0,0,-1.0,0,-1.0,0,0,0.0,0.0,0.0,0.0,0.0,0,0.0,0,0,legitimate,n/a,f8d98653-f7ae-4f2e-9a69-ca8837133e01,0.0
legit_sess_706a11b7-889a-460a-914b-197966a15c1c,1,1,0,0,3,22713.0,0.15849953770968167,22713.0,22713.0,1.0,18687.0,1,0,0,-1.0,0,-1.0,1,0,1695.38,1695.38,1695.38,0.0,0.0,0,0.0,1,0,legitimate,n/a,e49118ed-3349-4d14-b2aa-cd6d664a7421,0.0
legit_sess_70b781db-4a1b-4c26-98df-062c77263351,3,1,0,0,5,139432.0,0.07745711171036777,32555.0,32334.0,3.0,15731.0,1,0,0,-1.0,0,-1.0,3,0,2670.6866666666665,3231.71,2081.0,470.21241018170593,0.17606423698089105,1,-1.0,1,0,legitimate,n/a,cc42d7c6-4fd8-4e8b-9bb1-7fee389ee002,0.0
legit_sess_0344e2d1-14a9-4bb2-830f-acdaa0513a8f,0,1,0,0,2,324.0,0.0,324.0,324.0,0.0,-1.0,1,0,0,-1.0,0,-1.0,0,0,0.0,0.0,0.0,0.0,0.0,0,0.0,0,0,legitimate,n/a,6fa482d1-cd4e-4a7d-a156-840fdde4faf1,0.0
legit_sess_00fee717-480a-40ef-829f-7742391c90ec,17,1,0,0,19,293310.0,0.20865296103099112,12216.625,750.0,17.0,76780.0,1,0,0,-1.0,0,-1.0,17,0,2807.3417647058823,3391.67,2079.47,383.72743202059604,0.13668710979363005,1,-1.0,1,0,legitimate,n/a,1e7055f4-469a-48e4-8b0c-49a58825dfbe,0.0
legit_sess_1a4e7b18-19e4-441d-9826-c740e732314a,4,1,0,0,6,6713.0,2.1450916132876507,1445.6666666666667,1251.0,4.0,1099.0,1,0,0,-1.0,0,-1.0,4,0,3542.3175,3965.26,2866.3,408.6295004264254,0.11535654283570725,1,1.0,1,0,legitimate,n/a,5f94cc14-2305-4aca-97d6-60d1c66516e3,0.0
legit_sess_1136bf92-5af2-419a-8a8f-990041efef4f,2,1,0,0,4,69748.0,0.10322876641624132,50898.0,50898.0,2.0,17403.0,1,0,0,-1.0,0,-1.0,2,0,2402.71,2765.04,2040.38,362.3299999999999,0.1508005543740193,1,-1.0,1,0,legitimate,n/a,97f2ec07-0637-4d96-bd91-1cf840c3f510,0.0
legit_sess_4459e82f-7ad3-4ee9-9972-c579c6df093c,1,1,0,0,3,34105.0,0.1055563700337194,34105.0,34105.0,1.0,1242.0,1,0,0,-1.0,0,-1.0,1,0,1158.15,1158.15,1158.15,0.0,0.0,0,0.0,1,0,legitimate,n/a,ad87e50d-1f6f-47a0-802c-bb7cdf54fa50,0.0
legit_sess_1a456cee-a38a-4772-bb4e-f5fd6408217d,6,1,0,0,8,193368.0,0.11170410822886931,26760.6,5162.0,6.0,25772.0,1,0,0,-1.0,0,-1.0,6,0,449.655,546.82,399.4,61.36972862630784,0.13648181078005991,1,-1.0,1,0,legitimate,n/a,714b6caa-6c89-4c3d-b319-c55af244bf16,0.0
legit_sess_2b3c4d97-55b2-4656-b173-128dffaa965f,10,1,0,0,12,214522.0,0.16781495604180457,18650.88888888889,272.0,10.0,20078.0,1,0,0,-1.0,0,-1.0,10,0,2795.156,3459.21,1905.39,460.0886507663496,0.1646021369706555,1,1.0,1,0,legitimate,n/a,2a938e3a-f1cd-4229-b4b1-37a5dfcb50c4,0.0
legit_sess_ac87c5b9-5e01-4dc2-bae7-1d6eddedf27e,9,1,0,0,11,26227.0,1.23536813207763,2928.125,1118.0,9.0,959.0,1,0,0,-1.0,0,-1.0,9,0,2122.682222222222,2700.44,1586.2,345.2213515598934,0.1626344951428874,1,1.0,1,0,legitimate,n/a,2465e080-4e2a-4f1b-90e2-6b6c544a0b3c,0.0
legit_sess_fe7d1164-450a-4988-b203-cb078ad57e23,8,1,0,0,10,547353.0,0.0526168669944259,74485.28571428571,2423.0,8.0,7320.0,1,0,0,-1.0,0,-1.0,8,0,1430.8775,2191.38,785.15,429.45533818285463,0.3001342450229699,1,-1.0,1,0,legitimate,n/a,f09dbac6-48ce-4c32-8b7b-653f58dc047b,0.0
legit_sess_81314da7-fde8-452c-9e7a-d7b15206bfee,0,1,0,0,2,58370.0,0.0,58370.0,58370.0,0.0,-1.0,1,0,0,-1.0,0,-1.0,0,0,0.0,0.0,0.0,0.0,0.0,0,0.0,0,0,legitimate,n/a,27ead21b-a5cf-4dd4-9560-42b835818ae9,0.0
legit_sess_ff4a5a31-17f6-4f41-ae79-e50cfc19da32,6,1,0,0,8,150985.0,0.14306056893068847,26560.6,1235.0,6.0,16230.0,1,0,0,-1.0,0,-1.0,6,0,2776.3700000000003,3478.75,2265.85,455.9927969094834,0.16424064404581643,1,1.0,1,0,legitimate,n/a,b580f989-5239-44e0-8dd8-972056f813c8,0.0
legit_sess_0dc5b596-962a-4870-aab0-1cfa0663c518,2,1,0,0,4,4176.0,1.7241379310344829,1137.0,1137.0,2.0,1448.0,1,0,0,-1.0,0,-1.0,2,0,3373.38,4187.53,2559.23,814.1499999999999,0.24134547545784935,0,1.0,1,0,legitimate,n/a,42f32846-fdb3-4c62-ae9b-73435d417373,0.0
legit_sess_1b69164c-6ced-428c-844c-2a5d9a9da692,7,1,0,0,9,181656.0,0.13872374157748713,26530.666666666668,1028.0,7.0,3238.0,1,0,0,-1.0,0,-1.0,7,0,2743.0642857142857,3313.54,1567.51,532.0600912855384,0.19396559317128492,1,-1.0,1,0,legitimate,n/a,c9b26ff0-2c58-4c6b-a804-bf2ab43f02b6,0.0
legit_sess_c5e90368-7ef0-45fc-9395-eacc5a13a6b1,0,1,0,0,2,3424.0,0.0,3424.0,3424.0,0.0,-1.0,1,0,0,-1.0,0,-1.0,0,0,0.0,0.0,0.0,0.0,0.0,0,0.0,0,0,legitimate,n/a,6f1b0a58-ddd6-4bd0-a4f6-d48b389fe420,0.0
legit_sess_d97a9ebf-0459-42bd-a627-4325549945d4,3,1,0,0,5,103538.0,0.10430952886862795,7867.5,5372.0,3.0,39717.0,1,0,0,-1.0,0,-1.0,3,0,1979.9566666666667,2328.9,1542.76,326.95107996287294,0.1651304220275223,1,-1.0,1,0,legitimate,n/a,2ec99508-9205-4ff0-87c6-532d1cf37000,0.0
legit_sess_4a267c19-863e-4676-8ade-dc2099ee91e3,0,1,0,0,2,133646.0,0.0,133646.0,133646.0,0.0,-1.0,1,0,0,-1.0,0,-1.0,0,0,0.0,0.0,0.0,0.0,0.0,0,0.0,0,0,legitimate,n/a,0646e5bb-6a98-4cc1-98a6-d44d04b4e421,0.0
legit_sess_dc10b583-2f3e-443a-b908-1c1edf65bce0,14,1,0,0,16,332179.0,0.15172542514728504,24974.0,2563.0,14.0,6369.0,1,0,0,-1.0,0,-1.0,14,0,1244.6042857142859,1679.13,820.52,308.4979361291067,0.24786829008230343,1,-1.0,1,0,legitimate,n/a,77ee337c-43ea-49c6-ba33-97c91544ba7a,0.0
legit_sess_3a7b3f0f-b2c1-4b68-9819-2ce4b33defb8,5,1,0,2,9,202019.0,0.08910053014815437,35566.5,16370.0,5.0,13527.0,1,0,0,-1.0,1,20159.0,5,0,4788.676,5560.35,4099.31,490.622438117133,0.10245471569117079,1,-1.0,1,0,legitimate,n/a,f30b8ddf-5ded-4b28-8198-18f281bc896a,-69.3895195857995
legit_sess_43e6bca1-251f-40e5-b8b3-341de3313706,11,1,0,0,13,317663.0,0.1246604105608774,31326.8,1342.0,11.0,2954.0,1,0,0,-1.0,0,-1.0,11,0,687.8318181818182,1030.41,522.39,150.3515629702708,0.21858768233156609,1,-1.0,1,0,legitimate,n/a,183c6fe8-ebb9-4b26-bf2f-a41ddd42d8f5,0.0
legit_sess_1f44af18-0c13-4e19-b88b-15392260643c,1,1,0,0,3,44331.0,0.0812072815862489,44331.0,44331.0,1.0,37168.0,1,0,0,-1.0,0,-1.0,1,0,1589.75,1589.75,1589.75,0.0,0.0,0,0.0,1,0,legitimate,n/a,4eefc6d5-beb9-4085-a66a-2cab110fa0ee,0.0
legit_sess_6ddffe5f-8c11-4050-845c-a795b754d058,9,1,0,0,11,245866.0,0.1317790991841084,27252.0,90.0,9.0,25581.0,1,0,0,-1.0,0,-1.0,9,0,3141.956666666667,3630.15,2246.51,460.87321987722396,0.14668350609881864,1,1.0,1,0,legitimate,n/a,03e3c01b-0e76-4ecf-8952-d8c5460f19c8,0.0
legit_sess_ed3044d7-d3ce-4af7-b054-326aa7bf7334,7,1,0,0,9,131546.0,0.19156796861934228,18238.333333333332,1645.0,7.0,20170.0,1,0,0,-1.0,0,-1.0,7,0,1653.9871428571428,2446.68,1204.68,386.1477014494503,0.23346475401399325,1,-1.0,1,0,legitimate,n/a,ced3463f-cc5b-4ae2-afab-25f03bc89378,0.0
legit_sess_c1b7ab51-b41a-43b5-b417-7b750fb1bec6,0,1,0,0,2,19590.0,0.0,19590.0,19590.0,0.0,-1.0,1,0,0,-1.0,0,-1.0,0,0,0.0,0.0,0.0,0.0,0.0,0,0.0,0,0,legitimate,n/a,aa069dd3-e42a-40ad-88ad-4972d1cee715,0.0
legit_sess_583a31c3-7482-4c46-9c0f-ce62830b0d27,3,1,0,0,5,71523.0,0.15100037750094375,2282.0,570.0,3.0,26620.0,1,0,0,-1.0,0,-1.0,3,0,999.3833333333333,1092.1,942.7,66.1003824161067,0.06614116947061358,0,1.0,1,0,legitimate,n/a,24919ffa-6b3a-478e-9f91-36633835ab69,0.0
legit_sess_fa9b2f99-f385-45c5-88c4-3a8d23cf8258,13,1,0,0,15,145545.0,0.32155003607131816,4458.916666666667,1223.0,13.0,41237.0,1,0,0,-1.0,0,-1.0,13,0,1104.1515384615386,1556.32,812.0,225.75228993969864,0.20445770537461636,1,1.0,1,0,legitimate,n/a,ea1f82b1-831d-45ed-9dbd-8b9f23140856,0.0
legit_sess_8611dfda-70b0-4453-aae8-fa1506975d36,0,1,0,0,2,1619.0,0.0,1619.0,1619.0,0.0,-1.0,1,0,0,-1.0,0,-1.0,0,0,0.0,0.0,0.0,0.0,0.0,0,0.0,0,0,legitimate,n/a,28f277d3-35b1-45eb-a6b5-66295b607b8e,0.0
legit_sess_3edcf1b8-fcd1-4015-8713-01b7f5f03d12,3,1,0,0,5,118199.0,0.0913713313987428,55035.5,7078.0,3.0,7456.0,1,0,0,-1.0,0,-1.0,3,0,2489.77,2760.53,2292.39,198.03574290179722,0.07953977391558145,0,1.0,1,0,legitimate,n/a,44d5ad11-1eee-4285-a241-cf78caaf7ba1,0.0
legit_sess_9ad1dca3-1c29-4009-bc78-2aeba54cba2e,3,1,0,0,4,386858.0,0.0279172202720378,105025.0,17474.0,3.0,176808.0,1,0,0,-1.0,0,-1.0,3,0,436.48,546.6,341.5,84.41333701890163,0.19339565849271817,1,-1.0,1,0,legitimate,n/a,2f594c37-f4d6-4730-b9fa-1b8379076114,0.0
legit_sess_847f5a89-6b16-4810-813d-ad74cfdd3717,4,1,0,0,6,193750.0,0.0743225806451613,58421.0,13860.0,4.0,10681.0,1,0,0,-1.0,0,-1.0,4,0,1893.09,2153.77,1578.27,207.42043329913278,0.10956712744725966,1,1.0,1,0,legitimate,n/a,bd5480a6-b5a8-433b-8369-e01ac94fc1ab,0.0
legit_sess_5b8246e2-a104-4f54-a22a-748955b967a3,8,1,0,0,10,400459.0,0.0719174746977843,45090.42857142857,12631.0,8.0,80720.0,1,0,0,-1.0,0,-1.0,8,0,2695.55125,3626.76,1820.42,635.2526919352154,0.23566707994708516,1,1.0,1,0,legitimate,n/a,7c338b41-b20c-49ef-a267-f1a7cf4162dd,0.0
legit_sess_88e77d01-b78f-4912-911e-2526202a03b7,4,1,0,1,7,169268.0,0.08507219320840324,26135.333333333332,1029.0,4.0,51510.0,1,0,0,-1.0,1,1668.0,4,0,2623.69,3104.98,1989.8,472.90913529979525,0.1802458123100653,1,1.0,1,0,legitimate,n/a,e52126e5-50fc-416f-a948-d82b9d7d83e7,-1.5216048737367618
legit_sess_510a615c-f78b-43d1-adc8-8c9b8210199a,7,1,0,0,9,257380.0,0.09790970549382237,39975.833333333336,1096.0,7.0,1124.0,1,0,0,-1.0,0,-1.0,7,0,2598.6071428571427,3711.06,1897.43,583.3053315549312,0.22446845540245564,1,1.0,1,0,legitimate,n/a,7cf0b2c5-055d-4af0-8a8a-a1471d1353f7,0.0
legit_sess_5d490e88-6f18-41ff-879c-b2e357fbbab8,0,1,0,0,2,11356.0,0.0,11356.0,11356.0,0.0,-1.0,1,0,0,-1.0,0,-1.0,0,0,0.0,0.0,0.0,0.0,0.0,0,0.0,0,0,legitimate,n/a,d58eeefd-5874-46a7-ba4f-f335340f0de0,0.0
legit_sess_74984df7-6b9b-429d-bb33-2b8e94b3aa16,0,1,0,0,2,24708.0,0.0,24708.0,24708.0,0.0,-1.0,1,0,0,-1.0,0,-1.0,0,0,0.0,0.0,0.0,0.0,0.0,0,0.0,0,0,legitimate,n/a,fe48ef63-1e56-4408-8465-3cde776200b5,0.0
legit_sess_85d804a7-8f01-428f-a80a-56ff916a5ab9,3,1,0,0,5,7233.0,1.4931563666528411,1815.5,1533.0,3.0,2283.0,1,0,0,-1.0,0,-1.0,3,0,1933.0566666666666,2475.09,1463.56,416.12851479107064,0.21526969279624705,1,-1.0,1,0,legitimate,n/a,5aecfabb-4afa-4e69-8a05-9e92d3a43d90,0.0
legit_sess_c304de6c-3e0a-4adf-a1df-f09cede52a99,3,1,0,0,5,110654.0,0.09760153270555064,45869.5,4341.0,3.0,8573.0,1,0,0,-1.0,0,-1.0,3,0,1203.0033333333333,1507.27,1041.79,215.27672073145501,0.178949396702798,1,1.0,1,0,legitimate,n/a,931335ee-9c6b-47e2-ac7d-a744684ae995,0.0
legit_sess_4f6a15f3-3e82-4ef1-995e-e9458609130e,1,1,0,0,3,67205.0,0.05356744289859386,67205.0,67205.0,1.0,10767.0,1,0,0,-1.0,0,-1.0,1,0,126.2,126.2,126.2,0.0,0.0,0,0.0,1,0,legitimate,n/a,2114682c-735d-4fe6-9f9c-e40eaf451db4,0.0
legit_sess_8e2febd3-c29b-426b-9ed3-3dafb15fc992,0,1,0,0,2,8464.0,0.0,8464.0,8464.0,0.0,-1.0,1,0,0,-1.0,0,-1.0,0,0,0.0,0.0,0.0,0.0,0.0,0,0.0,0,0,legitimate,n/a,364a1093-73fa-41a2-b4f2-b7a098fbcb7e,0.0
legit_sess_52ab7aaa-e8d9-4d12-89c2-cd58f7298f7c,10,1,1,2,15,423898.0,0.08492609071050111,38540.0,1244.0,10.0,30290.0,1,0,1,24748.0,1,11883.0,10,0,2360.621,3066.28,1674.36,391.31604844294344,0.1657682654025968,1,1.0,1,0,legitimate,n/a,3ef68756-fe11-4ebc-806c-61326564d134,-0.2931768882090053
legit_sess_7b903cbe-7a7d-4b28-a67b-5f28423edbf3,4,1,0,0,6,24709.0,0.5827836011170019,6753.666666666667,1311.0,4.0,3387.0,1,0,0,-1.0,0,-1.0,4,0,1229.9425,1392.19,909.6,189.35585802596654,0.1539550491392618,1,-1.0,1,0,legitimate,n/a,c4da54f5-f760-4227-9798-ae4eb473fc48,0.0
legit_sess_895eba54-384d-4635-86f0-ceeeb64f6b65,1,1,0,0,3,33618.0,0.10708548991611637,33618.0,33618.0,1.0,19179.0,1,0,0,-1.0,0,-1.0,1,0,947.17,947.17,947.17,0.0,0.0,0,0.0,1,0,legitimate,n/a,8b7c5a45-4508-40a2-b240-78b217b6af7d,0.0
legit_sess_2bb93d2a-ccdc-438c-a861-bc052f30b862,0,1,0,0,2,24966.0,0.0,24966.0,24966.0,0.0,-1.0,1,0,0,-1.0,0,-1.0,0,0,0.0,0.0,0.0,0.0,0.0,0,0.0,0,0,legitimate,n/a,c50b2038-9b09-436a-babf-b898875eb916,0.0
legit_sess_07e0c824-2710-4970-a556-4c1d6ed3247f,2,1,0,0,4,60924.0,0.11818002757533978,22312.0,22312.0,2.0,37560.0,1,0,0,-1.0,0,-1.0,2,0,35.575,37.4,33.75,1.8249999999999993,0.05130007027406885,1,-1.0,1,0,legitimate,n/a,6f1b0a58-ddd6-4bd0-a4f6-d48b389fe420,0.0
legit_sess_d82f49b5-283b-470b-befd-04bc3aad7b31,0,1,0,0,2,8952.0,0.0,8952.0,8952.0,0.0,-1.0,1,0,0,-1.0,0,-1.0,0,0,0.0,0.0,0.0,0.0,0.0,0,0.0,0,0,legitimate,n/a,5c0412d2-29f4-436e-bbf7-3ce8a9c3d962,0.0
legit_sess_a36f8eef-4330-4299-ab60-9bf11808c8b6,6,1,0,0,7,530842.0,0.04069007350586427,15948.0,10980.0,6.0,451102.0,1,0,0,-1.0,0,-1.0,6,0,426.4783333333333,645.75,256.86,132.265748579223,0.3101347436467417,0,1.0,1,0,legitimate,n/a,142fcb2e-01c7-432d-b128-bd56c4cf6da0,0.0
legit_sess_1556c36c-1ae1-4ab1-b130-10cd4b98c1c3,0,1,0,0,2,12599.0,0.0,12599.0,12599.0,0.0,-1.0,1,0,0,-1.0,0,-1.0,0,0,0.0,0.0,0.0,0.0,0.0,0,0.0,0,0,legitimate,n/a,812a1df2-40d2-466b-8e89-9f6dd021bf8b,0.0
legit_sess_a5ee2515-3f49-4038-b60a-b713457b391c,2,1,0,0,4,179664.0,0.04007480630510286,40999.0,40999.0,2.0,137019.0,1,0,0,-1.0,0,-1.0,2,0,1808.83,1980.94,1636.72,172.11,0.0951499035288004,0,1.0,1,0,legitimate,n/a,662d8025-dc36-42e3-9c72-141cb61dddb0,0.0
legit_sess_9a52a4da-290c-472b-87f2-f1336f3d3288,4,1,0,0,5,518703.0,0.027761551408031184,169125.33333333334,99147.0,4.0,11327.0,1,0,0,-1.0,0,-1.0,4,0,605.0525,734.88,480.58,97.37968406577421,0.16094418924932002,1,1.0,1,0,legitimate,n/a,87afd780-2292-40c1-ab9a-7a55c496c1c8,0.0
legit_sess_9571d014-e4d1-48b7-ab5d-a012cb58d0a2,0,1,0,0,2,1872.0,0.0,1872.0,1872.0,0.0,-1.0,1,0,0,-1.0,0,-1.0,0,0,0.0,0.0,0.0,0.0,0.0,0,0.0,0,0,legitimate,n/a,28f277d3-35b1-45eb-a6b5-66295b607b8e,0.0
legit_sess_ff2bb291-c5b4-47e3-8a21-94f4855c08d5,0,1,0,0,2,2073.0,0.0,2073.0,2073.0,0.0,-1.0,1,0,0,-1.0,0,-1.0,0,0,0.0,0.0,0.0,0.0,0.0,0,0.0,0,0,legitimate,n/a,8a6243fd-75b0-4b15-a28d-a935caaa8e50,0.0
legit_sess_3f1ae39d-2604-4974-ab25-96b30e76f0c7,4,1,0,0,6,314763.0,0.045748706169403644,82658.66666666667,63762.0,4.0,32512.0,1,0,0,-1.0,0,-1.0,4,0,1555.1450000000002,1855.55,943.35,358.1793825375771,0.23031896224312012,1,-1.0,1,0,legitimate,n/a,f424cfbc-2385-44c4-ae13-1f791a581f4c,0.0
legit_sess_c98eed29-ec60-47eb-adf3-16b89a2984a1,1,1,0,0,3,121385.0,0.02965770070437039,121385.0,121385.0,1.0,118490.0,1,0,0,-1.0,0,-1.0,1,0,425.07,425.07,425.07,0.0,0.0,0,0.0,1,0,legitimate,n/a,4b7cd1f8-4474-4da4-a763-07d1bdce4d90,0.0
legit_sess_a539a8f1-59fa-408a-896d-4ce789903756,2,1,0,0,4,147186.0,0.04891769597651951,8972.0,8972.0,2.0,13640.0,1,0,0,-1.0,0,-1.0,2,0,4587.955,5348.99,3826.92,761.0349999999999,0.1658767359313681,1,-1.0,1,0,legitimate,n/a,ee36196b-ea01-4583-99c1-4c26c647ebd1,0.0
legit_sess_94551f8d-4907-4834-9b88-76d1e1dd6361,6,1,0,0,8,95196.0,0.22690028992814826,18397.6,1205.0,6.0,1818.0,1,0,0,-1.0,0,-1.0,6,0,3094.16,3845.73,2345.56,562.6802139463113,0.18185233276440496,1,1.0,1,0,legitimate,n/a,42f32846-fdb3-4c62-ae9b-73435d417373,0.0
legit_sess_7d9e1b80-e976-4ac0-aa36-e6a248c12649,2,1,0,0,4,77806.0,0.09253785055137136,28574.0,28574.0,2.0,987.0,1,0,0,-1.0,0,-1.0,2,0,1108.6,1264.42,952.78,155.82000000000005,0.14055565578206752,0,1.0,1,0,legitimate,n/a,6da9fc8f-75e1-404d-844b-b0be52dda740,0.0
legit_sess_e912de07-b36d-4535-b13e-e0a0314f1286,0,1,0,0,2,16379.0,0.0,16379.0,16379.0,0.0,-1.0,1,0,0,-1.0,0,-1.0,0,0,0.0,0.0,0.0,0.0,0.0,0,0.0,0,0,legitimate,n/a,6a091d11-1719-479c-a5ad-3197aec9fc6c,0.0
legit_sess_b61949f2-1660-4298-813d-d643de2f4ff6,6,1,0,1,8,454686.0,0.04750531135772819,81445.8,15692.0,6.0,47457.0,1,0,0,-1.0,1,2410.0,6,0,825.12,1011.88,658.73,130.69158134070202,0.15839099929792275,1,1.0,1,0,legitimate,n/a,922c6c73-4567-46fe-8681-edaf27db1173,-0.565584027711307
legit_sess_7299a2f4-f8c5-4513-ad47-e20f9a0ff09c,5,1,0,0,6,435986.0,0.04128572935828215,97946.5,1355.0,5.0,44200.0,1,0,0,-1.0,0,-1.0,5,0,407.55600000000004,585.71,300.61,100.85215944143191,0.2474559556022532,1,1.0,1,0,legitimate,n/a,51464143-02c1-4c37-aecc-39e9ebbc8d79,0.0
legit_sess_b534aae5-493a-4f9b-8c0a-ddefadb6e1cb,2,1,0,0,4,32467.0,0.22176363692364554,1297.0,1297.0,2.0,29448.0,1,0,0,-1.0,0,-1.0,2,0,2056.33,2287.84,1824.82,231.5100000000001,0.11258406967753236,0,1.0,1,0,legitimate,n/a,a7f7d6ec-ff02-4814-b5e1-ae00ec5e8396,0.0
legit_sess_5373f30f-7826-412f-b13b-d06f068e3fd4,9,1,0,0,11,478137.0,0.06776300516379197,53749.5,6429.0,9.0,36755.0,1,0,0,-1.0,0,-1.0,9,0,4223.226666666667,5912.99,2880.18,863.0319805713394,0.20435369651909266,1,1.0,1,0,legitimate,n/a,9628ee8d-f90f-402b-b594-4b503e84ed92,0.0
legit_sess_38c0254f-8b21-4a92-9526-680e5e274f16,1,1,0,0,3,480852.0,0.007486711087819122,480852.0,480852.0,1.0,298794.0,1,0,0,-1.0,0,-1.0,1,0,417.2,417.2,417.2,0.0,0.0,0,0.0,1,0,legitimate,n/a,06dfc91b-f5e5-4458-8d3c-92fb8d1f3131,0.0
legit_sess_30ddee86-8b5b-43a5-ac9f-4d5473786883,4,1,0,0,6,9400.0,1.5319148936170213,1754.6666666666667,1474.0,4.0,2891.0,1,0,0,-1.0,0,-1.0,4,0,88.985,97.07,80.43,7.95731581627875,0.089423114190917,1,-1.0,1,0,legitimate,n/a,e79a262b-e8db-476b-8d33-f36c7b564757,0.0
legit_sess_cb1d3b2d-634d-4769-b862-e2c301007a4d,3,1,0,0,5,6375.0,1.6941176470588235,1837.5,1750.0,3.0,1373.0,1,0,0,-1.0,0,-1.0,3,0,2861.103333333333,3626.95,2166.64,598.3020470371874,0.20911584704636818,1,1.0,1,0,legitimate,n/a,7bb1d124-4d03-4b72-bd19-26aca7ef4f5d,0.0
legit_sess_eea5b74b-9980-4275-b657-0bc184c6c040,3,1,0,0,5,102046.0,0.10583462360112107,15420.0,12722.0,3.0,13790.0,1,0,0,-1.0,0,-1.0,3,0,132.48000000000002,137.79,124.72,5.609997029113889,0.04234599206758672,1,-1.0,1,0,legitimate,n/a,6442a535-467f-4b29-9393-0b68c0ac79dc,0.0
legit_sess_a8ffe40a-d068-4ca6-bb35-30b08c30536c,0,1,1,0,3,8490.0,0.0,8490.0,8490.0,0.0,-1.0,1,0,1,-1.0,0,-1.0,0,0,0.0,0.0,0.0,0.0,0.0,0,0.0,0,0,legitimate,n/a,ad87b09e-5da8-4a98-a064-b4cc25337682,0.0
legit_sess_238dd484-43c5-4915-8684-e7f98c7fda1c,2,1,0,0,4,29362.0,0.24521490361691983,3581.0,3581.0,2.0,24025.0,1,0,0,-1.0,0,-1.0,2,0,1263.355,1353.12,1173.59,89.76499999999999,0.07105287112490154,0,1.0,1,0,legitimate,n/a,f29a2b33-fd5d-45df-9e4a-e720b73f2cec,0.0
legit_sess_aa179790-08a4-43a5-9d52-c9ec395b183f,6,1,0,0,8,74011.0,0.2918485090054181,4850.6,1366.0,6.0,48314.0,1,0,0,-1.0,0,-1.0,6,0,2664.008333333333,3280.59,2268.66,381.40483983193275,0.14316953706924068,1,1.0,1,0,legitimate,n/a,3abbc1d7-5481-4010-b8e5-b00c035cee89,0.0
legit_sess_7bb4ad4d-f978-4a11-bfe3-034dc84bc22c,0,1,0,0,2,1344.0,0.0,1344.0,1344.0,0.0,-1.0,1,0,0,-1.0,0,-1.0,0,0,0.0,0.0,0.0,0.0,0.0,0,0.0,0,0,legitimate,n/a,873c0308-544b-416a-9c66-11ff136d1af5,0.0
legit_sess_3fba2d25-196c-4ec1-a8b7-8570e4ec4227,3,1,0,0,5,157762.0,0.06845754998035014,26652.5,13909.0,3.0,102633.0,1,0,0,-1.0,0,-1.0,3,0,557.6933333333333,744.81,457.43,132.4246760321588,0.2374507065391233,1,-1.0,1,0,legitimate,n/a,9e097fe3-d7fa-41b8-9397-1494b402b288,0.0
legit_sess_8ea4173c-6649-4f83-a9d1-5c1b964e69e5,2,1,0,0,4,484532.0,0.014859699668958911,192825.0,192825.0,2.0,66307.0,1,0,0,-1.0,0,-1.0,2,0,82.69,97.65,67.73,14.96,0.1809166767444673,0,1.0,1,0,legitimate,n/a,c61c96db-d8d4-450d-89df-5e79bf7b6c6c,0.0
legit_sess_4907b44d-009a-4795-9be4-6e6cd15ba4be,2,1,0,0,4,70432.0,0.10222626079054975,37050.0,37050.0,2.0,32015.0,1,0,0,-1.0,0,-1.0,2,0,1538.1,1715.13,1361.07,177.0300000000001,0.1150965476887069,1,-1.0,1,0,legitimate,n/a,75bba463-c516-4de4-a332-89b6c4ec2750,0.0
legit_sess_c44fca67-bc5a-462d-97ad-0b9e9c1f3f4a,3,1,0,0,5,194686.0,0.05547394265638001,31467.0,21478.0,3.0,61299.0,1,0,0,-1.0,0,-1.0,3,0,912.7033333333334,1075.9,636.86,196.13937907065534,0.21489937848076446,1,-1.0,1,0,legitimate,n/a,eee9b19c-e87a-4afd-9333-737d7e1c6389,0.0
legit_sess_8fc588da-7b06-4474-8a7d-74e6418a942d,2,1,0,0,3,483842.0,0.014880890869333379,114991.0,114991.0,2.0,368851.0,1,0,0,-1.0,0,-1.0,2,0,207.26500000000001,271.29,143.24,64.025,0.30890406001978143,1,-1.0,1,0,legitimate,n/a,56bcad9d-d927-47d1-8a82-b5594f2c4af1,0.0
legit_sess_057bbd18-6969-4bd0-80a0-b7efacd18c2f,1,1,0,0,3,16627.0,0.21651530642930175,16627.0,16627.0,1.0,14352.0,1,0,0,-1.0,0,-1.0,1,0,2738.72,2738.72,2738.72,0.0,0.0,0,0.0,1,0,legitimate,n/a,57a4c6e5-8297-4497-b879-bf39da7d30bb,0.0
legit_sess_86ab1400-21c3-49be-96a2-6ad14279359f,8,1,0,0,10,524982.0,0.05485902373795672,61077.857142857145,17285.0,8.0,47717.0,1,0,0,-1.0,0,-1.0,8,0,1420.365,1779.85,1190.35,210.78308903941988,0.14840064986071883,1,-1.0,1,0,legitimate,n/a,f95cd16e-a706-417b-9daf-e8b9b7f04373,0.0
legit_sess_54fd7440-15d7-4082-95b4-5143648ea5cc,1,1,0,0,3,152789.0,0.023561905634567934,152789.0,152789.0,1.0,144598.0,1,0,0,-1.0,0,-1.0,1,0,116.76,116.76,116.76,0.0,0.0,0,0.0,1,0,legitimate,n/a,dd15d50d-d505-4fe5-9c9c-7e25619a6461,0.0
legit_sess_2ab44854-63c3-4972-8339-ca4ee32192f4,1,1,0,0,3,3185.0,1.130298273155416,3185.0,3185.0,1.0,1285.0,1,0,0,-1.0,0,-1.0,1,0,776.37,776.37,776.37,0.0,0.0,0,0.0,1,0,legitimate,n/a,ba4717de-ff28-4fad-9553-b55cf30cff22,0.0
legit_sess_a66abf75-9238-4b5f-b91f-be1708110b7c,0,1,0,0,2,35343.0,0.0,35343.0,35343.0,0.0,-1.0,1,0,0,-1.0,0,-1.0,0,0,0.0,0.0,0.0,0.0,0.0,0,0.0,0,0,legitimate,n/a,05fb582c-854d-4350-b314-8940d3efa536,0.0
legit_sess_5aa42597-3794-496c-9e80-3b526a83f9e4,5,1,0,0,7,274146.0,0.06565844477030487,63913.0,3815.0,5.0,15253.0,1,0,0,-1.0,0,-1.0,5,0,394.144,548.95,316.47,85.26388604796288,0.21632673857261023,1,-1.0,1,0,legitimate,n/a,7f7465dc-1152-405d-9d74-824412165c30,0.0
legit_sess_40ee73c6-4c80-4d27-a57f-6b81aac5a740,2,1,0,0,3,548148.0,0.01313513868517262,396600.0,396600.0,2.0,151548.0,1,0,0,-1.0,0,-1.0,2,0,380.15999999999997,490.84,269.48,110.67999999999998,0.29114057239057234,0,1.0,1,0,legitimate,n/a,ecbe4386-9556-4de9-b0b3-6275ebd55d5a,0.0
legit_sess_33067d92-81ee-485b-9b5a-ae8e620283a7,2,1,0,0,4,107859.0,0.06675381748393737,7462.0,7462.0,2.0,59009.0,1,0,0,-1.0,0,-1.0,2,0,96.44999999999999,104.3,88.6,7.850000000000001,0.08138932089165372,0,1.0,1,0,legitimate,n/a,268d4599-5ccc-48c5-ba13-38f6c62f9ab0,0.0
legit_sess_1fbd3eb5-6e4b-4308-8a70-07bfe86d1eba,2,1,0,0,4,51931.0,0.13864551038878511,15750.0,15750.0,2.0,19770.0,1,0,0,-1.0,0,-1.0,2,0,1570.575,1816.15,1325.0,245.57500000000005,0.15635993187208508,0,1.0,1,0,legitimate,n/a,9235da42-500e-4010-b6e3-6f35a17296e1,0.0
legit_sess_ee60a4b2-5c0b-44ae-82b7-2eab48b4ddcb,4,1,0,0,6,36397.0,0.3956370030497019,2381.0,2215.0,4.0,27385.0,1,0,0,-1.0,0,-1.0,4,0,146.41,166.08,120.9,16.293142729381586,0.11128435714351197,1,1.0,1,0,legitimate,n/a,2d23dac8-b8ff-4724-8acc-654c5d17126a,0.0
legit_sess_11bf3d7e-3194-4d6d-86b8-d2ff4185fd4b,1,1,0,0,2,46273.0,0.07779914853154107,46273.0,46273.0,1.0,46273.0,1,0,0,-1.0,0,-1.0,1,0,209.52,209.52,209.52,0.0,0.0,0,0.0,1,0,legitimate,n/a,3002a032-184f-4ba2-a651-0ba340e4b12e,0.0
legit_sess_5d0ede05-20b0-4dd8-8327-8fe78538b664,7,1,0,1,9,440990.0,0.05714415292863784,73022.83333333333,5385.0,7.0,2853.0,1,0,0,-1.0,1,3259.0,7,0,820.0071428571429,970.56,629.81,112.33579988006441,0.13699368457773903,1,-1.0,1,0,legitimate,n/a,1669a05b-b782-4956-9d29-47ec0c79b733,-0.5505975552752129
legit_sess_a1466539-bdd7-434f-a76f-2c933e5bb2ad,0,1,0,0,2,2708.0,0.0,2708.0,2708.0,0.0,-1.0,1,0,0,-1.0,0,-1.0,0,0,0.0,0.0,0.0,0.0,0.0,0,0.0,0,0,legitimate,n/a,8a6243fd-75b0-4b15-a28d-a935caaa8e50,0.0
legit_sess_e8a77772-8715-40c9-af52-283a922fa9bb,0,1,0,0,2,39517.0,0.0,39517.0,39517.0,0.0,-1.0,1,0,0,-1.0,0,-1.0,0,0,0.0,0.0,0.0,0.0,0.0,0,0.0,0,0,legitimate,n/a,c52e3122-28dc-42d3-911e-add7ecb2cc25,0.0
legit_sess_e23e002b-f766-477d-ba70-7efccedec55b,0,1,0,0,2,2102.0,0.0,2102.0,2102.0,0.0,-1.0,1,0,0,-1.0,0,-1.0,0,0,0.0,0.0,0.0,0.0,0.0,0,0.0,0,0,legitimate,n/a,18554f8c-848c-4bcc-96c6-7dc3d239bf0b,0.0
legit_sess_5b8eaf5a-a409-40dc-ae84-8b0acf46f9fa,0,1,0,0,2,2897.0,0.0,2897.0,2897.0,0.0,-1.0,1,0,0,-1.0,0,-1.0,0,0,0.0,0.0,0.0,0.0,0.0,0,0.0,0,0,legitimate,n/a,0623ceae-af0f-4078-ad6d-e98ab7fc7a54,0.0
legit_sess_885de1b7-cd51-4f7a-8bdd-a8982f72d6d8,3,1,0,0,5,334949.0,0.03224371471477747,123132.5,41746.0,3.0,20589.0,1,0,0,-1.0,0,-1.0,3,0,2053.0866666666666,2380.59,1646.05,305.1026234273024,0.14860679209546393,1,-1.0,1,0,legitimate,n/a,53fb51b9-a78c-431e-a4fd-960e2edd27f7,0.0
legit_sess_47d0ebca-bf63-4307-807a-c0adf178f969,1,1,0,1,4,39720.0,0.09063444108761329,39720.0,39720.0,1.0,15775.0,1,0,0,-1.0,1,3122.0,1,0,4328.61,4328.61,4328.61,0.0,0.0,0,0.0,1,0,legitimate,n/a,ee9f585d-8513-4e93-9b2d-18e201300da2,-0.7004263657120953
legit_sess_ef581c14-7ec8-482f-876e-2c750d86f17a,6,1,1,0,9,34822.0,0.6202975130664522,5669.4,1590.0,6.0,3089.0,1,0,1,1623.0,0,-1.0,6,0,1745.28,2040.77,1287.99,298.089459502792,0.1707974992567336,1,1.0,1,0,legitimate,n/a,5aecfabb-4afa-4e69-8a05-9e92d3a43d90,0.0
legit_sess_dec4263d-c249-43e4-9022-48a6be4e119d,0,1,0,0,2,41266.0,0.0,41266.0,41266.0,0.0,-1.0,1,0,0,-1.0,0,-1.0,0,0,0.0,0.0,0.0,0.0,0.0,0,0.0,0,0,legitimate,n/a,b323de89-2e85-459a-a69c-04d2e7189ef5,0.0
legit_sess_16d42e7a-9fe0-4546-9cf4-9d38e7f708ae,3,1,0,0,5,50823.0,0.21250221356472462,13213.0,10342.0,3.0,12348.0,1,0,0,-1.0,0,-1.0,3,0,272.8733333333334,338.16,216.54,50.053156632612996,0.18343000402853454,0,1.0,1,0,legitimate,n/a,c08a58d7-5694-4a7a-852e-704d607a4732,0.0
legit_sess_d637e62d-304e-4b49-9a1e-1ae82709da64,0,1,0,1,3,55551.0,0.0,55551.0,55551.0,0.0,-1.0,1,0,0,-1.0,0,-1.0,0,0,0.0,0.0,0.0,0.0,0.0,0,0.0,0,0,legitimate,n/a,0f8044a8-02eb-4c86-882f-1a43b79b14f3,0.0
legit_sess_95475db2-626e-4940-a6fb-38da64b7751b,8,1,0,0,9,521442.0,0.055231454313231385,59626.71428571428,4595.0,8.0,104055.0,1,0,0,-1.0,0,-1.0,8,0,100.58625,108.68,81.29,8.402691440098225,0.08353717769673513,1,1.0,1,0,legitimate,n/a,d34979b3-cbf9-4e3f-b1f9-25cb7dd1e6c7,0.0
legit_sess_3b3f3ec6-4fec-4c88-adc1-a455b0c0e2b8,3,1,0,0,4,400645.0,0.026956532591196698,165004.5,90425.0,3.0,70636.0,1,0,0,-1.0,0,-1.0,3,0,410.4866666666667,452.25,375.24,31.77509751711585,0.07740835475886147,1,-1.0,1,0,legitimate,n/a,cd7a5a3d-3626-4dc2-b05b-7d6c477f3dcc,0.0
legit_sess_1c460cb8-79f7-420e-bd87-5d031b1ac99f,0,1,0,0,2,106701.0,0.0,106701.0,106701.0,0.0,-1.0,1,0,0,-1.0,0,-1.0,0,0,0.0,0.0,0.0,0.0,0.0,0,0.0,0,0,legitimate,n/a,ad87b09e-5da8-4a98-a064-b4cc25337682,0.0
legit_sess_ab2e613c-8640-4332-942e-58ee2ad07b16,14,1,0,0,16,490936.0,0.1026610393208076,37501.769230769234,46.0,14.0,1466.0,1,0,0,-1.0,0,-1.0,14,0,2454.0128571428572,3240.34,1527.87,549.3989670855724,0.22387778673874725,1,1.0,1,0,legitimate,n/a,873c0308-544b-416a-9c66-11ff136d1af5,0.0
legit_sess_7721d120-662b-477d-9c5d-1dbf61e99b7e,9,1,0,0,10,447888.0,0.07233951344979102,42596.5,203.0,9.0,107116.0,1,0,0,-1.0,0,-1.0,9,0,187.23777777777775,213.38,155.72,20.19036391603005,0.10783274697904655,1,1.0,1,0,legitimate,n/a,cd8e4dc5-4dd5-469a-8970-978f2f287d98,0.0
legit_sess_897155c9-21ac-4c9a-8237-f8d475ac80ef,3,1,0,0,5,293142.0,0.03684221298892687,112760.0,49815.0,3.0,3589.0,1,0,0,-1.0,0,-1.0,3,0,71.94,99.38,56.9,19.432920521630297,0.2701267795611662,1,-1.0,1,0,legitimate,n/a,73b3a2cf-c6bb-4658-af87-a4293bcfecf9,0.0
legit_sess_8d945a51-aff2-43c4-8dc2-90b61bb7e754,2,1,0,1,5,228001.0,0.0315788088648734,10038.0,10038.0,2.0,98251.0,1,0,0,-1.0,1,402.0,2,0,1546.825,1699.44,1394.21,152.615,0.09866339113991564,1,-1.0,1,0,legitimate,n/a,64212293-b1e6-4b4f-9163-fd17990d406c,-1.2281598672754896
legit_sess_fd65b9a3-7fe5-43c8-9fd0-1d4d167e6ba1,1,1,0,0,3,65171.0,0.055239293550812474,65171.0,65171.0,1.0,28794.0,1,0,0,-1.0,0,-1.0,1,0,804.46,804.46,804.46,0.0,0.0,0,0.0,1,0,legitimate,n/a,8fe5feef-3d8d-480f-82d5-b04d233f91d5,0.0
legit_sess_801f4e48-0afa-4be8-bb55-dadd23fb74af,3,1,0,0,5,169832.0,0.0635922558763955,45542.5,28564.0,3.0,22815.0,1,0,0,-1.0,0,-1.0,3,0,682.7599999999999,778.68,629.83,67.9469680461657,0.09951808548562556,1,-1.0,1,0,legitimate,n/a,364a1093-73fa-41a2-b4f2-b7a098fbcb7e,0.0
legit_sess_69dfe664-8213-47ba-a245-fc5e49c6ec04,0,1,0,0,2,35174.0,0.0,35174.0,35174.0,0.0,-1.0,1,0,0,-1.0,0,-1.0,0,0,0.0,0.0,0.0,0.0,0.0,0,0.0,0,0,legitimate,n/a,28f277d3-35b1-45eb-a6b5-66295b607b8e,0.0
legit_sess_201d6ca2-52a6-4c76-a325-ae8ebf520c1b,7,1,0,0,9,229511.0,0.1097986588878093,17644.666666666668,4237.0,7.0,111255.0,1,0,0,-1.0,0,-1.0,7,0,857.6385714285716,1156.85,685.39,163.84593777854428,0.19104310747781028,1,1.0,1,0,legitimate,n/a,ba4717de-ff28-4fad-9553-b55cf30cff22,0.0
legit_sess_0ddee79c-ab6a-4d02-adfe-554b65c5fd81,5,1,0,0,7,358800.0,0.05016722408026755,62352.75,40107.0,5.0,24589.0,1,0,0,-1.0,0,-1.0,5,0,2543.4559999999997,3212.54,1962.98,429.6448531799258,0.1689216771117432,1,-1.0,1,0,legitimate,n/a,a30eda12-616e-450d-a861-b69b6ef7c338,0.0
legit_sess_5146fa4c-bfda-498d-bb7e-a94f8194d755,0,1,0,0,2,27554.0,0.0,27554.0,27554.0,0.0,-1.0,1,0,0,-1.0,0,-1.0,0,0,0.0,0.0,0.0,0.0,0.0,0,0.0,0,0,legitimate,n/a,878a87a7-fca8-4360-aa54-8dab94bc8ac4,0.0
legit_sess_2c8ff430-20c5-4eda-b6b3-6da0ae2e02b0,2,1,0,1,5,101605.0,0.07086265439692928,18390.0,18390.0,2.0,44841.0,1,0,0,-1.0,1,24837.0,2,0,1118.145,1227.12,1009.17,108.97499999999997,0.09746052613927529,1,-1.0,1,0,legitimate,n/a,786fc8a0-23c3-469b-b38a-07e216a39bc7,-0.7222020746086271
legit_sess_1605e67b-c410-4081-8e61-0d1a0a65dcad,1,1,0,0,3,457606.0,0.007867029715519464,457606.0,457606.0,1.0,30842.0,1,0,0,-1.0,0,-1.0,1,0,2389.64,2389.64,2389.64,0.0,0.0,0,0.0,1,0,legitimate,n/a,bcb91fa1-8fa1-461f-b8a5-a600ec224e37,0.0
legit_sess_0d5041ac-5f98-4a43-815b-b72f6dde5ecc,0,1,0,0,2,1530.0,0.0,1530.0,1530.0,0.0,-1.0,1,0,0,-1.0,0,-1.0,0,0,0.0,0.0,0.0,0.0,0.0,0,0.0,0,0,legitimate,n/a,8a6243fd-75b0-4b15-a28d-a935caaa8e50,0.0
legit_sess_5cefd1e3-dc9e-4181-a3ef-8b08ea08ec64,1,1,0,0,2,113347.0,0.03176087589437744,113347.0,113347.0,1.0,113347.0,1,0,0,-1.0,0,-1.0,1,0,186.96,186.96,186.96,0.0,0.0,0,0.0,1,0,legitimate,n/a,ff5a1448-8a4c-4580-8f74-bbf46c55e29c,0.0
legit_sess_4e09025a-d1ae-4593-a7a6-01ffea180a53,4,1,0,0,6,158912.0,0.09061619009262988,40261.0,1690.0,4.0,36463.0,1,0,0,-1.0,0,-1.0,4,0,546.79,628.64,383.2,98.6039923126848,0.18033247190454252,1,-1.0,1,0,legitimate,n/a,18554f8c-848c-4bcc-96c6-7dc3d239bf0b,0.0
legit_sess_3accab48-3f3a-449f-bee9-df8d947a103b,14,1,0,1,16,367460.0,0.1371577858814565,25504.46153846154,2653.0,14.0,35902.0,1,0,0,-1.0,1,5539.0,14,0,1771.5521428571426,2433.29,876.33,350.06902825786824,0.19760582812610877,1,-1.0,1,0,legitimate,n/a,aa2d6c38-c71c-488c-8666-4843428bf773,-0.5103511982030169
legit_sess_9f157146-d9e6-4d37-ad54-a287245738d3,0,1,0,0,2,54448.0,0.0,54448.0,54448.0,0.0,-1.0,1,0,0,-1.0,0,-1.0,0,0,0.0,0.0,0.0,0.0,0.0,0,0.0,0,0,legitimate,n/a,6335877c-e0aa-4f44-b871-3c7735a2e760,0.0
legit_sess_2f22d538-fe59-4259-934d-b3f47ff44439,3,1,0,0,5,101759.0,0.1061331184465256,29962.5,1841.0,3.0,2928.0,1,0,0,-1.0,0,-1.0,3,0,2600.4966666666664,2885.39,2435.52,202.2881763447604,0.07778828519094189,1,1.0,1,0,legitimate,n/a,0623ceae-af0f-4078-ad6d-e98ab7fc7a54,0.0
legit_sess_e7c7a9c6-e660-42cf-badc-876721d83d43,0,1,0,0,2,1225.0,0.0,1225.0,1225.0,0.0,-1.0,1,0,0,-1.0,0,-1.0,0,0,0.0,0.0,0.0,0.0,0.0,0,0.0,0,0,legitimate,n/a,a41b0f98-c4b9-4a24-b36f-11498081e1df,0.0
legit_sess_8a47057d-7d00-4721-8ae5-0c802ed2bdcc,1,1,0,0,2,219512.0,0.016400014577790736,219512.0,219512.0,1.0,219512.0,1,0,0,-1.0,0,-1.0,1,0,131.26,131.26,131.26,0.0,0.0,0,0.0,1,0,legitimate,n/a,6fc820d2-d82c-4a01-a00a-673201a01d42,0.0
legit_sess_8152350a-2c4e-4890-b532-27d66e22097b,5,1,0,0,7,470615.0,0.03824782465497275,95837.0,5286.0,5.0,85236.0,1,0,0,-1.0,0,-1.0,5,0,1800.4,2046.2,1338.58,245.2007716137941,0.13619238592190297,1,-1.0,1,0,legitimate,n/a,2b8028c4-2c68-4f56-9664-26023e4edec5,0.0
legit_sess_60f1dfce-d734-4049-a034-357f8060c21d,4,1,0,1,6,354908.0,0.0405738952066451,61005.666666666664,19559.0,4.0,171891.0,1,0,0,-1.0,1,31727.0,4,0,53.035000000000004,57.9,43.81,5.459846609566974,0.1029479892442156,1,1.0,1,0,legitimate,n/a,f4ec72b1-7d26-4f92-a525-c8151bda7ad1,-0.04808295302465262
legit_sess_f2cbcfa5-1eda-4d90-a27e-68dd475a5fd8,3,1,0,0,5,233537.0,0.04624534870277515,19424.0,16209.0,3.0,56356.0,1,0,0,-1.0,0,-1.0,3,0,2480.6766666666667,2874.88,2194.99,287.97511840820954,0.11608732499393695,1,1.0,1,0,legitimate,n/a,8ebb7095-e8df-4bff-b183-1efbfb2cffcd,0.0
legit_sess_27433f08-c402-4586-a447-e4bf9e938cdc,0,1,0,0,2,87650.0,0.0,87650.0,87650.0,0.0,-1.0,1,0,0,-1.0,0,-1.0,0,0,0.0,0.0,0.0,0.0,0.0,0,0.0,0,0,legitimate,n/a,194f55a6-1ab5-4b26-b3e7-ca2b83b34f69,0.0
legit_sess_81a051b9-7eb3-47a8-8a44-77121c67055f,3,1,0,0,5,77511.0,0.13933506212021518,30906.5,12452.0,3.0,5547.0,1,0,0,-1.0,0,-1.0,3,0,317.83,391.99,277.2,52.519086689190125,0.16524269794918708,1,-1.0,1,0,legitimate,n/a,fe304b6f-f676-49bc-a5c2-20e77f7545c0,0.0
legit_sess_203bd25f-a233-435f-bb10-ca47a76ff5ff,3,1,0,0,4,88937.0,0.12143427369936022,33481.0,21082.0,3.0,21975.0,1,0,0,-1.0,0,-1.0,3,0,349.06,463.58,193.15,114.21600967756957,0.3272102494630424,1,-1.0,1,0,legitimate,n/a,62b1057a-4002-44c0-945a-41a56d03377d,0.0
legit_sess_1c1e64b3-a275-4dfb-8c25-4355bf01ce3d,4,1,0,0,6,92826.0,0.15512895094046927,22615.333333333332,2607.0,4.0,19572.0,1,0,0,-1.0,0,-1.0,4,0,79.3,108.28,66.74,16.82675696621307,0.2121911345045784,1,-1.0,1,0,legitimate,n/a,e79a262b-e8db-476b-8d33-f36c7b564757,0.0
legit_sess_eedd3185-d8d4-4e13-8d02-422db783628b,1,1,0,0,3,265578.0,0.013555339674220004,265578.0,265578.0,1.0,262951.0,1,0,0,-1.0,0,-1.0,1,0,653.81,653.81,653.81,0.0,0.0,0,0.0,1,0,legitimate,n/a,1847a1f9-6862-41e8-b649-c3f5f127f9c7,0.0
legit_sess_bad97069-fd35-4ef0-93ee-cdd538cc3f84,9,1,0,0,10,533615.0,0.06071793334145404,29300.875,715.0,9.0,299208.0,1,0,0,-1.0,0,-1.0,9,0,483.53000000000003,583.71,304.38,78.8898645792559,0.16315402266510018,1,-1.0,1,0,legitimate,n/a,cd2146c2-bbaa-4c10-8ffe-86958cf994bc,0.0
legit_sess_b9c44b73-2e20-457d-99e6-0304f91f55d4,0,1,0,0,2,6061.0,0.0,6061.0,6061.0,0.0,-1.0,1,0,0,-1.0,0,-1.0,0,0,0.0,0.0,0.0,0.0,0.0,0,0.0,0,0,legitimate,n/a,7a4835d8-c2b7-4628-8fa1-02a15998e513,0.0
legit_sess_5a61dcde-f233-4517-826b-fa74fa176680,2,1,0,2,5,461925.0,0.015586945932781296,324451.0,324451.0,2.0,53162.0,1,0,0,-1.0,1,298793.0,2,0,1023.3199999999999,1066.29,980.35,42.96999999999997,0.041990775124105824,1,-1.0,1,0,legitimate,n/a,1be03df0-ae9c-48bd-b8cd-9ec385b9c09a,4.666142309187239
legit_sess_bfa22c54-2016-44b8-960c-55f4f8f27f6e,2,1,0,0,4,49957.0,0.1441239465940709,3912.0,3912.0,2.0,42096.0,1,0,0,-1.0,0,-1.0,2,0,2468.79,2758.85,2178.73,290.05999999999995,0.11749075458017894,1,-1.0,1,0,legitimate,n/a,6694b89e-56ab-4e51-9cfe-42a6c6e362db,0.0
legit_sess_3c0c7555-075b-416d-85fa-f284ab580878,1,1,0,0,3,8501.0,0.4234795906363957,8501.0,8501.0,1.0,4102.0,1,0,0,-1.0,0,-1.0,1,0,778.19,778.19,778.19,0.0,0.0,0,0.0,1,0,legitimate,n/a,25552105-751d-4c41-8ca9-49989ad15d74,0.0
legit_sess_719b883f-be5f-451c-83e0-f45c0f6c7437,4,1,1,0,6,515345.0,0.027942446322366567,131003.33333333333,16282.0,4.0,122335.0,1,0,1,76838.0,0,-1.0,4,0,465.6625,575.82,376.88,71.52926407247598,0.1536075249187469,1,-1.0,1,0,legitimate,n/a,0decb3b5-05b4-4425-8bab-5f9fa7321d31,0.0
legit_sess_0a3bff9f-a2f2-498a-a8ff-460698de4e1e,3,1,0,1,5,492787.0,0.021916162561106522,227815.0,146528.0,3.0,37157.0,1,0,0,-1.0,1,230039.0,3,0,1418.4966666666667,1555.23,1324.86,98.86211351619434,0.06969499177499724,1,-1.0,1,0,legitimate,n/a,266a7a57-4727-4f36-9d27-c88b22d1279c,3.452502820528569
legit_sess_4d2e4f09-7129-40a0-b080-4f61365c652c,6,1,0,0,7,500773.0,0.04313331589362845,97420.8,3410.0,6.0,13669.0,1,0,0,-1.0,0,-1.0,6,0,1466.5966666666666,1822.35,1222.05,185.38878918520274,0.1264074802560141,1,-1.0,1,0,legitimate,n/a,fb1b0902-801f-430b-b8f2-a031b1853dc0,0.0
legit_sess_cd7c3d4f-667a-4f07-9493-f46ca9e53a4a,1,1,0,0,3,463731.0,0.007763121292300924,463731.0,463731.0,1.0,264138.0,1,0,0,-1.0,0,-1.0,1,0,481.92,481.92,481.92,0.0,0.0,0,0.0,1,0,legitimate,n/a,e47386fb-bf0a-4f0d-9460-62d01c49df9e,0.0
legit_sess_1e7c1f04-d28f-46fc-9e15-fbbfa6fb6309,6,1,0,0,8,197463.0,0.10938758147095912,31235.8,3495.0,6.0,36060.0,1,0,0,-1.0,0,-1.0,6,0,1789.9516666666668,1977.95,1451.95,163.36518401183963,0.0912679303324799,1,1.0,1,0,legitimate,n/a,2e78a3b6-c923-46c0-a0fa-084984809e89,0.0
legit_sess_481bbc85-c74f-4588-bc85-acd6aa690af0,0,1,0,0,2,9444.0,0.0,9444.0,9444.0,0.0,-1.0,1,0,0,-1.0,0,-1.0,0,0,0.0,0.0,0.0,0.0,0.0,0,0.0,0,0,legitimate,n/a,56a4a954-52c8-4f73-9bc7-d319122bc68a,0.0
legit_sess_94d8e3c7-068d-48a1-bf3a-560601f1498d,5,1,0,0,6,535270.0,0.03362788872905263,13013.75,11235.0,5.0,483215.0,1,0,0,-1.0,0,-1.0,5,0,260.116,327.12,201.24,39.97671652349652,0.15368803350619156,1,1.0,1,0,legitimate,n/a,22265669-8d1f-4948-9d8f-b494b9df86db,0.0
legit_sess_1722a05a-87da-4dc0-b6d0-db3fb3609059,3,1,1,0,6,138144.0,0.07817929117442668,43243.5,3030.0,3.0,14135.0,1,0,1,45883.0,0,-1.0,3,0,1134.6499999999999,1356.14,851.24,210.7234638097998,0.18571670894972003,1,-1.0,1,0,legitimate,n/a,75dfd5d4-d949-4622-b06c-f1221e0c3a55,0.0
legit_sess_e6c02311-cf83-4344-8893-688c89b80987,6,1,0,0,8,145496.0,0.14845768955847582,28337.8,315.0,6.0,2651.0,1,0,0,-1.0,0,-1.0,6,0,246.6866666666667,318.81,206.92,36.57036535532866,0.1482462179633894,1,-1.0,1,0,legitimate,n/a,800b60ca-2507-4f58-824d-2212978b2f30,0.0
legit_sess_81c5d371-c809-4670-88a3-b1f6eda49120,1,1,0,0,3,53982.0,0.06668889629876626,53982.0,53982.0,1.0,25263.0,1,0,0,-1.0,0,-1.0,1,0,711.04,711.04,711.04,0.0,0.0,0,0.0,1,0,legitimate,n/a,e6bf892e-05ff-4991-8141-c3583517c6b3,0.0
legit_sess_87984210-7348-4715-83ec-8a8c7bda69b7,10,1,0,0,11,459690.0,0.07831364615284213,45387.88888888889,3007.0,10.0,51199.0,1,0,0,-1.0,0,-1.0,10,0,1560.828,2278.26,1136.49,292.2473374318405,0.18723865629770897,1,-1.0,1,0,legitimate,n/a,9a0bc130-693d-4148-b2d3-fd0393105115,0.0
legit_sess_4da12c22-8e21-4a88-a415-f2f2fa001ec0,0,1,0,0,2,8279.0,0.0,8279.0,8279.0,0.0,-1.0,1,0,0,-1.0,0,-1.0,0,0,0.0,0.0,0.0,0.0,0.0,0,0.0,0,0,legitimate,n/a,5953d3cf-85b7-4280-92c6-fc9555d9f3ec,0.0
legit_sess_3e25117b-2c9d-49c6-9406-57439c20d9e5,0,1,0,0,2,39196.0,0.0,39196.0,39196.0,0.0,-1.0,1,0,0,-1.0,0,-1.0,0,0,0.0,0.0,0.0,0.0,0.0,0,0.0,0,0,legitimate,n/a,aa069dd3-e42a-40ad-88ad-4972d1cee715,0.0
legit_sess_22e4cfef-932b-4b13-971b-c5eff60eb43c,2,1,0,0,3,282605.0,0.025477256241043154,172787.0,172787.0,2.0,109818.0,1,0,0,-1.0,0,-1.0,2,0,213.255,260.0,166.51,46.745000000000005,0.2191976741459755,1,-1.0,1,0,legitimate,n/a,10a66113-36e9-41a6-8c9f-92e9b8c828bc,0.0
legit_sess_3501b3ca-3eb2-4968-8b5d-07dae97cc2f7,6,1,0,0,8,270600.0,0.07982261640798226,36372.4,4182.0,6.0,65565.0,1,0,0,-1.0,0,-1.0,6,0,1000.3866666666667,1286.34,785.49,195.12382006191748,0.19504840134673007,1,-1.0,1,0,legitimate,n/a,e42870bb-4f35-4170-85b8-b27e2fe8cc16,0.0
legit_sess_f25a5176-1f67-4acd-8c1b-b55d2a357043,0,1,0,0,2,128314.0,0.0,128314.0,128314.0,0.0,-1.0,1,0,0,-1.0,0,-1.0,0,0,0.0,0.0,0.0,0.0,0.0,0,0.0,0,0,legitimate,n/a,6406f458-327b-4da3-a4fc-86215d20c6a6,0.0
legit_sess_c2568e63-6579-49e2-87f9-91f64dbbfb39,2,1,0,1,4,498285.0,0.014449561997651947,227526.0,227526.0,2.0,270759.0,1,0,0,-1.0,1,223960.0,2,0,396.015,396.68,395.35,0.664999999999992,0.0016792293221216167,1,-1.0,1,0,legitimate,n/a,111f92bc-f9d9-4c27-b566-aa3354c06181,3.345196853580376
legit_sess_2491deaa-33da-4035-96cb-5623f2846c8d,8,1,0,1,11,327958.0,0.0878161227962117,30010.285714285714,1272.0,8.0,1377.0,1,0,0,-1.0,1,5638.0,8,0,1420.4387499999998,1869.09,872.15,365.30422901458104,0.2571770370349169,1,-1.0,1,0,legitimate,n/a,6a091d11-1719-479c-a5ad-3197aec9fc6c,-0.7112840955212134
legit_sess_8d35d315-6aeb-4ce9-a9de-26724d7b650a,3,1,0,0,5,123576.0,0.08739561079821324,1316.0,1218.0,3.0,118700.0,1,0,0,-1.0,0,-1.0,3,0,3003.3633333333332,3518.08,2100.57,640.4614349219023,0.213248070193051,1,-1.0,1,0,legitimate,n/a,92f48d21-8b9f-484a-a7f1-86a2e2b6c50c,0.0
legit_sess_517f7d21-578a-45e0-927f-e1dc0909fde4,7,1,0,0,9,359952.0,0.07000933457794373,30170.333333333332,3026.0,7.0,174879.0,1,0,0,-1.0,0,-1.0,7,0,1671.3628571428574,2104.89,1306.84,273.85934714814493,0.16385391477246236,1,1.0,1,0,legitimate,n/a,b0fcebae-7285-4369-bd5e-0bdeadbe36b5,0.0
legit_sess_73ca3c03-21b1-4dbf-8837-3d5e54e8cb54,7,1,0,0,9,104243.0,0.24174285083890526,8685.666666666666,1238.0,7.0,32891.0,1,0,0,-1.0,0,-1.0,7,0,2674.304285714286,3381.3,1907.14,556.0473749821052,0.20792225400543352,1,1.0,1,0,legitimate,n/a,212532de-9425-4e21-9985-c91d62a6c595,0.0
legit_sess_90e0f1ad-0d04-4925-875e-c8fb04105b8c,0,1,0,0,2,2785.0,0.0,2785.0,2785.0,0.0,-1.0,1,0,0,-1.0,0,-1.0,0,0,0.0,0.0,0.0,0.0,0.0,0,0.0,0,0,legitimate,n/a,a361a1b1-8293-40da-93cc-e2afb0452ae4,0.0
legit_sess_ed00e9d5-2304-41b9-9233-99c6002cec9f,11,1,0,0,13,532426.0,0.07437653307689707,51337.3,1663.0,11.0,17554.0,1,0,0,-1.0,0,-1.0,11,0,2526.2381818181816,3442.6,1843.87,511.4204636254557,0.20244348585428182,1,-1.0,1,0,legitimate,n/a,7bb1d124-4d03-4b72-bd19-26aca7ef4f5d,0.0
legit_sess_8b6a14d2-3cf3-4d99-b51a-06ff340a0b2e,2,1,0,0,4,7830.0,0.9195402298850576,2530.0,2530.0,2.0,2712.0,1,0,0,-1.0,0,-1.0,2,0,1512.225,1679.88,1344.57,167.6550000000001,0.11086643852601306,0,1.0,1,0,legitimate,n/a,7711b757-3b16-4943-b1a5-9c4ad1ebd086,0.0
legit_sess_330a661a-7ac2-4c66-8f0e-19590c9560e5,0,1,0,0,2,40960.0,0.0,40960.0,40960.0,0.0,-1.0,1,0,0,-1.0,0,-1.0,0,0,0.0,0.0,0.0,0.0,0.0,0,0.0,0,0,legitimate,n/a,95d85675-9f64-48ef-a43d-79f136436924,0.0
legit_sess_fe6f237c-1a4a-48eb-a3ba-4e3554b56032,3,1,0,0,5,37987.0,0.2843077895069366,15597.5,1616.0,3.0,1601.0,1,0,0,-1.0,0,-1.0,3,0,2126.0066666666667,2225.49,2005.12,91.22978765488577,0.042911336584811166,1,-1.0,1,0,legitimate,n/a,2465e080-4e2a-4f1b-90e2-6b6c544a0b3c,0.0
legit_sess_40289ee5-e443-4576-993c-7c792e14e4bd,2,1,0,0,4,100425.0,0.07169529499626587,9330.0,9330.0,2.0,68453.0,1,0,0,-1.0,0,-1.0,2,0,954.96,1003.88,906.04,48.920000000000016,0.05122727653514285,1,-1.0,1,0,legitimate,n/a,2212fb12-71ed-4d83-b107-c9ef83f00b76,0.0
legit_sess_45aa06d8-773b-41ac-aedb-ce47efbe4ac6,1,1,0,0,3,246440.0,0.014608018178867069,246440.0,246440.0,1.0,126866.0,1,0,0,-1.0,0,-1.0,1,0,2362.18,2362.18,2362.18,0.0,0.0,0,0.0,1,0,legitimate,n/a,e8c4d036-8360-4d24-bc4f-68f71ceebc19,0.0
legit_sess_9ce0cdd6-8af6-43c4-8975-22bcec509e59,1,1,0,0,3,139262.0,0.025850555068863006,139262.0,139262.0,1.0,78941.0,1,0,0,-1.0,0,-1.0,1,0,2622.87,2622.87,2622.87,0.0,0.0,0,0.0,1,0,legitimate,n/a,0c0d2572-1fbc-42f9-ba7f-e5d0502c13dd,0.0
legit_sess_d4147654-5a34-4b94-b7a1-d5dbf08f2ae1,6,1,0,1,9,182791.0,0.11816774348846495,24539.8,2944.0,6.0,58672.0,1,0,0,-1.0,1,91774.0,6,0,2593.335,2880.52,2265.66,201.2540338933194,0.07760433337510171,1,-1.0,1,0,legitimate,n/a,6fce87e4-36d2-4a10-9e04-89e7bd3bc0c4,10.06849874401365
legit_sess_4d51b4f6-cec0-4329-9fa3-aaa5cb352224,5,1,0,0,7,520055.0,0.034611723759986925,94653.0,7121.0,5.0,52977.0,1,0,0,-1.0,0,-1.0,5,0,1068.0399999999997,1258.44,935.53,107.70336187881976,0.10084206759935938,1,1.0,1,0,legitimate,n/a,e984366a-2692-4d6b-9a18-e8ae41ffa7d2,0.0
legit_sess_1a367833-4c90-48a5-b1cf-5f3452742b9e,2,1,0,0,4,133400.0,0.05397301349325337,59884.0,59884.0,2.0,53869.0,1,0,0,-1.0,0,-1.0,2,0,2117.6949999999997,2537.16,1698.23,419.46499999999986,0.19807621021912972,0,1.0,1,0,legitimate,n/a,7241885f-d60c-4c6b-a8ff-34d30ab08f08,0.0
legit_sess_064351f5-c8f5-4d2d-bbbf-188508a6b7e3,0,1,0,0,2,137652.0,0.0,137652.0,137652.0,0.0,-1.0,1,0,0,-1.0,0,-1.0,0,0,0.0,0.0,0.0,0.0,0.0,0,0.0,0,0,legitimate,n/a,a41b0f98-c4b9-4a24-b36f-11498081e1df,0.0
legit_sess_8e66f598-ee82-439d-99fc-21bff8bea8d5,6,1,0,0,7,132111.0,0.16349887594522788,24120.2,11629.0,6.0,11510.0,1,0,0,-1.0,0,-1.0,6,0,116.83333333333336,147.83,93.2,19.786121960157384,0.16935339766183208,1,-1.0,1,0,legitimate,n/a,baf84cca-dbcd-4237-bf32-9ea9bf803390,0.0
legit_sess_2cb639e1-2770-4049-b33e-a377d57daed1,3,1,1,0,6,190031.0,0.05683283253784909,60117.0,57490.0,3.0,62680.0,1,0,1,68411.0,0,-1.0,3,0,1382.8033333333333,1684.32,958.81,308.5899009293006,0.22316253764403754,1,-1.0,1,0,legitimate,n/a,cc858ee3-b8c7-40cd-8e31-175200b09f63,0.0
legit_sess_3f9a49e9-bd7a-4a96-8e15-6b04158ac9ac,12,1,0,0,14,453859.0,0.09518374649395517,29169.81818181818,3035.0,12.0,4690.0,1,0,0,-1.0,0,-1.0,12,0,593.2125,716.81,416.38,88.6379390296089,0.14942021455989027,1,-1.0,1,0,legitimate,n/a,112d4095-eced-4ded-abfa-1f10856aab1d,0.0
legit_sess_4c443c1f-00ff-4414-94d4-456bd8d91626,0,1,0,0,2,15410.0,0.0,15410.0,15410.0,0.0,-1.0,1,0,0,-1.0,0,-1.0,0,0,0.0,0.0,0.0,0.0,0.0,0,0.0,0,0,legitimate,n/a,c4da54f5-f760-4227-9798-ae4eb473fc48,0.0
legit_sess_a50ff9c9-fd74-4940-83a3-374381bd5bef,3,1,0,0,5,164792.0,0.06553716199815525,64412.0,18506.0,3.0,22592.0,1,0,0,-1.0,0,-1.0,3,0,1542.2133333333334,1767.09,1405.97,160.1953275084999,0.10387364967352111,1,-1.0,1,0,legitimate,n/a,8a6243fd-75b0-4b15-a28d-a935caaa8e50,0.0
legit_sess_bcffbfe4-4179-44df-a304-003d014fc417,4,1,0,0,5,507806.0,0.028357286050184522,71432.66666666667,12061.0,4.0,293508.0,1,0,0,-1.0,0,-1.0,4,0,1101.6125,1290.1,983.29,123.80794812430256,0.11238792962525622,1,1.0,1,0,legitimate,n/a,9857eeb8-4618-4237-8358-4989e48002e0,0.0
legit_sess_0a8898ed-6af8-4662-a9dc-25dd4b3fa6b0,1,1,0,0,3,76789.0,0.046881714828946854,76789.0,76789.0,1.0,3204.0,1,0,0,-1.0,0,-1.0,1,0,172.2,172.2,172.2,0.0,0.0,0,0.0,1,0,legitimate,n/a,a361a1b1-8293-40da-93cc-e2afb0452ae4,0.0
legit_sess_45d00102-8820-4be6-b1bd-3e7438507022,2,1,0,0,4,105922.0,0.06797454730839675,84400.0,84400.0,2.0,9346.0,1,0,0,-1.0,0,-1.0,2,0,479.51,490.77,468.25,11.259999999999991,0.02348230485287062,1,-1.0,1,0,legitimate,n/a,28f1a81b-c0bd-4d84-a445-7ea432830689,0.0
legit_sess_e414dcff-a319-44c9-9e44-1efd7f6f89a4,5,1,0,0,6,326539.0,0.05512358401293566,48772.0,10198.0,5.0,131451.0,1,0,0,-1.0,0,-1.0,5,0,142.62,181.23,112.54,22.610906218017885,0.15853951912787748,1,1.0,1,0,legitimate,n/a,ee32a475-5da0-4c58-a42b-225a9572558b,0.0
legit_sess_8f2e47bf-cc07-4e77-9e28-3edd8ada68ca,4,1,0,0,6,176107.0,0.08176847030498503,54435.333333333336,2782.0,4.0,7966.0,1,0,0,-1.0,0,-1.0,4,0,903.8725,1046.9,773.45,109.48950985710916,0.12113379913329497,1,-1.0,1,0,legitimate,n/a,b743ac4a-e1b0-488e-adea-acabdc931156,0.0
legit_sess_e35bc9c9-1ed8-4cab-998f-b0b96d417195,7,1,0,0,9,330187.0,0.07632038814368827,41534.5,664.0,7.0,24420.0,1,0,0,-1.0,0,-1.0,7,0,1574.1328571428571,1845.88,1322.46,170.44387578272426,0.10827794808380395,1,1.0,1,0,legitimate,n/a,b4e413e2-41ae-4329-b7df-e1879aa87127,0.0
legit_sess_5286877e-3f0f-43bb-bd88-89dbd8f2c610,3,1,0,0,5,73483.0,0.14697276921192656,25960.5,18656.0,3.0,15988.0,1,0,0,-1.0,0,-1.0,3,0,1805.75,2193.67,1252.26,401.7654918813545,0.2224923117161038,1,-1.0,1,0,legitimate,n/a,49eb0d00-e6c9-411a-ad60-6a82ab5e7b10,0.0
legit_sess_6ce125ca-1987-4d3c-9827-1c7dfff47b30,4,1,0,0,6,236789.0,0.060813635768553434,48308.0,4405.0,4.0,3451.0,1,0,0,-1.0,0,-1.0,4,0,924.5074999999999,1140.48,798.66,129.58783920086793,0.1401695921351292,1,1.0,1,0,legitimate,n/a,25552105-751d-4c41-8ca9-49989ad15d74,0.0
legit_sess_01295df3-1345-4b35-a338-a904837ac2c5,0,1,0,0,2,84406.0,0.0,84406.0,84406.0,0.0,-1.0,1,0,0,-1.0,0,-1.0,0,0,0.0,0.0,0.0,0.0,0.0,0,0.0,0,0,legitimate,n/a,76af7ffc-6f3d-4af7-ada6-9a865e5709b0,0.0
legit_sess_2903e6ef-4413-432f-99ca-a5e593bcaf86,2,1,0,0,4,150373.0,0.04788093607230021,92640.0,92640.0,2.0,34270.0,1,0,0,-1.0,0,-1.0,2,0,4052.4849999999997,4379.15,3725.82,326.66499999999974,0.08060856486822278,1,-1.0,1,0,legitimate,n/a,57a4c6e5-8297-4497-b879-bf39da7d30bb,0.0
legit_sess_ca75fa62-a1c4-4714-9923-2456bc3424af,5,1,0,0,6,388302.0,0.04635567161642227,87641.75,2541.0,5.0,37735.0,1,0,0,-1.0,0,-1.0,5,0,63.452,76.66,51.97,8.295057323490898,0.13072964324987232,1,-1.0,1,0,legitimate,n/a,b8b66d0c-95e4-49d2-b9dc-dd2633b61323,0.0
legit_sess_0de93265-ed6d-4484-ae2b-191be2e68dc4,7,1,1,0,10,221811.0,0.11361023574123916,27769.0,2318.0,7.0,16066.0,1,0,1,34369.0,0,-1.0,7,0,211.41428571428568,270.21,111.28,52.29140979908181,0.24734094776239796,1,-1.0,1,0,legitimate,n/a,80f6f496-26af-4c3d-86ef-b301040bb404,0.0
legit_sess_9ff8827b-a35e-4075-8c60-249e8f063986,14,1,0,1,16,370879.0,0.13589337762450826,28421.53846153846,1017.0,14.0,1399.0,1,0,0,-1.0,1,11466.0,14,0,1498.3828571428571,2010.81,971.44,298.63281518634625,0.1993034115164562,1,1.0,1,0,legitimate,n/a,f29a2b33-fd5d-45df-9e4a-e720b73f2cec,-0.2582004921148561
legit_sess_98f8dd7e-4478-4bb6-8c78-b8c11daf9193,0,1,0,0,2,9738.0,0.0,9738.0,9738.0,0.0,-1.0,1,0,0,-1.0,0,-1.0,0,0,0.0,0.0,0.0,0.0,0.0,0,0.0,0,0,legitimate,n/a,4d7ab3f7-cc75-4dcf-9f50-9137007c9675,0.0
legit_sess_e88bf0c4-fee4-43cf-823b-a04d8af74b7b,2,1,0,0,4,48974.0,0.14701678441622085,30223.0,30223.0,2.0,15818.0,1,0,0,-1.0,0,-1.0,2,0,1978.24,2365.17,1591.31,386.93000000000006,0.19559305241022326,0,1.0,1,0,legitimate,n/a,6f539849-5307-4d12-9cf3-350bfc6f512c,0.0
legit_sess_6f260e74-2287-470e-bd2d-b7fe408a5775,6,1,0,0,8,154175.0,0.14010053510621048,20967.8,1319.0,6.0,47649.0,1,0,0,-1.0,0,-1.0,6,0,2118.8299999999995,2859.47,1415.8,511.9044158824966,0.24159768168399387,1,-1.0,1,0,legitimate,n/a,a7f7d6ec-ff02-4814-b5e1-ae00ec5e8396,0.0
legit_sess_b46f952e-eeef-4d69-bd4a-8e5eb6cca0fd,0,1,0,0,2,66435.0,0.0,66435.0,66435.0,0.0,-1.0,1,0,0,-1.0,0,-1.0,0,0,0.0,0.0,0.0,0.0,0.0,0,0.0,0,0,legitimate,n/a,f7e147fd-7928-4c19-8de3-47abe54c5de6,0.0
legit_sess_78593024-12ec-4629-9e26-5985c0c24fe2,4,1,0,0,6,440602.0,0.0326825570469494,98362.66666666667,31281.0,4.0,59020.0,1,0,0,-1.0,0,-1.0,4,0,1605.1525000000001,2462.97,960.21,577.7244922268311,0.35991875677035734,0,1.0,1,0,legitimate,n/a,29133dbd-0e52-47cb-9587-fa0a09c0af23,0.0
legit_sess_f77b4c81-e767-4ad9-9c83-2f6fe93cce72,2,1,0,0,4,109591.0,0.0656988256334918,1392.0,1392.0,2.0,83118.0,1,0,0,-1.0,0,-1.0,2,0,1650.81,1866.97,1434.65,216.15999999999997,0.13094178009583174,0,1.0,1,0,legitimate,n/a,d375eff1-0635-4fef-90b9-9ac9f178d77f,0.0
legit_sess_88fd42fd-5522-42e1-a335-0e94a58a2ca9,1,1,0,1,4,66560.0,0.054086538461538464,66560.0,66560.0,1.0,65537.0,1,0,0,-1.0,1,50986.0,1,0,2652.36,2652.36,2652.36,0.0,0.0,0,0.0,1,0,legitimate,n/a,5f94cc14-2305-4aca-97d6-60d1c66516e3,1.3285616055519203
legit_sess_272f1885-e601-4561-80c0-f4f42cfda02b,0,1,0,0,2,140001.0,0.0,140001.0,140001.0,0.0,-1.0,1,0,0,-1.0,0,-1.0,0,0,0.0,0.0,0.0,0.0,0.0,0,0.0,0,0,legitimate,n/a,9c3d360d-18ff-4957-9f5b-d7d95a7b1368,0.0
legit_sess_0994b913-7c32-4462-9188-adec8d6e1ef9,3,1,0,0,4,381261.0,0.02832705154736519,181593.0,5783.0,3.0,18075.0,1,0,0,-1.0,0,-1.0,3,0,153.45666666666668,215.92,107.29,45.82070298699292,0.2985905010339048,1,-1.0,1,0,legitimate,n/a,91b626d3-77fa-40a3-b1f0-456f531082d0,0.0
legit_sess_519dbf2d-b525-4aae-8cbe-f3181038ff86,8,1,1,0,11,167542.0,0.17189719592699146,19269.714285714286,8053.0,8.0,31537.0,1,0,1,1340.0,0,-1.0,8,0,2902.70375,3847.99,2045.68,631.3531827538667,0.2175052079475443,1,-1.0,1,0,legitimate,n/a,f8d98653-f7ae-4f2e-9a69-ca8837133e01,0.0
legit_sess_e45a56c3-1a98-49ec-abf3-b5ddb0ec3e08,2,1,0,0,3,280234.0,0.025692813862700455,144314.0,144314.0,2.0,135920.0,1,0,0,-1.0,0,-1.0,2,0,360.3,396.44,324.16,36.139999999999986,0.10030530113794056,0,1.0,1,0,legitimate,n/a,3188c014-ad38-4d5d-b10f-74de1c4791e5,0.0
legit_sess_bd0784e4-1bba-4a2c-aaf9-c48ad9e2d0bf,6,1,0,0,8,461756.0,0.04677795199196112,63446.8,41443.0,6.0,16699.0,1,0,0,-1.0,0,-1.0,6,0,1090.5433333333333,1482.12,764.69,256.9974739607808,0.23566002936834005,1,1.0,1,0,legitimate,n/a,eb8732ad-4825-4a2e-bda1-6b1319217480,0.0
legit_sess_210ef5ba-2af8-4c76-ba89-552a0dc41eb9,11,1,0,0,13,357885.0,0.11065006915629323,16594.8,1139.0,11.0,191233.0,1,0,0,-1.0,0,-1.0,11,0,1753.1245454545453,2302.46,1082.81,366.4770361245184,0.20904221384311247,1,1.0,1,0,legitimate,n/a,d0dbaad5-e3cd-4c9e-99ff-2a92396531f1,0.0
legit_sess_5e18b193-0d71-468e-bee5-fa2eed9dcb40,4,1,0,0,6,17356.0,0.8296842590458632,3296.6666666666665,3040.0,4.0,3099.0,1,0,0,-1.0,0,-1.0,4,0,1835.4450000000002,2418.5,1371.85,374.8875845170123,0.20424887943632866,1,1.0,1,0,legitimate,n/a,b34ed4fa-24f8-4385-a7cc-721577937b86,0.0
legit_sess_dda66854-ecd8-4265-bd3c-df6a98bc01a5,6,1,0,1,8,286198.0,0.07547222552219092,55525.4,13295.0,6.0,8571.0,1,0,0,-1.0,1,30148.0,6,0,1789.3999999999999,2442.18,1224.43,382.2418412035326,0.2136145306826493,1,-1.0,1,0,legitimate,n/a,0773b17c-8292-47e6-a179-79de41885134,-0.07595532048824805
legit_sess_50b1e83a-fd4b-4e1d-95d7-fccf8f68d1a1,1,1,0,0,3,51818.0,0.06947392797869467,51818.0,51818.0,1.0,30556.0,1,0,0,-1.0,0,-1.0,1,0,826.05,826.05,826.05,0.0,0.0,0,0.0,1,0,legitimate,n/a,044a398c-42b6-419a-9b6a-d12fc934db68,0.0
legit_sess_1a376f42-2afa-40e3-a12f-9856b8d1d4d8,2,1,0,0,4,34594.0,0.2081285772099208,7631.0,7631.0,2.0,6950.0,1,0,0,-1.0,0,-1.0,2,0,639.595,659.27,619.92,19.67500000000001,0.030761653859082718,1,-1.0,1,0,legitimate,n/a,15765a7c-4055-4e7f-817c-a90e94135ddf,0.0
legit_sess_16c7f10e-11b9-4018-8a61-a71c1901003f,2,1,0,0,4,78666.0,0.09152619937457097,4285.0,4285.0,2.0,71731.0,1,0,0,-1.0,0,-1.0,2,0,1176.85,1254.85,1098.85,78.0,0.06627862514339126,1,-1.0,1,0,legitimate,n/a,75c8c442-ae43-4a3a-96d4-9cfac96d4cec,0.0
legit_sess_1d7f2024-a39b-461d-b62d-ad26d9eb3239,0,1,0,0,2,37985.0,0.0,37985.0,37985.0,0.0,-1.0,1,0,0,-1.0,0,-1.0,0,0,0.0,0.0,0.0,0.0,0.0,0,0.0,0,0,legitimate,n/a,e1bcb3e5-de1e-40d6-aaad-976839ed92cc,0.0
legit_sess_7d15aff0-4b4b-4851-9409-fdc6c1aa3189,0,1,0,0,2,1013.0,0.0,1013.0,1013.0,0.0,-1.0,1,0,0,-1.0,0,-1.0,0,0,0.0,0.0,0.0,0.0,0.0,0,0.0,0,0,legitimate,n/a,e49118ed-3349-4d14-b2aa-cd6d664a7421,0.0
legit_sess_f3d95717-fea8-4d19-a56a-942ff26770c1,0,1,0,0,2,1668.0,0.0,1668.0,1668.0,0.0,-1.0,1,0,0,-1.0,0,-1.0,0,0,0.0,0.0,0.0,0.0,0.0,0,0.0,0,0,legitimate,n/a,2d23dac8-b8ff-4724-8acc-654c5d17126a,0.0
legit_sess_eabf965f-aa94-442a-a2a8-f3408f00f72f,2,1,0,0,4,149262.0,0.04823732765204808,15934.0,15934.0,2.0,3165.0,1,0,0,-1.0,0,-1.0,2,0,1090.455,1408.36,772.55,317.905,0.29153426780564073,0,1.0,1,0,legitimate,n/a,05fb582c-854d-4350-b314-8940d3efa536,0.0
legit_sess_6076f51d-c44d-4c3a-b8c1-ed985b88a9a2,1,1,0,0,3,27463.0,0.1310854604376798,27463.0,27463.0,1.0,16108.0,1,0,0,-1.0,0,-1.0,1,0,2128.11,2128.11,2128.11,0.0,0.0,0,0.0,1,0,legitimate,n/a,d58eeefd-5874-46a7-ba4f-f335340f0de0,0.0
legit_sess_3b838f43-3330-4e2c-93f8-642c1c7d93be,0,1,0,0,2,1100.0,0.0,1100.0,1100.0,0.0,-1.0,1,0,0,-1.0,0,-1.0,0,0,0.0,0.0,0.0,0.0,0.0,0,0.0,0,0,legitimate,n/a,e49118ed-3349-4d14-b2aa-cd6d664a7421,0.0
legit_sess_ba0df9d2-bca5-458b-955d-0b44df3b08e6,2,1,0,0,4,77856.0,0.09247842170160296,1291.0,1291.0,2.0,74195.0,1,0,0,-1.0,0,-1.0,2,0,2813.455,2818.21,2808.7,4.755000000000109,0.0016900927862717227,0,1.0,1,0,legitimate,n/a,712658db-9696-44f3-af36-573bdd77dfc9,0.0
legit_sess_c08a2197-3076-49e5-a5c5-06d580aad972,2,1,0,0,4,75827.0,0.0949529850844686,3304.0,3304.0,2.0,68267.0,1,0,0,-1.0,0,-1.0,2,0,1759.0100000000002,1922.13,1595.89,163.12,0.09273398104615664,1,-1.0,1,0,legitimate,n/a,6134584a-5e20-44eb-9868-bf0ae2d60270,0.0
legit_sess_8a98a25e-fd30-47a1-b6e1-8086326c537d,1,1,0,0,3,404603.0,0.008897610744359286,404603.0,404603.0,1.0,386823.0,1,0,0,-1.0,0,-1.0,1,0,120.01,120.01,120.01,0.0,0.0,0,0.0,1,0,legitimate,n/a,17ff94ce-53d2-4ca0-9614-a8ef72315e3f,0.0
legit_sess_75317827-fe20-4eea-b2e4-e79a10117f04,1,1,0,0,3,24211.0,0.14869274296807236,24211.0,24211.0,1.0,17549.0,1,0,0,-1.0,0,-1.0,1,0,1834.71,1834.71,1834.71,0.0,0.0,0,0.0,1,0,legitimate,n/a,56a4a954-52c8-4f73-9bc7-d319122bc68a,0.0
legit_sess_9562b65b-267b-42e2-bd65-1057b9b48a22,1,1,0,0,2,2551.0,1.4112112896903175,2551.0,2551.0,1.0,2551.0,1,0,0,-1.0,0,-1.0,1,0,443.13,443.13,443.13,0.0,0.0,0,0.0,1,0,legitimate,n/a,d0a1cd26-f200-4111-873f-64aeb5d0a4af,0.0
legit_sess_df43e9f6-674d-4969-b3ad-841f95c0682d,10,1,0,0,12,160971.0,0.22364276795199137,17543.777777777777,1093.0,10.0,1088.0,1,0,0,-1.0,0,-1.0,10,0,2005.735,2475.6,1454.57,260.3803117461073,0.12981790303609764,1,-1.0,1,0,legitimate,n/a,e49118ed-3349-4d14-b2aa-cd6d664a7421,0.0
legit_sess_a2f8aec2-5e7d-4d91-ba2c-40401231eaa4,1,1,1,0,4,29428.0,0.12233247247519369,29428.0,29428.0,1.0,25372.0,1,0,1,26606.0,0,-1.0,1,0,106.25,106.25,106.25,0.0,0.0,0,0.0,1,0,legitimate,n/a,2d23dac8-b8ff-4724-8acc-654c5d17126a,0.0
legit_sess_77b2d4fa-573f-41dd-aebd-14ed933f7c7b,2,1,0,0,4,224722.0,0.03203958668933171,19797.0,19797.0,2.0,34717.0,1,0,0,-1.0,0,-1.0,2,0,1019.915,1177.24,862.59,157.325,0.15425305049930632,0,1.0,1,0,legitimate,n/a,64f82b13-5a56-452f-9e2a-14495fe903d1,0.0
legit_sess_7824768b-79b6-4dd9-8c86-9cf5df2953b5,7,1,0,0,9,344701.0,0.0731068375200536,50801.5,3590.0,7.0,2656.0,1,0,0,-1.0,0,-1.0,7,0,1077.6628571428573,1340.64,847.14,188.56471664461867,0.1749756107810461,1,-1.0,1,0,legitimate,n/a,259d85a5-52f6-45c5-93a6-82a15c20356b,0.0
legit_sess_f230dc7a-9b26-461f-8a59-35478f29439c,0,1,0,0,2,3260.0,0.0,3260.0,3260.0,0.0,-1.0,1,0,0,-1.0,0,-1.0,0,0,0.0,0.0,0.0,0.0,0.0,0,0.0,0,0,legitimate,n/a,ad87e50d-1f6f-47a0-802c-bb7cdf54fa50,0.0
legit_sess_82281b02-d7dc-4e26-aacc-bb5c4c8be19f,7,1,1,0,9,441188.0,0.057118507303009144,65749.83333333333,3118.0,7.0,46689.0,1,0,1,3574.0,0,-1.0,7,0,819.4628571428572,1021.04,654.91,152.57775382822135,0.1861923972493392,1,-1.0,1,0,legitimate,n/a,2b7604fe-03e5-4684-81e6-d6c8e14aa460,0.0
legit_sess_d59b0dfe-5a6d-4c97-9481-5dc02a78d73e,4,1,0,0,6,68377.0,0.21059713061409538,18604.333333333332,12330.0,4.0,1659.0,1,0,0,-1.0,0,-1.0,4,0,125.54,160.13,65.54,36.364486109389745,0.28966453807065273,1,-1.0,1,0,legitimate,n/a,626a1495-45cd-4f08-a4c6-4fcbabc4f4db,0.0
legit_sess_08d8f1d5-2843-4a08-ab35-90c5ce85f8a4,1,1,0,0,3,192719.0,0.018680047115229945,192719.0,192719.0,1.0,51964.0,1,0,0,-1.0,0,-1.0,1,0,711.6,711.6,711.6,0.0,0.0,0,0.0,1,0,legitimate,n/a,8b7c5a45-4508-40a2-b240-78b217b6af7d,0.0
legit_sess_c1eeac36-95d7-4320-8688-c8ffb4f99c65,3,1,0,0,5,207842.0,0.051962548474321836,75429.5,17091.0,3.0,54105.0,1,0,0,-1.0,0,-1.0,3,0,1685.0766666666666,1778.59,1569.23,86.91753077231054,0.051580757416958604,1,1.0,1,0,legitimate,n/a,878a87a7-fca8-4360-aa54-8dab94bc8ac4,0.0
legit_sess_4a10b91e-6b53-47f5-8df9-82e9c1025d61,0,1,0,0,2,251.0,0.0,251.0,251.0,0.0,-1.0,1,0,0,-1.0,0,-1.0,0,0,0.0,0.0,0.0,0.0,0.0,0,0.0,0,0,legitimate,n/a,b85d24b0-710e-4688-a1c7-0f53059b2fe8,0.0
legit_sess_faef3b53-dc18-4192-a007-885201c20166,2,1,0,0,4,54163.0,0.1329320754020272,23257.0,23257.0,2.0,21639.0,1,0,0,-1.0,0,-1.0,2,0,2433.73,2448.04,2419.42,14.309999999999945,0.0058798634195247395,1,-1.0,1,0,legitimate,n/a,3f0121f3-e35c-48a0-b9f4-886c6db63aed,0.0
legit_sess_2bde6b23-2278-45a0-b403-e1871da90df7,5,1,1,1,8,513643.0,0.03504379500937421,121137.25,14710.0,5.0,14125.0,1,0,1,29094.0,1,185690.0,5,0,1834.466,2033.89,1666.92,156.86317790992254,0.08550890444953602,1,-1.0,1,0,legitimate,n/a,5aecfabb-4afa-4e69-8a05-9e92d3a43d90,2.593072500514577
legit_sess_6b9d2753-0630-4587-8ed2-b1fa95ced7a3,8,1,0,1,11,28701.0,1.0034493571652556,2165.5714285714284,11.0,8.0,12131.0,1,0,0,-1.0,1,2441.0,8,0,1555.3400000000001,2126.5,1012.7,345.3126549954403,0.22201747206105435,1,-1.0,1,0,legitimate,n/a,9efd55d2-38d9-49ab-9b49-5244c92bdd5a,-0.6790601226740772
legit_sess_ad9d74d6-674d-4e7e-9a44-b28dac752d57,1,1,0,0,3,5282.0,0.6815600151457781,5282.0,5282.0,1.0,2627.0,1,0,0,-1.0,0,-1.0,1,0,444.1,444.1,444.1,0.0,0.0,0,0.0,1,0,legitimate,n/a,4c1fc320-e7b3-4300-986b-fb06dd6589a8,0.0
legit_sess_514432e4-c14a-4870-88de-314bd4d57ecc,0,1,1,0,3,10668.0,0.0,10668.0,10668.0,0.0,-1.0,1,0,1,-1.0,0,-1.0,0,0,0.0,0.0,0.0,0.0,0.0,0,0.0,0,0,legitimate,n/a,1e07e064-1b4b-4663-b0de-31bd35cd74cd,0.0
legit_sess_9d26a449-d372-41a0-ab85-ebc933e4d12c,13,1,0,1,16,309506.0,0.1512087003159874,21720.083333333332,382.0,13.0,1359.0,1,0,0,-1.0,1,1296.0,13,0,1728.200769230769,2163.32,1260.12,305.25534865751933,0.17663187871012812,1,-1.0,1,0,legitimate,n/a,c4da54f5-f760-4227-9798-ae4eb473fc48,-0.8078811979817984
legit_sess_398dffec-4d22-4a58-a5c3-a1bfcd59a1a8,1,1,0,0,3,153683.0,0.023424842044988712,153683.0,153683.0,1.0,1139.0,1,0,0,-1.0,0,-1.0,1,0,91.41,91.41,91.41,0.0,0.0,0,0.0,1,0,legitimate,n/a,fe48ef63-1e56-4408-8465-3cde776200b5,0.0
legit_sess_5c5bb38e-a8db-420a-a0f8-9553085df33d,2,1,0,0,4,89512.0,0.08043614264009295,31681.0,31681.0,2.0,10221.0,1,0,0,-1.0,0,-1.0,2,0,434.5,526.22,342.78,91.72000000000003,0.21109321058688155,1,-1.0,1,0,legitimate,n/a,0ce211a1-a00a-42dd-9ddb-fa5532f4371b,0.0
legit_sess_5c8897f0-4c56-435a-ac53-19d92131991c,0,1,1,1,4,127020.0,0.0,127020.0,127020.0,0.0,-1.0,1,0,1,-1.0,0,-1.0,0,0,0.0,0.0,0.0,0.0,0.0,0,0.0,0,0,legitimate,n/a,a4bad160-4172-42d3-b4e2-d988b12d7075,0.0
legit_sess_111d1723-ba7b-45b4-9e89-cd3f5ae4f876,3,1,0,0,5,56538.0,0.19102196752626552,22154.5,529.0,3.0,1492.0,1,0,0,-1.0,0,-1.0,3,0,2899.793333333333,3000.45,2793.27,84.68255008494299,0.02920296047015178,1,-1.0,1,0,legitimate,n/a,812a1df2-40d2-466b-8e89-9f6dd021bf8b,0.0
legit_sess_2d6a52bc-4bf7-4f6b-9cd0-7ecdf545d928,2,1,0,0,4,71680.0,0.10044642857142858,36408.0,36408.0,2.0,28980.0,1,0,0,-1.0,0,-1.0,2,0,33.745000000000005,35.0,32.49,1.254999999999999,0.03719069491776556,1,-1.0,1,0,legitimate,n/a,6f1b0a58-ddd6-4bd0-a4f6-d48b389fe420,0.0
legit_sess_648dc03e-e142-4290-877b-ad2a42cde0f6,1,1,0,0,3,153517.0,0.023450171642228547,153517.0,153517.0,1.0,15006.0,1,0,0,-1.0,0,-1.0,1,0,1872.9,1872.9,1872.9,0.0,0.0,0,0.0,1,0,legitimate,n/a,d4732d0e-b20a-4d00-aba8-fec95914dd72,0.0
legit_sess_0d3b38e5-d02c-4523-8afe-6ca10b87ddde,2,1,0,0,4,184719.0,0.03897812352816982,91235.0,91235.0,2.0,91125.0,1,0,0,-1.0,0,-1.0,2,0,1731.5149999999999,1997.83,1465.2,266.31499999999994,0.15380461618871333,1,-1.0,1,0,legitimate,n/a,eac32a1b-dde0-40c6-b59c-89dc43a33850,0.0
legit_sess_53b0eb93-0e8f-4045-a95b-1907dd8d87e6,4,1,0,0,6,211476.0,0.06809283322930262,68106.0,2633.0,4.0,3448.0,1,0,0,-1.0,0,-1.0,4,0,1738.83,2182.12,1375.78,291.3619482705317,0.16756206660256132,1,1.0,1,0,legitimate,n/a,b136d5fb-10d1-4824-8291-be0233c95532,0.0
legit_sess_40c182f6-62cc-4ce9-bace-39c4aae9de05,1,1,0,0,3,273243.0,0.013175085912539387,273243.0,273243.0,1.0,40090.0,1,0,0,-1.0,0,-1.0,1,0,494.64,494.64,494.64,0.0,0.0,0,0.0,1,0,legitimate,n/a,4c1fc320-e7b3-4300-986b-fb06dd6589a8,0.0
legit_sess_4f2b608b-e389-4cf7-8eae-e1601256e851,9,1,0,0,11,108346.0,0.2990419581710446,8587.125,2632.0,9.0,2855.0,1,0,0,-1.0,0,-1.0,9,0,2032.1444444444448,2298.44,1401.31,283.56012190680565,0.139537385091898,1,1.0,1,0,legitimate,n/a,b34ed4fa-24f8-4385-a7cc-721577937b86,0.0
legit_sess_55b545b2-4825-4b1a-ab75-5e008b3775a5,0,1,0,0,2,66603.0,0.0,66603.0,66603.0,0.0,-1.0,1,0,0,-1.0,0,-1.0,0,0,0.0,0.0,0.0,0.0,0.0,0,0.0,0,0,legitimate,n/a,efadd5f7-92bd-4be0-9e70-e5f2c48489f5,0.0
legit_sess_643c7324-4321-4e6d-bb0b-45d967badc8e,0,1,0,0,2,2415.0,0.0,2415.0,2415.0,0.0,-1.0,1,0,0,-1.0,0,-1.0,0,0,0.0,0.0,0.0,0.0,0.0,0,0.0,0,0,legitimate,n/a,1d32c668-b8b3-466b-92c7-ab7d0455833b,0.0
legit_sess_6de531cb-bbbd-4f5d-8da8-028d5eca2ee5,9,1,0,0,11,268140.0,0.1208324009845603,29067.75,5166.0,9.0,2927.0,1,0,0,-1.0,0,-1.0,9,0,1599.1733333333334,2062.71,1147.87,299.5693045394041,0.1873276012644475,1,1.0,1,0,legitimate,n/a,4ed25781-3a47-4e76-894b-cd53bb6f19c2,0.0
legit_sess_16e275cd-338d-45f0-8236-77cd47c07850,1,1,0,0,3,299482.0,0.012020755838414329,299482.0,299482.0,1.0,250828.0,1,0,0,-1.0,0,-1.0,1,0,577.16,577.16,577.16,0.0,0.0,0,0.0,1,0,legitimate,n/a,93296b9a-3b4c-457e-985d-b3c4813953eb,0.0
legit_sess_971818ed-3852-4c57-8c75-abd4984a0e23,4,1,0,0,6,7565.0,1.9035029742233973,1704.6666666666667,1288.0,4.0,1299.0,1,0,0,-1.0,0,-1.0,4,0,1863.2174999999997,2321.22,1516.59,330.8396927044123,0.17756364606086641,1,1.0,1,0,legitimate,n/a,91809dd7-ea11-4863-a7a0-6a4d1ff6a96f,0.0
legit_sess_0c6fc423-f84d-431b-96e0-5d567ae3ef35,6,1,0,0,8,378278.0,0.057100862328763505,50107.6,3546.0,6.0,48310.0,1,0,0,-1.0,0,-1.0,6,0,1282.5600000000002,1522.19,1074.64,159.52119503898743,0.12437717926567755,1,1.0,1,0,legitimate,n/a,20a62f1f-d79a-4a51-87bb-c22618ea093c,0.0
legit_sess_05420ff2-03a7-4d49-9af2-fbd8621855e9,0,1,0,0,2,18505.0,0.0,18505.0,18505.0,0.0,-1.0,1,0,0,-1.0,0,-1.0,0,0,0.0,0.0,0.0,0.0,0.0,0,0.0,0,0,legitimate,n/a,2cd93d04-9ffb-425e-9959-8ee63a5317ec,0.0
legit_sess_1b7dfe37-b24b-4e71-9e0d-8307b386b84f,3,1,0,0,5,369357.0,0.029240003573778216,29476.0,394.0,3.0,101107.0,1,0,0,-1.0,0,-1.0,3,0,505.17333333333335,711.44,298.36,168.63964684761675,0.3338253144418089,1,-1.0,1,0,legitimate,n/a,5de7818b-b5da-4468-8c6f-5a9c33814f57,0.0
legit_sess_d12c1440-71fc-4674-a5e4-d82585804ca9,3,1,0,0,5,40223.0,0.2685030952440146,1750.5,1478.0,3.0,1326.0,1,0,0,-1.0,0,-1.0,3,0,2287.89,2334.46,2255.42,33.773144163175964,0.014761699278888393,0,1.0,1,0,legitimate,n/a,97f2ec07-0637-4d96-bd91-1cf840c3f510,0.0
legit_sess_c986850a-4ed4-4bc4-a152-07685498a4a0,5,1,0,0,7,29184.0,0.6167763157894737,1928.25,1408.0,5.0,19854.0,1,0,0,-1.0,0,-1.0,5,0,258.288,325.16,127.91,68.4794288527584,0.2651281857955399,1,1.0,1,0,legitimate,n/a,ecfa3553-4134-4d66-8551-cc0eb77555e7,0.0
legit_sess_c737ac90-67f2-4785-9eec-c1739ff3af98,6,1,0,0,8,215058.0,0.10043802137097899,39618.4,3560.0,6.0,13487.0,1,0,0,-1.0,0,-1.0,6,0,987.3600000000001,1222.7,625.93,184.95433742773739,0.1873220886279952,1,-1.0,1,0,legitimate,n/a,0b5277f4-ac00-42da-867c-93a038370736,0.0
legit_sess_602ed520-f9cc-44fb-b3a7-3d975d1d796c,2,1,0,0,4,5275.0,1.3649289099526067,1379.0,1379.0,2.0,2228.0,1,0,0,-1.0,0,-1.0,2,0,1337.88,1356.57,1319.19,18.68999999999994,0.013969862767961206,0,1.0,1,0,legitimate,n/a,2f17450c-d7be-46d5-a3e8-b213cc83d0bb,0.0
legit_sess_fb6cbc67-505f-4625-ba71-27de018f05ff,5,1,0,0,6,486451.0,0.037002699141331814,82881.25,20689.0,5.0,154926.0,1,0,0,-1.0,0,-1.0,5,0,858.118,1207.2,552.24,220.40821122635157,0.25685070261473547,1,1.0,1,0,legitimate,n/a,5c0412d2-29f4-436e-bbf7-3ce8a9c3d962,0.0
legit_sess_66e92f64-c039-42d4-830c-4d10ebcafadc,0,1,0,0,2,2532.0,0.0,2532.0,2532.0,0.0,-1.0,1,0,0,-1.0,0,-1.0,0,0,0.0,0.0,0.0,0.0,0.0,0,0.0,0,0,legitimate,n/a,62f06143-3643-4b41-b724-809c7a00c9e0,0.0
legit_sess_eef64aaa-d1d5-4459-82db-b3ff7cd513a0,4,1,0,0,6,244505.0,0.05889450113494612,45119.0,2263.0,4.0,13097.0,1,0,0,-1.0,0,-1.0,4,0,1375.3674999999998,1636.58,1072.12,234.46145604075306,0.170471860096122,1,-1.0,1,0,legitimate,n/a,f93a0f26-8bd2-4f3b-b37c-db47adba8b92,0.0
legit_sess_d43c718a-623f-45d5-b8ba-8d88b14fd0b7,5,1,0,0,7,35275.0,0.5102763997165132,7624.25,1798.0,5.0,2739.0,1,0,0,-1.0,0,-1.0,5,0,1186.416,1410.42,1077.29,133.90761809546166,0.112867340035419,1,-1.0,1,0,legitimate,n/a,1d32c668-b8b3-466b-92c7-ab7d0455833b,0.0
legit_sess_aa9ddd28-ddde-428c-8fa3-24e9f1694a9f,0,1,0,0,2,31312.0,0.0,31312.0,31312.0,0.0,-1.0,1,0,0,-1.0,0,-1.0,0,0,0.0,0.0,0.0,0.0,0.0,0,0.0,0,0,legitimate,n/a,6694b89e-56ab-4e51-9cfe-42a6c6e362db,0.0
legit_sess_0210f844-7862-431d-ba60-470267dd8a43,3,1,0,0,5,88292.0,0.12232138812123408,16271.0,4868.0,3.0,11184.0,1,0,0,-1.0,0,-1.0,3,0,4895.81,6201.65,3901.37,964.5549887901673,0.197016426043937,1,-1.0,1,0,legitimate,n/a,ee9f585d-8513-4e93-9b2d-18e201300da2,0.0
legit_sess_f9f7ce78-b220-4cce-893f-2564c30c3d13,4,1,0,0,6,152297.0,0.09455209229334786,17237.666666666668,7797.0,4.0,46651.0,1,0,0,-1.0,0,-1.0,4,0,2345.62,2885.94,1996.36,342.6360126285619,0.14607481716073445,1,1.0,1,0,legitimate,n/a,2465e080-4e2a-4f1b-90e2-6b6c544a0b3c,0.0
legit_sess_f5039e2b-255b-4c22-8a71-43de163fff07,2,1,0,0,4,26642.0,0.27024998123264016,6015.0,6015.0,2.0,5872.0,1,0,0,-1.0,0,-1.0,2,0,559.485,616.63,502.34,57.14500000000001,0.10213857386703845,0,1.0,1,0,legitimate,n/a,1e07e064-1b4b-4663-b0de-31bd35cd74cd,0.0
legit_sess_60faac4f-69e3-40a5-abdb-df1226b733f7,2,1,0,0,4,4082.0,1.763841254287114,1293.0,1293.0,2.0,1781.0,1,0,0,-1.0,0,-1.0,2,0,3735.355,3934.82,3535.89,199.46500000000015,0.05339920837510762,1,-1.0,1,0,legitimate,n/a,8d84353b-1c60-42bd-a547-20cfdfc9cb2b,0.0
legit_sess_d65b2d9c-402c-4b19-a0a2-8d03886769a4,2,1,0,0,3,356293.0,0.020208087164215967,294564.0,294564.0,2.0,61729.0,1,0,0,-1.0,0,-1.0,2,0,393.485,438.67,348.3,45.185,0.11483283987953798,1,-1.0,1,0,legitimate,n/a,b5af2c45-5204-41f0-a5d6-b36e03905b9d,0.0
legit_sess_d86978f8-ce87-4540-ab9f-fa1904a13f01,1,1,0,0,3,2066.0,1.7424975798644724,2066.0,2066.0,1.0,1011.0,1,0,0,-1.0,0,-1.0,1,0,926.84,926.84,926.84,0.0,0.0,0,0.0,1,0,legitimate,n/a,485ae79e-483a-40d1-b1c0-9fc1e3ec88a0,0.0
legit_sess_0b8388a2-7a4d-4d99-8e25-62abd0255db5,6,1,0,0,8,144319.0,0.14966844282457611,27918.6,1294.0,6.0,2575.0,1,0,0,-1.0,0,-1.0,6,0,2471.201666666667,3236.17,1125.42,662.5630665935802,0.2681137179254547,1,-1.0,1,0,legitimate,n/a,62f06143-3643-4b41-b724-809c7a00c9e0,0.0
legit_sess_ec422c64-43cc-4183-b988-95a0391a7db2,3,1,0,0,5,23628.0,0.4570848146267141,3594.0,2730.0,3.0,5555.0,1,0,0,-1.0,0,-1.0,3,0,4423.206666666666,5174.97,3784.55,573.2432774040084,0.1295990263633793,1,-1.0,1,0,legitimate,n/a,6335877c-e0aa-4f44-b871-3c7735a2e760,0.0
legit_sess_6f193d22-e8eb-43e5-a116-30f703190fc7,7,1,0,0,9,347520.0,0.07251381215469613,49853.333333333336,12125.0,7.0,28779.0,1,0,0,-1.0,0,-1.0,7,0,4266.097142857143,5878.1,2527.8,1039.7171558610721,0.24371624017092589,1,-1.0,1,0,legitimate,n/a,b85d24b0-710e-4688-a1c7-0f53059b2fe8,0.0
legit_sess_893f9146-1d98-4255-af51-3e1259ec639a,5,1,1,0,8,70173.0,0.25650891368475054,9092.0,1347.0,5.0,27291.0,1,0,1,3352.0,0,-1.0,5,0,1955.5420000000001,2256.67,1504.15,247.6637521640985,0.12664711479686883,1,-1.0,1,0,legitimate,n/a,be2717ae-dbdc-4096-bb3b-f641534f5301,0.0
legit_sess_1f67d86f-6d2e-4dc2-af86-cca79ef04ebb,2,1,0,0,4,68827.0,0.10461010940473942,15237.0,15237.0,2.0,10790.0,1,0,0,-1.0,0,-1.0,2,0,2340.3,2889.01,1791.59,548.7100000000002,0.23446139383839684,0,1.0,1,0,legitimate,n/a,27ead21b-a5cf-4dd4-9560-42b835818ae9,0.0
legit_sess_6dbe986d-b264-4d52-8859-ef6a7430b071,7,1,0,1,10,121498.0,0.20741082157730992,15569.833333333334,1483.0,7.0,14773.0,1,0,0,-1.0,1,2270.0,7,0,1571.682857142857,1922.16,1217.74,214.02978121976295,0.13617873367203678,1,1.0,1,0,legitimate,n/a,2f17450c-d7be-46d5-a3e8-b213cc83d0bb,-0.5940027629695724
legit_sess_0a209009-477c-4745-8772-d81cd2237a2c,4,1,1,0,7,196191.0,0.07339786228726088,13643.666666666666,1060.0,4.0,119431.0,1,0,1,153888.0,0,-1.0,4,0,1009.2825,1263.41,811.41,162.8579413745305,0.16136011609686138,1,1.0,1,0,legitimate,n/a,24919ffa-6b3a-478e-9f91-36633835ab69,0.0
legit_sess_ab21acb4-f643-42bc-bb9a-6d818d351d57,1,1,0,0,3,434209.0,0.00829093823481319,434209.0,434209.0,1.0,169266.0,1,0,0,-1.0,0,-1.0,1,0,281.33,281.33,281.33,0.0,0.0,0,0.0,1,0,legitimate,n/a,75034ba2-4a7c-4092-9d76-244e8ba3f7ff,0.0
legit_sess_6d36ac57-4ea2-4d10-9957-58011748091b,0,1,0,0,2,17079.0,0.0,17079.0,17079.0,0.0,-1.0,1,0,0,-1.0,0,-1.0,0,0,0.0,0.0,0.0,0.0,0.0,0,0.0,0,0,legitimate,n/a,ad87e50d-1f6f-47a0-802c-bb7cdf54fa50,0.0
legit_sess_3d0e1850-5f2f-476f-a663-e7ecd908c471,2,1,0,0,4,177957.0,0.0404592120568452,46528.0,46528.0,2.0,70763.0,1,0,0,-1.0,0,-1.0,2,0,1159.5549999999998,1266.56,1052.55,107.005,0.092281090590787,0,1.0,1,0,legitimate,n/a,7a4835d8-c2b7-4628-8fa1-02a15998e513,0.0
legit_sess_b2018b19-5c70-4127-892f-43c69f49ffc5,5,1,0,0,7,139206.0,0.12930477134606266,20408.25,3354.0,5.0,28214.0,1,0,0,-1.0,0,-1.0,5,0,4572.782,5206.53,3860.43,469.38320717298785,0.10264718658641235,1,-1.0,1,0,legitimate,n/a,c0372bd4-3dad-4e1a-b512-9123a24b3f4d,0.0
legit_sess_f74028ec-8842-4a58-a7b3-19c36b76ace1,4,1,0,0,6,50006.0,0.2879654441467024,14956.0,2782.0,4.0,3745.0,1,0,0,-1.0,0,-1.0,4,0,1324.3925,1732.37,979.27,307.89419062195697,0.232479563741079,0,1.0,1,0,legitimate,n/a,4eefc6d5-beb9-4085-a66a-2cab110fa0ee,0.0
legit_sess_2e92cdbd-cbb1-4a30-865e-f12f78df7eb9,2,1,0,0,4,72111.0,0.09984607064109498,21000.0,21000.0,2.0,50093.0,1,0,0,-1.0,0,-1.0,2,0,1588.755,1685.07,1492.44,96.31499999999994,0.06062294060443551,1,-1.0,1,0,legitimate,n/a,75bba463-c516-4de4-a332-89b6c4ec2750,0.0
legit_sess_7702091f-d7ca-48b4-9fa5-f3cb22f48ca7,3,1,0,0,5,31728.0,0.3403933434190621,11984.0,5962.0,3.0,1196.0,1,0,0,-1.0,0,-1.0,3,0,2936.3266666666664,3836.27,2410.7,639.3471573583652,0.2177370674101991,1,-1.0,1,0,legitimate,n/a,8d84353b-1c60-42bd-a547-20cfdfc9cb2b,0.0
legit_sess_8c5d9da0-122e-4ca0-ab9c-e86c120bfe77,2,1,0,0,4,78035.0,0.09226629076696355,36787.0,36787.0,2.0,597.0,1,0,0,-1.0,0,-1.0,2,0,3691.065,4375.97,3006.16,684.9050000000002,0.1855575558815681,0,1.0,1,0,legitimate,n/a,28f277d3-35b1-45eb-a6b5-66295b607b8e,0.0
legit_sess_abaff5d4-4d29-4ad9-bee3-b95e2139a9db,2,1,0,0,4,122130.0,0.05895357406042742,10275.0,10275.0,2.0,53454.0,1,0,0,-1.0,0,-1.0,2,0,5131.48,5976.39,4286.57,844.9100000000003,0.1646523030392792,1,-1.0,1,0,legitimate,n/a,90336fa3-0c02-4c04-b6de-2b7bd6ef1cff,0.0
legit_sess_173dba34-4b0a-4f9f-8f22-1d75c706039f,0,1,0,0,2,79277.0,0.0,79277.0,79277.0,0.0,-1.0,1,0,0,-1.0,0,-1.0,0,0,0.0,0.0,0.0,0.0,0.0,0,0.0,0,0,legitimate,n/a,2d23dac8-b8ff-4724-8acc-654c5d17126a,0.0
legit_sess_b7a29f0f-d48c-4826-aaa8-337078a1a8d5,14,1,0,0,16,173487.0,0.2905116809905065,13145.615384615385,1082.0,14.0,1223.0,1,0,0,-1.0,0,-1.0,14,0,2538.2200000000003,3293.98,1695.12,552.302468451068,0.2175944041300864,1,-1.0,1,0,legitimate,n/a,3abbc1d7-5481-4010-b8e5-b00c035cee89,0.0
legit_sess_adcea51a-7844-46c1-9e22-1ee6b922f431,4,1,0,0,6,94861.0,0.15180105628234997,13258.0,1876.0,4.0,10000.0,1,0,0,-1.0,0,-1.0,4,0,954.08,1028.37,808.34,85.68514602893546,0.08980918374657834,1,-1.0,1,0,legitimate,n/a,15765a7c-4055-4e7f-817c-a90e94135ddf,0.0
legit_sess_c5f3f2a4-c531-4373-9d4f-38e35184f492,0,1,0,0,2,69161.0,0.0,69161.0,69161.0,0.0,-1.0,1,0,0,-1.0,0,-1.0,0,0,0.0,0.0,0.0,0.0,0.0,0,0.0,0,0,legitimate,n/a,450f002a-c83b-4269-aa5c-6817df0c92b9,0.0
legit_sess_f63f629a-25fa-4658-9a76-ea580e7f37a8,0,1,0,0,2,15021.0,0.0,15021.0,15021.0,0.0,-1.0,1,0,0,-1.0,0,-1.0,0,0,0.0,0.0,0.0,0.0,0.0,0,0.0,0,0,legitimate,n/a,2114682c-735d-4fe6-9f9c-e40eaf451db4,0.0
legit_sess_26184f95-a55f-44c4-ad2d-aa61b3f5eb33,2,1,0,0,4,32909.0,0.21878513476556566,19025.0,19025.0,2.0,729.0,1,0,0,-1.0,0,-1.0,2,0,1716.55,1936.28,1496.82,219.73000000000002,0.12800675774081735,1,-1.0,1,0,legitimate,n/a,ca496519-a00c-4807-9199-166a2815ea1b,0.0
legit_sess_d96d0891-95be-48a9-8328-4cc53c772315,1,1,0,0,3,103695.0,0.034717199479242004,103695.0,103695.0,1.0,96830.0,1,0,0,-1.0,0,-1.0,1,0,67.59,67.59,67.59,0.0,0.0,0,0.0,1,0,legitimate,n/a,7043b374-bd69-45cc-8e10-570a533d13d6,0.0
legit_sess_783cb31c-84ef-4f3c-9744-bf9a6b310a1c,0,1,0,0,2,5660.0,0.0,5660.0,5660.0,0.0,-1.0,1,0,0,-1.0,0,-1.0,0,0,0.0,0.0,0.0,0.0,0.0,0,0.0,0,0,legitimate,n/a,485ae79e-483a-40d1-b1c0-9fc1e3ec88a0,0.0
legit_sess_23f823d4-8700-4114-8be0-3f7e956fe451,4,1,0,0,6,335310.0,0.0429453341683815,85842.66666666667,5001.0,4.0,17342.0,1,0,0,-1.0,0,-1.0,4,0,1173.97,1569.82,913.76,260.1237376711322,0.22157613709986812,1,-1.0,1,0,legitimate,n/a,6dae5de4-9ef2-4810-b33e-edbdb411ae27,0.0
legit_sess_f20318fe-6768-432e-b104-c682743ea742,1,1,0,0,3,193372.0,0.01861696626192003,193372.0,193372.0,1.0,158373.0,1,0,0,-1.0,0,-1.0,1,0,1085.5,1085.5,1085.5,0.0,0.0,0,0.0,1,0,legitimate,n/a,8682ff67-a35a-447d-b647-1bab2f8c4faf,0.0
legit_sess_91a6fcf8-8c06-4788-a146-0308ddf34f34,6,1,0,1,8,422068.0,0.051176587658860656,27704.8,2760.0,6.0,283544.0,1,0,0,-1.0,1,16809.0,6,0,607.9399999999999,709.43,391.73,102.73075196843443,0.16898172840812323,1,1.0,1,0,legitimate,n/a,b323de89-2e85-459a-a69c-04d2e7189ef5,-1.8433622846010511
legit_sess_90e977e5-7a74-4115-b1e0-5d9e7c89eaa1,6,1,0,0,8,182303.0,0.11848406224801566,17595.4,11150.0,6.0,82105.0,1,0,0,-1.0,0,-1.0,6,0,228.67333333333332,303.27,146.99,53.98062821255623,0.23606000501103278,1,1.0,1,0,legitimate,n/a,b3b35aa3-f56d-4c05-ae63-29e4b75e1ede,0.0
legit_sess_f8fc408b-c3a6-42c5-ae94-51bad219d1fb,2,1,0,0,4,139467.0,0.05162511561874852,1279.0,1279.0,2.0,134575.0,1,0,0,-1.0,0,-1.0,2,0,1214.705,1266.49,1162.92,51.78499999999997,0.04263175009570223,0,1.0,1,0,legitimate,n/a,491070b6-bb4d-4a06-a9f7-7df62c46d38e,0.0
legit_sess_722b5a20-6c7f-4e2d-9b58-9bf1e9195576,3,1,0,0,5,298907.0,0.03613163960696805,105837.5,74300.0,3.0,3021.0,1,0,0,-1.0,0,-1.0,3,0,1419.5933333333332,1661.36,1108.53,230.9498837891507,0.16268735444598034,1,1.0,1,0,legitimate,n/a,7711b757-3b16-4943-b1a5-9c4ad1ebd086,0.0
legit_sess_80e73bb8-9fe6-45cb-ae94-d420b6a1d410,1,1,0,0,3,29958.0,0.12016823552974162,29958.0,29958.0,1.0,20642.0,1,0,0,-1.0,0,-1.0,1,0,4107.52,4107.52,4107.52,0.0,0.0,0,0.0,1,0,legitimate,n/a,f56b9578-0335-4b48-90cb-f3f894958af7,0.0
legit_sess_8b925511-a6fa-47c6-ab52-f7c477db4eb9,4,1,0,0,6,9717.0,1.4819388700216116,2123.3333333333335,1970.0,4.0,2075.0,1,0,0,-1.0,0,-1.0,4,0,1035.025,1110.95,979.59,53.24286313676231,0.051441137302734044,1,1.0,1,0,legitimate,n/a,ad87e50d-1f6f-47a0-802c-bb7cdf54fa50,0.0
legit_sess_2c18d3bb-3edb-4bd9-a491-ae89c6c0b326,4,1,0,0,5,393924.0,0.03655527462150059,119747.0,6822.0,4.0,34683.0,1,0,0,-1.0,0,-1.0,4,0,30.9125,34.7,25.71,3.7710898623607485,0.12199239344474722,1,1.0,1,0,legitimate,n/a,1a32a5d9-1025-4642-8349-9671b5d8f84e,0.0
legit_sess_3e4da38a-6ef9-40b8-bc04-dc7262368b4f,12,1,0,0,14,321628.0,0.13431666397204226,27239.18181818182,1332.0,12.0,20412.0,1,0,0,-1.0,0,-1.0,12,0,921.2566666666668,1396.49,573.03,206.61811207851287,0.2242785529315169,1,-1.0,1,0,legitimate,n/a,c52e3122-28dc-42d3-911e-add7ecb2cc25,0.0
legit_sess_5dd01559-c60f-451f-ad6b-7074e8d32209,4,1,0,2,8,280998.0,0.051245916341041566,76826.0,21856.0,4.0,3416.0,1,0,0,-1.0,1,66818.0,4,0,318.74749999999995,371.58,260.03,39.79152760010603,0.12483714413479646,1,-1.0,1,0,legitimate,n/a,fe304b6f-f676-49bc-a5c2-20e77f7545c0,1.3347669316720443
legit_sess_abe98644-1aad-4f17-b681-3e59a3486a3c,2,1,0,0,4,9185.0,0.783886771910724,1923.0,1923.0,2.0,6153.0,1,0,0,-1.0,0,-1.0,2,0,3614.7349999999997,4069.23,3160.24,454.4950000000001,0.12573397496635305,0,1.0,1,0,legitimate,n/a,6335877c-e0aa-4f44-b871-3c7735a2e760,0.0
legit_sess_6e0f7641-1df1-448f-8e00-669149b762c1,7,1,0,0,9,122244.0,0.20614508687542948,19820.833333333332,1224.0,7.0,1275.0,1,0,0,-1.0,0,-1.0,7,0,281.89,340.58,218.08,36.22685783464291,0.12851416451326017,1,-1.0,1,0,legitimate,n/a,ecfa3553-4134-4d66-8551-cc0eb77555e7,0.0
legit_sess_df04eb57-beb3-4f9a-bcd0-a02ae4e8f8bf,8,1,0,0,9,392194.0,0.07343304589055416,48570.42857142857,23213.0,8.0,52201.0,1,0,0,-1.0,0,-1.0,8,0,561.4725,802.08,367.76,144.70775979106995,0.2577290246469239,1,-1.0,1,0,legitimate,n/a,5953d3cf-85b7-4280-92c6-fc9555d9f3ec,0.0
legit_sess_b91c0e0c-1ec6-45b5-88b2-251ed4f0d482,5,1,0,0,7,174986.0,0.10286537208690981,26096.75,4755.0,5.0,18090.0,1,0,0,-1.0,0,-1.0,5,0,3643.3379999999997,5238.17,1904.35,1059.1777679200031,0.29071630683730226,1,1.0,1,0,legitimate,n/a,9f48dca8-87bc-4060-b20e-47760f16649d,0.0
legit_sess_1154631e-a9e4-4f6a-966a-7a5fd234a94d,4,1,0,0,6,80574.0,0.17871770049892025,12322.333333333334,599.0,4.0,2992.0,1,0,0,-1.0,0,-1.0,4,0,852.9875,973.22,668.78,116.61480124216652,0.1367133765057126,1,-1.0,1,0,legitimate,n/a,6da9fc8f-75e1-404d-844b-b0be52dda740,0.0
legit_sess_8867a9f0-8e5a-4fe8-9047-5a2ac4699990,2,1,0,0,4,4519.0,1.5932728479752158,1666.0,1666.0,2.0,1518.0,1,0,0,-1.0,0,-1.0,2,0,459.90500000000003,560.32,359.49,100.41500000000002,0.21833856992204914,0,1.0,1,0,legitimate,n/a,70c524f7-367a-47d5-bcc4-25ef1f51c88c,0.0
legit_sess_be465718-74a8-4ff3-bb24-bf1e063980c7,1,1,0,0,3,2219.0,1.6223524109959442,2219.0,2219.0,1.0,1018.0,1,0,0,-1.0,0,-1.0,1,0,2792.19,2792.19,2792.19,0.0,0.0,0,0.0,1,0,legitimate,n/a,e04665ee-7812-47b3-99c9-ad7976ed38b1,0.0
legit_sess_2a748c27-d1d7-4427-a99b-e10dbf2c2cfd,1,1,0,0,3,11797.0,0.3051623294057811,11797.0,11797.0,1.0,10478.0,1,0,0,-1.0,0,-1.0,1,0,611.11,611.11,611.11,0.0,0.0,0,0.0,1,0,legitimate,n/a,23079f9c-af8a-48d3-a0a0-0f5e78f607dc,0.0
legit_sess_b08c7ea1-11f4-43c1-865e-6b434e946329,7,1,0,0,9,248929.0,0.10123368510699839,24823.333333333332,2.0,7.0,39420.0,1,0,0,-1.0,0,-1.0,7,0,2195.3728571428574,2724.18,1438.3,388.01063599981325,0.17674019915905548,1,1.0,1,0,legitimate,n/a,e6a9e369-581f-41b0-a98f-feeba2d9206e,0.0
legit_sess_cd8c1dc8-31c0-4eaa-a9ae-c52c6ed06826,24,1,0,0,25,435802.0,0.19825517092624634,18496.391304347828,406.0,24.0,10385.0,1,0,0,-1.0,0,-1.0,24,0,2155.384583333333,3148.86,1240.71,463.4677180054289,0.2150278523792118,1,1.0,1,0,legitimate,n/a,56a4a954-52c8-4f73-9bc7-d319122bc68a,0.0
legit_sess_9cee3f7a-a9e5-4d28-917b-cb0fcb041e37,1,1,0,0,3,118553.0,0.030366165343770297,118553.0,118553.0,1.0,77259.0,1,0,0,-1.0,0,-1.0,1,0,526.15,526.15,526.15,0.0,0.0,0,0.0,1,0,legitimate,n/a,ce9a057f-9e64-4ec3-9185-abc647156316,0.0
legit_sess_3d5b11a8-e950-440b-8133-3a89c2b2594c,6,1,0,0,8,67097.0,0.3219219935317525,1613.8,1234.0,6.0,56809.0,1,0,0,-1.0,0,-1.0,6,0,2124.4883333333332,2789.05,354.74,814.6884838885079,0.38347515074853694,1,-1.0,1,0,legitimate,n/a,ef7dd45b-4660-4322-8f19-a2958853b56f,0.0
legit_sess_51cf5f51-1ff5-46f4-8209-e685828adf33,0,1,0,1,2,42879.0,0.0,42879.0,42879.0,0.0,-1.0,1,0,0,-1.0,0,-1.0,0,0,0.0,0.0,0.0,0.0,0.0,0,0.0,0,0,legitimate,n/a,96f8a8fe-3170-4850-a47e-119815c18198,0.0
legit_sess_898d1246-bf3c-4174-aa54-aa9e9572efb2,0,1,0,0,2,6606.0,0.0,6606.0,6606.0,0.0,-1.0,1,0,0,-1.0,0,-1.0,0,0,0.0,0.0,0.0,0.0,0.0,0,0.0,0,0,legitimate,n/a,e04665ee-7812-47b3-99c9-ad7976ed38b1,0.0
legit_sess_607d7978-3b3f-4341-b767-1c406d9685e4,2,1,0,0,4,48548.0,0.14830683035346462,45468.0,45468.0,2.0,1203.0,1,0,0,-1.0,0,-1.0,2,0,844.125,977.91,710.34,133.78499999999997,0.15848956019546864,1,-1.0,1,0,legitimate,n/a,485ae79e-483a-40d1-b1c0-9fc1e3ec88a0,0.0
legit_sess_230998bb-2ad3-4fc0-acac-beb75c4fc4cb,0,1,0,0,2,15625.0,0.0,15625.0,15625.0,0.0,-1.0,1,0,0,-1.0,0,-1.0,0,0,0.0,0.0,0.0,0.0,0.0,0,0.0,0,0,legitimate,n/a,9235da42-500e-4010-b6e3-6f35a17296e1,0.0
legit_sess_c60829d1-3320-4828-9783-f71f07f254a3,1,1,0,0,3,27187.0,0.13241622834442932,27187.0,27187.0,1.0,1550.0,1,0,0,-1.0,0,-1.0,1,0,1044.15,1044.15,1044.15,0.0,0.0,0,0.0,1,0,legitimate,n/a,ad87e50d-1f6f-47a0-802c-bb7cdf54fa50,0.0
legit_sess_c90ed04b-c6aa-43b3-8be3-d5decfe6714f,1,1,0,0,3,40565.0,0.08874645630469616,40565.0,40565.0,1.0,1374.0,1,0,0,-1.0,0,-1.0,1,0,1202.07,1202.07,1202.07,0.0,0.0,0,0.0,1,0,legitimate,n/a,1d32c668-b8b3-466b-92c7-ab7d0455833b,0.0
legit_sess_0ac73c18-fea7-4d8b-a6aa-72ebd8eebaf1,11,1,0,0,13,159938.0,0.2475959434280784,14300.6,1036.0,11.0,15099.0,1,0,0,-1.0,0,-1.0,11,0,3228.7536363636364,4532.22,2026.61,768.8761027189177,0.23813402610205328,1,1.0,1,0,legitimate,n/a,5f94cc14-2305-4aca-97d6-60d1c66516e3,0.0
legit_sess_1e636bb8-7168-4682-8a61-c0e6a5a5cd76,6,1,0,0,8,336300.0,0.06422836752899197,48245.2,9469.0,6.0,60797.0,1,0,0,-1.0,0,-1.0,6,0,750.7400000000001,1033.53,382.72,217.41436352427743,0.2896000792874729,1,1.0,1,0,legitimate,n/a,08191ecb-c368-4031-ba41-6ffab6202b3a,0.0
legit_sess_97437748-3a2c-440e-aed5-e761379f8a69,0,1,0,0,2,26143.0,0.0,26143.0,26143.0,0.0,-1.0,1,0,0,-1.0,0,-1.0,0,0,0.0,0.0,0.0,0.0,0.0,0,0.0,0,0,legitimate,n/a,6694b89e-56ab-4e51-9cfe-42a6c6e362db,0.0
legit_sess_f5f311a6-9924-47a1-94ca-449a4bea6169,3,1,0,0,5,359146.0,0.030071335891253142,49240.5,12806.0,3.0,255263.0,1,0,0,-1.0,0,-1.0,3,0,801.3299999999999,945.49,599.5,147.0184607455812,0.18346806028175808,1,1.0,1,0,legitimate,n/a,3de88452-6f0d-47d1-b592-572d432774b7,0.0
legit_sess_9133cb96-cb75-4644-9aeb-c4bb9adbbca5,2,1,0,0,4,139203.0,0.05172302321070667,23086.0,23086.0,2.0,43259.0,1,0,0,-1.0,0,-1.0,2,0,605.47,658.49,552.45,53.01999999999998,0.08756833534279151,0,1.0,1,0,legitimate,n/a,70c524f7-367a-47d5-bcc4-25ef1f51c88c,0.0
legit_sess_55b4d6dc-c2a1-4caf-9428-6db4d7ab206a,0,1,0,0,2,94676.0,0.0,94676.0,94676.0,0.0,-1.0,1,0,0,-1.0,0,-1.0,0,0,0.0,0.0,0.0,0.0,0.0,0,0.0,0,0,legitimate,n/a,2cd93d04-9ffb-425e-9959-8ee63a5317ec,0.0
legit_sess_ad5a1279-1d0d-43e4-8569-5d6b40414560,18,1,0,0,19,368373.0,0.17590865780065315,20759.29411764706,1018.0,18.0,15465.0,1,0,0,-1.0,0,-1.0,18,0,1648.7016666666666,2312.97,1009.61,357.7702055362414,0.21700117903051477,1,-1.0,1,0,legitimate,n/a,2ec99508-9205-4ff0-87c6-532d1cf37000,0.0
legit_sess_c3f8c0c3-6856-4445-a6ea-747567d58008,2,1,0,0,3,386728.0,0.018617736496969444,280168.0,280168.0,2.0,106560.0,1,0,0,-1.0,0,-1.0,2,0,1518.3049999999998,1744.36,1292.25,226.05499999999995,0.1488864226884585,0,1.0,1,0,legitimate,n/a,8600d020-b359-4eeb-b271-d359089a02d6,0.0
legit_sess_cbf86b72-111d-411a-880a-9da60d16230e,2,1,0,0,4,33478.0,0.21506661090865642,24186.0,24186.0,2.0,7901.0,1,0,0,-1.0,0,-1.0,2,0,3236.21,3765.62,2706.8,529.4099999999999,0.16358950747942805,0,1.0,1,0,legitimate,n/a,ba88e0c5-a5cd-4ea0-8e89-6a86c7562723,0.0
legit_sess_76cec362-3375-4e66-bc1b-636c016c95ce,2,1,1,0,5,90265.0,0.07976513598847837,7477.0,7477.0,2.0,66188.0,1,0,1,72496.0,0,-1.0,2,0,1213.225,1250.86,1175.59,37.63499999999999,0.03102062684168229,1,-1.0,1,0,legitimate,n/a,873845ca-4541-4af1-90ca-ed77ec62870e,0.0
legit_sess_9c725997-c086-42cd-b2cc-6e82543ea04f,2,1,0,0,3,101260.0,0.0711040884850879,3809.0,3809.0,2.0,97451.0,1,0,0,-1.0,0,-1.0,2,0,41.96,42.52,41.4,0.5600000000000023,0.013346043851286994,0,1.0,1,0,legitimate,n/a,65c6e445-4df0-4e9b-aac2-9dbf01007271,0.0
legit_sess_ecfd9767-58ac-4839-8ae8-28e67f968fe0,9,1,0,1,12,316535.0,0.10235834899774116,38189.625,1851.0,9.0,9126.0,1,0,0,-1.0,1,165792.0,9,0,899.7855555555557,1120.26,640.3,156.9664515544014,0.17444873457374566,1,-1.0,1,0,legitimate,n/a,34145e87-8c9a-4751-8ddc-f83cf0d1ab56,3.5028673264970758
legit_sess_fd729064-5b52-44ce-9e82-d3387d0db6a0,8,1,0,0,10,250999.0,0.11474149299399598,29190.428571428572,2890.0,8.0,35121.0,1,0,0,-1.0,0,-1.0,8,0,134.98125,166.57,81.2,26.53386300442323,0.19657443537101066,1,1.0,1,0,legitimate,n/a,6442a535-467f-4b29-9393-0b68c0ac79dc,0.0
legit_sess_4d3344ee-06cf-4cf4-9082-dc06fbbb5d26,2,1,0,0,4,249017.0,0.028913688623668266,203942.0,203942.0,2.0,4102.0,1,0,0,-1.0,0,-1.0,2,0,1874.1599999999999,2060.06,1688.26,185.89999999999998,0.09919110428138472,1,-1.0,1,0,legitimate,n/a,d58eeefd-5874-46a7-ba4f-f335340f0de0,0.0
legit_sess_b8ae769c-c948-4c1d-889d-62da7900d7de,9,1,0,1,12,202332.0,0.1601328509578317,24333.125,737.0,9.0,5904.0,1,0,0,-1.0,1,1965.0,9,0,203.79333333333335,254.93,165.14,27.72742685501127,0.13605659420496877,1,1.0,1,0,legitimate,n/a,2114682c-735d-4fe6-9f9c-e40eaf451db4,-0.9658400072284872
legit_sess_6fed261f-f73a-49a3-9040-29e7815fa37f,0,1,0,0,2,2472.0,0.0,2472.0,2472.0,0.0,-1.0,1,0,0,-1.0,0,-1.0,0,0,0.0,0.0,0.0,0.0,0.0,0,0.0,0,0,legitimate,n/a,0f8044a8-02eb-4c86-882f-1a43b79b14f3,0.0
legit_sess_e1b0f0d8-92b4-4d55-b120-e38efbbe860f,6,1,0,0,8,170606.0,0.12660750501154708,25556.2,399.0,6.0,40938.0,1,0,0,-1.0,0,-1.0,6,0,3286.0,3887.83,2446.95,507.17915552593445,0.15434545207727768,1,1.0,1,0,legitimate,n/a,56be6d2a-09b1-41fb-97ff-c8cd4105d9f9,0.0
legit_sess_7414ffbb-5f31-44fa-991d-98cb077325a3,4,1,0,0,6,214060.0,0.06727085863776512,63783.0,2319.0,4.0,15441.0,1,0,0,-1.0,0,-1.0,4,0,1540.4275,1654.56,1359.45,115.07314616690546,0.074702085081515,1,1.0,1,0,legitimate,n/a,6d4fdbf8-03f9-473e-a07c-30a826da053e,0.0
legit_sess_4cae0590-1d17-4114-bde5-e59262592cf5,7,1,0,1,10,256244.0,0.09834376609793789,31141.666666666668,1182.0,7.0,33430.0,1,0,0,-1.0,1,68667.0,7,0,769.8114285714285,850.1,624.51,84.52651510089626,0.10980158512034004,1,-1.0,1,0,legitimate,n/a,e5e9b368-249f-479d-8dc2-d18968f3f465,3.615040122258297
legit_sess_baa0433f-e178-4dea-893b-d9e24c051e18,0,1,0,0,2,70465.0,0.0,70465.0,70465.0,0.0,-1.0,1,0,0,-1.0,0,-1.0,0,0,0.0,0.0,0.0,0.0,0.0,0,0.0,0,0,legitimate,n/a,6f539849-5307-4d12-9cf3-350bfc6f512c,0.0
legit_sess_181c44b5-432e-4a63-b061-013b787964f5,4,1,0,0,6,117221.0,0.12284488274285323,24963.666666666668,1196.0,4.0,1152.0,1,0,0,-1.0,0,-1.0,4,0,779.2425,1154.33,629.0,218.44146726011064,0.2803254022465544,1,-1.0,1,0,legitimate,n/a,0f8044a8-02eb-4c86-882f-1a43b79b14f3,0.0
legit_sess_158d4110-0f59-414f-ba6a-66787e9fa851,0,1,0,0,2,43060.0,0.0,43060.0,43060.0,0.0,-1.0,1,0,0,-1.0,0,-1.0,0,0,0.0,0.0,0.0,0.0,0.0,0,0.0,0,0,legitimate,n/a,7e35fcb8-79e6-4be5-aa50-09622d600c56,0.0
legit_sess_360cae14-4fff-4e2e-9423-f25f1bb1b2e4,5,1,0,0,7,63566.0,0.2831702482459176,14935.5,1518.0,5.0,1493.0,1,0,0,-1.0,0,-1.0,5,0,2155.698,2534.12,1695.13,309.7273795065589,0.14367846493644237,1,1.0,1,0,legitimate,n/a,ca496519-a00c-4807-9199-166a2815ea1b,0.0
legit_sess_3717331d-6659-44b9-a502-6a3ccae45f90,7,1,0,1,9,428020.0,0.05887575346946404,64402.666666666664,1122.0,7.0,4011.0,1,0,0,-1.0,1,41604.0,7,0,76.38285714285715,97.54,54.72,14.999110177688843,0.19636749316193217,1,-1.0,1,0,legitimate,n/a,268d4599-5ccc-48c5-ba13-38f6c62f9ab0,0.140865016003666
legit_sess_2f4ef740-864c-416a-9e65-0569ae2fed84,3,1,0,0,4,415124.0,0.02601632283365934,206361.5,200527.0,3.0,2401.0,1,0,0,-1.0,0,-1.0,3,0,1713.78,1914.16,1481.72,177.9584318504371,0.10383971796288737,1,-1.0,1,0,legitimate,n/a,194f55a6-1ab5-4b26-b3e7-ca2b83b34f69,0.0
legit_sess_63f753e1-55f5-4054-822e-87c4f917398a,2,1,0,0,4,46482.0,0.15489867045307862,4741.0,4741.0,2.0,11137.0,1,0,0,-1.0,0,-1.0,2,0,2567.6800000000003,2664.35,2471.01,96.66999999999985,0.03764877243270183,1,-1.0,1,0,legitimate,n/a,b9cbf014-c844-404a-b258-60d34690a084,0.0
legit_sess_a75eb981-8082-43f2-b5de-20ec62d367b4,11,1,0,0,13,295263.0,0.13411771877952877,24770.2,2882.0,11.0,34658.0,1,0,0,-1.0,0,-1.0,11,0,1925.6645454545455,2634.66,1321.79,340.9725538505098,0.17706747245015336,1,1.0,1,0,legitimate,n/a,80a1fa97-42a5-49ef-9ace-78762564488f,0.0
legit_sess_a9be4828-341d-48cb-8af5-4a79295d4b98,0,1,0,0,2,78432.0,0.0,78432.0,78432.0,0.0,-1.0,1,0,0,-1.0,0,-1.0,0,0,0.0,0.0,0.0,0.0,0.0,0,0.0,0,0,legitimate,n/a,5803b278-932c-407f-bb51-ab7cdcf16762,0.0
legit_sess_e755a240-9c33-4599-a13f-4b471efef0be,2,1,0,0,4,5136.0,1.4018691588785046,2031.0,2031.0,2.0,1837.0,1,0,0,-1.0,0,-1.0,2,0,1186.345,1423.45,949.24,237.10500000000002,0.1998617602805255,1,-1.0,1,0,legitimate,n/a,090a5b58-52d4-4eef-92c9-7906909f4e3a,0.0
legit_sess_e18bafad-9b60-4e53-87c5-8dc271d3e3ea,7,1,0,0,9,225660.0,0.11167242754586547,24122.0,1190.0,7.0,8956.0,1,0,0,-1.0,0,-1.0,7,0,4480.2528571428575,5632.05,3526.17,592.9073078535315,0.13233791189000876,1,-1.0,1,0,legitimate,n/a,6335877c-e0aa-4f44-b871-3c7735a2e760,0.0
legit_sess_af692c75-e852-46dd-a34a-411243bdf6ce,4,1,0,1,6,320869.0,0.04487812783410052,94366.33333333333,77211.0,4.0,37770.0,1,0,0,-1.0,1,58208.0,4,0,274.3325,387.4,184.19,82.36356548104264,0.3002326209291376,1,1.0,1,0,legitimate,n/a,4d7ab3f7-cc75-4dcf-9f50-9137007c9675,0.10286936590631643
legit_sess_3d076659-02fa-411b-81e9-b1564a81066e,2,1,0,1,5,142309.0,0.05059412967556515,12391.0,12391.0,2.0,31424.0,1,0,0,-1.0,0,-1.0,2,0,1304.12,1305.47,1302.77,1.3500000000000227,0.0010351808115817737,1,-1.0,1,0,legitimate,n/a,9235da42-500e-4010-b6e3-6f35a17296e1,0.0
legit_sess_dc223027-92fc-4cb1-836d-c2928ea80c60,5,1,0,0,7,288803.0,0.06232622237303629,59739.0,10150.0,5.0,30885.0,1,0,0,-1.0,0,-1.0,5,0,1285.556,1531.29,965.99,211.2962759350008,0.16436178271113883,1,1.0,1,0,legitimate,n/a,75c8c442-ae43-4a3a-96d4-9cfac96d4cec,0.0
legit_sess_78665830-b203-430c-8403-d9bb92e2f8f2,4,1,0,0,5,73385.0,0.19622538665939906,20207.666666666668,14227.0,4.0,12762.0,1,0,0,-1.0,0,-1.0,4,0,142.45499999999998,175.13,104.96,25.490198606523254,0.17893509253113796,1,1.0,1,0,legitimate,n/a,5886a6d0-8b66-43cc-bb71-5febf363417b,0.0
legit_sess_3ca74b03-b899-4bc7-910d-d96e97a659f3,1,1,0,0,2,209791.0,0.01715993536424346,209791.0,209791.0,1.0,209791.0,1,0,0,-1.0,0,-1.0,1,0,117.08,117.08,117.08,0.0,0.0,0,0.0,1,0,legitimate,n/a,428f9036-e18b-4648-b28a-c538cbce4e6c,0.0
legit_sess_c4dfacdb-3a1b-4812-8147-bf8b757605a8,0,1,0,0,2,1597.0,0.0,1597.0,1597.0,0.0,-1.0,1,0,0,-1.0,0,-1.0,0,0,0.0,0.0,0.0,0.0,0.0,0,0.0,0,0,legitimate,n/a,712658db-9696-44f3-af36-573bdd77dfc9,0.0
legit_sess_72cd2672-1330-460c-a7ff-69af5a3b5d96,3,1,0,0,4,252762.0,0.04272794170009732,124394.5,37278.0,3.0,3973.0,1,0,0,-1.0,0,-1.0,3,0,1388.6433333333334,1939.73,1001.75,400.1426480088764,0.28815365213208793,1,1.0,1,0,legitimate,n/a,6134584a-5e20-44eb-9868-bf0ae2d60270,0.0
legit_sess_ff96bf52-d117-475b-943c-b8ece38548f7,0,1,0,0,2,4249.0,0.0,4249.0,4249.0,0.0,-1.0,1,0,0,-1.0,0,-1.0,0,0,0.0,0.0,0.0,0.0,0.0,0,0.0,0,0,legitimate,n/a,4b7cd1f8-4474-4da4-a763-07d1bdce4d90,0.0
legit_sess_e08ffa57-0444-41ae-bb27-4d1bb8d36b32,4,1,0,0,6,270112.0,0.053311219049875604,63531.333333333336,1148.0,4.0,41591.0,1,0,0,-1.0,0,-1.0,4,0,1297.8574999999998,1536.53,1082.77,163.60869649486852,0.1260606010250498,0,1.0,1,0,legitimate,n/a,786fc8a0-23c3-469b-b38a-07e216a39bc7,0.0
legit_sess_37febd57-0d3f-46d3-ad19-317f9cd8b4f9,6,1,0,0,8,230698.0,0.09362890012050386,42546.0,448.0,6.0,1652.0,1,0,0,-1.0,0,-1.0,6,0,1719.5900000000001,2255.11,1212.91,307.1702809517874,0.1786299530421713,1,1.0,1,0,legitimate,n/a,090a5b58-52d4-4eef-92c9-7906909f4e3a,0.0
legit_sess_c748d896-b881-486c-a36e-c8f92a20f197,6,1,1,0,9,166914.0,0.12940795858945325,16349.2,2545.0,6.0,3631.0,1,0,1,-1.0,0,-1.0,6,0,924.8833333333333,1165.88,758.11,138.68171384705184,0.14994508912517093,1,1.0,1,0,legitimate,n/a,75dfd5d4-d949-4622-b06c-f1221e0c3a55,0.0
legit_sess_434e123c-b9c2-4cdd-87ba-e1f5c9315f98,0,1,0,0,2,1784.0,0.0,1784.0,1784.0,0.0,-1.0,1,0,0,-1.0,0,-1.0,0,0,0.0,0.0,0.0,0.0,0.0,0,0.0,0,0,legitimate,n/a,a43e1b27-dd12-4c13-95e0-e3d30354db0c,0.0
legit_sess_5741383f-ae4f-434f-9b0c-a35663eb990e,0,1,0,0,2,68077.0,0.0,68077.0,68077.0,0.0,-1.0,1,0,0,-1.0,0,-1.0,0,0,0.0,0.0,0.0,0.0,0.0,0,0.0,0,0,legitimate,n/a,140093f7-873f-4224-9da1-8d804211bae7,0.0
legit_sess_4740f6b3-ba8f-46be-9df1-fbb5d371340b,4,1,0,0,6,71334.0,0.20186727226848347,19327.0,10974.0,4.0,7330.0,1,0,0,-1.0,0,-1.0,4,0,2194.4,2735.59,1882.89,332.5978879217365,0.1515666642005726,1,-1.0,1,0,legitimate,n/a,66231401-b779-420f-911b-d314204a3970,0.0
legit_sess_662633a5-f894-4c76-aa1e-677c589483f5,3,1,0,0,5,200783.0,0.05378941444245777,19370.0,11183.0,3.0,151233.0,1,0,0,-1.0,0,-1.0,3,0,2505.9866666666667,2714.67,2342.37,155.2955801760702,0.06196983497228112,1,-1.0,1,0,legitimate,n/a,712658db-9696-44f3-af36-573bdd77dfc9,0.0
legit_sess_bdf79206-fac1-4d76-a613-b1ac59414cfd,0,1,0,0,2,15093.0,0.0,15093.0,15093.0,0.0,-1.0,1,0,0,-1.0,0,-1.0,0,0,0.0,0.0,0.0,0.0,0.0,0,0.0,0,0,legitimate,n/a,42f32846-fdb3-4c62-ae9b-73435d417373,0.0
legit_sess_69f36619-3b3b-4ffa-a3f0-805bd2b631cc,0,1,0,0,2,47813.0,0.0,47813.0,47813.0,0.0,-1.0,1,0,0,-1.0,0,-1.0,0,0,0.0,0.0,0.0,0.0,0.0,0,0.0,0,0,legitimate,n/a,e04665ee-7812-47b3-99c9-ad7976ed38b1,0.0
legit_sess_9444de4e-13fe-499f-9e70-f5e3f3e6c8f7,3,1,0,0,5,403083.0,0.026793489182128743,13058.0,12813.0,3.0,358740.0,1,0,0,-1.0,0,-1.0,3,0,528.3766666666667,698.99,401.34,125.36101210326741,0.2372569040456002,1,1.0,1,0,legitimate,n/a,af8c3e74-6fa1-46a8-ade2-56558dc508c6,0.0
legit_sess_b18e6a74-26c8-4854-ba03-0195e8688b20,1,1,0,0,3,97795.0,0.03681169793956746,97795.0,97795.0,1.0,1491.0,1,0,0,-1.0,0,-1.0,1,0,1341.11,1341.11,1341.11,0.0,0.0,0,0.0,1,0,legitimate,n/a,ced3463f-cc5b-4ae2-afab-25f03bc89378,0.0
legit_sess_e3e2bf71-5c22-413a-b19b-b6698ab16bc8,1,1,0,0,2,240421.0,0.014973733575685983,240421.0,240421.0,1.0,240421.0,1,0,0,-1.0,0,-1.0,1,0,28.73,28.73,28.73,0.0,0.0,0,0.0,1,0,legitimate,n/a,abb83370-7f52-4b46-8fc9-494488e04517,0.0
legit_sess_deb06511-9bc8-4126-8397-72db354353db,2,1,0,0,4,4597.0,1.5662388514248422,1460.0,1460.0,2.0,1274.0,1,0,0,-1.0,0,-1.0,2,0,5287.715,5297.01,5278.42,9.295000000000073,0.001757848144236229,1,-1.0,1,0,legitimate,n/a,efadd5f7-92bd-4be0-9e70-e5f2c48489f5,0.0
legit_sess_712fe187-6615-400d-8fb0-dfd9fc2a977f,0,1,0,0,2,29959.0,0.0,29959.0,29959.0,0.0,-1.0,1,0,0,-1.0,0,-1.0,0,0,0.0,0.0,0.0,0.0,0.0,0,0.0,0,0,legitimate,n/a,76af7ffc-6f3d-4af7-ada6-9a865e5709b0,0.0
legit_sess_42a93795-cb72-41eb-9e26-0f2067dfbbb3,2,1,0,1,4,445560.0,0.016159439806086723,14398.0,14398.0,2.0,393461.0,1,0,0,-1.0,1,431162.0,2,0,1549.755,1630.58,1468.93,80.82499999999993,0.052153404893031434,0,1.0,1,0,legitimate,n/a,49eb0d00-e6c9-411a-ad60-6a82ab5e7b10,50.267448990390584
legit_sess_b9913966-b277-454a-b5e0-3fbd063f08b6,6,1,0,0,8,87771.0,0.24609495163550604,11150.8,1352.0,6.0,2383.0,1,0,0,-1.0,0,-1.0,6,0,1312.0033333333333,1528.85,1045.23,178.7600375425733,0.13624968245195512,1,1.0,1,0,legitimate,n/a,931335ee-9c6b-47e2-ac7d-a744684ae995,0.0
legit_sess_eb14c046-ce56-4ea4-8e4f-71ac4c115a67,6,1,0,0,8,238786.0,0.09045756451383247,30256.0,3911.0,6.0,15345.0,1,0,0,-1.0,0,-1.0,6,0,865.025,1152.04,219.34,312.20930291232514,0.3609251789397129,1,1.0,1,0,legitimate,n/a,2212fb12-71ed-4d83-b107-c9ef83f00b76,0.0
legit_sess_5c998e60-17b4-4b2d-8202-745c4f5d2e2e,7,1,0,0,9,265115.0,0.0950530901684175,30402.166666666668,3180.0,7.0,43376.0,1,0,0,-1.0,0,-1.0,7,0,674.0128571428571,826.6,370.1,147.09640208421976,0.21823975689093222,1,-1.0,1,0,legitimate,n/a,d5601a4e-2970-41d7-92fe-e8c34708f7e3,0.0
legit_sess_55530c57-0ae6-4be4-bb69-ef65a26f8c68,0,1,0,0,2,1408.0,0.0,1408.0,1408.0,0.0,-1.0,1,0,0,-1.0,0,-1.0,0,0,0.0,0.0,0.0,0.0,0.0,0,0.0,0,0,legitimate,n/a,cc42d7c6-4fd8-4e8b-9bb1-7fee389ee002,0.0
legit_sess_3f1bc559-624c-4e1c-93fc-684e8c53203f,0,1,0,0,2,69982.0,0.0,69982.0,69982.0,0.0,-1.0,1,0,0,-1.0,0,-1.0,0,0,0.0,0.0,0.0,0.0,0.0,0,0.0,0,0,legitimate,n/a,e79a262b-e8db-476b-8d33-f36c7b564757,0.0
legit_sess_d7841176-363a-45b0-af20-e5756f6cd3c0,0,1,0,0,2,492.0,0.0,492.0,492.0,0.0,-1.0,1,0,0,-1.0,0,-1.0,0,0,0.0,0.0,0.0,0.0,0.0,0,0.0,0,0,legitimate,n/a,e1bcb3e5-de1e-40d6-aaad-976839ed92cc,0.0
legit_sess_3bdba55b-d83b-43ba-ba97-e8b630421f56,8,1,0,0,10,382787.0,0.07523766481097843,43472.57142857143,1366.0,8.0,76672.0,1,0,0,-1.0,0,-1.0,8,0,2622.9612500000003,3364.61,1976.48,508.0861486115692,0.1937070738698748,1,-1.0,1,0,legitimate,n/a,cbbc6c94-19f4-4c75-a87d-d5121032888d,0.0
legit_sess_63c56ab2-9ddb-4c57-bf63-52b539b9e2a0,8,1,0,0,10,234351.0,0.12289258420062216,28183.14285714286,1399.0,8.0,34394.0,1,0,0,-1.0,0,-1.0,8,0,398.565,508.22,333.06,60.52446199678276,0.15185593817014229,1,-1.0,1,0,legitimate,n/a,a7eac1c8-1c4a-4f30-acf3-3142833955bc,0.0
legit_sess_db03e1ae-0c6c-4cca-ade5-78dca7883a72,3,1,0,0,5,164772.0,0.06554511688879178,20576.0,17832.0,3.0,23438.0,1,0,0,-1.0,0,-1.0,3,0,1760.1633333333332,1925.35,1649.36,119.05399400645443,0.06763803776152655,0,1.0,1,0,legitimate,n/a,c12625c0-54e6-439c-8623-989b1508d991,0.0
legit_sess_b49a557c-63f4-4007-bf79-78df3dcfb8aa,5,1,0,0,7,363545.0,0.04951244000055014,71816.0,11286.0,5.0,31772.0,1,0,0,-1.0,0,-1.0,5,0,1530.174,1815.77,1195.12,235.6475653682847,0.15400050279790709,1,-1.0,1,0,legitimate,n/a,4eefc6d5-beb9-4085-a66a-2cab110fa0ee,0.0
legit_sess_bda2d9e7-d062-4ac6-9200-0fbdcdfe0589,3,1,0,1,6,107224.0,0.1007237185704693,8942.0,1075.0,3.0,25807.0,1,0,0,-1.0,1,10232.0,3,0,762.77,969.82,647.43,146.7239382877473,0.19235672389809158,1,1.0,1,0,legitimate,n/a,4b7cd1f8-4474-4da4-a763-07d1bdce4d90,-0.5221521910162138
legit_sess_8ad57bfe-2c8a-40fb-851b-f7265e3555ea,3,1,0,0,4,360284.0,0.029976351988986467,172926.0,111891.0,3.0,14432.0,1,0,0,-1.0,0,-1.0,3,0,1688.5200000000002,1820.28,1483.6,146.86194151878382,0.08697672607892344,1,-1.0,1,0,legitimate,n/a,c50b2038-9b09-436a-babf-b898875eb916,0.0
legit_sess_6d03a03a-c937-4dda-86c6-2566536725b6,6,1,0,0,8,34038.0,0.6345848757271285,5388.6,1498.0,6.0,4968.0,1,0,0,-1.0,0,-1.0,6,0,2079.5733333333333,2497.44,1524.83,305.30513772654115,0.14681143138009456,1,-1.0,1,0,legitimate,n/a,44d5ad11-1eee-4285-a241-cf78caaf7ba1,0.0
legit_sess_93a282af-db74-4273-adf2-533b7e405f4e,2,1,1,0,5,21673.0,0.3322105845983482,2409.0,2409.0,2.0,2901.0,1,0,1,1498.0,0,-1.0,2,0,2498.43,2659.97,2336.89,161.53999999999996,0.06465660434753023,0,1.0,1,0,legitimate,n/a,cc42d7c6-4fd8-4e8b-9bb1-7fee389ee002,0.0
legit_sess_ece7ecb1-8cae-4745-94c8-3e2368549c9a,1,1,0,0,2,63728.0,0.056490082852121516,63728.0,63728.0,1.0,63728.0,1,0,0,-1.0,0,-1.0,1,0,59.18,59.18,59.18,0.0,0.0,0,0.0,1,0,legitimate,n/a,df754f21-bb51-4573-9922-a8e9d7594f17,0.0
legit_sess_eb0b891c-ad69-4f36-bbe2-a98b86964926,3,1,1,0,6,216575.0,0.04986725152949325,88141.5,44883.0,3.0,16103.0,1,0,1,60477.0,0,-1.0,3,0,713.3833333333333,929.69,519.26,168.2899708505795,0.23590398455796951,0,1.0,1,0,legitimate,n/a,ad87b09e-5da8-4a98-a064-b4cc25337682,0.0
legit_sess_d6c45bf3-ffa8-46b7-ac0f-1fc896c3b1ca,2,1,0,0,3,351694.0,0.02047234243404778,195243.0,195243.0,2.0,156451.0,1,0,0,-1.0,0,-1.0,2,0,404.46500000000003,503.97,304.96,99.50500000000002,0.2460163425759955,0,1.0,1,0,legitimate,n/a,7637facd-c86c-42a1-b860-3d0056dd34fb,0.0
legit_sess_17530ae4-aa0d-4612-a0d1-31c2b24f4a02,2,1,0,0,4,181012.0,0.039776368417563476,13930.0,13930.0,2.0,148410.0,1,0,0,-1.0,0,-1.0,2,0,702.095,799.29,604.9,97.195,0.13843568178095556,1,-1.0,1,0,legitimate,n/a,23079f9c-af8a-48d3-a0a0-0f5e78f607dc,0.0
legit_sess_539511b6-8ee4-44c8-bc95-1397105a1a0f,1,1,0,0,3,33793.0,0.1065309383600154,33793.0,33793.0,1.0,20954.0,1,0,0,-1.0,0,-1.0,1,0,3049.52,3049.52,3049.52,0.0,0.0,0,0.0,1,0,legitimate,n/a,e1bcb3e5-de1e-40d6-aaad-976839ed92cc,0.0
legit_sess_a01ffa2a-8201-4aa0-806a-71d08ae8957d,6,1,1,0,9,116376.0,0.1856052794390596,10217.2,1526.0,6.0,59480.0,1,0,1,58939.0,0,-1.0,6,0,1075.2516666666666,1360.87,643.39,217.32486055186803,0.20211534405297493,1,-1.0,1,0,legitimate,n/a,0646e5bb-6a98-4cc1-98a6-d44d04b4e421,0.0
legit_sess_4ed75312-513f-44c2-b282-0e00b5025d1b,8,1,0,1,11,308958.0,0.093216553706329,30419.714285714286,883.0,8.0,94515.0,1,0,0,-1.0,1,88604.0,8,0,2171.6162499999996,2877.71,1587.61,374.29151833622615,0.17235619706576896,1,-1.0,1,0,legitimate,n/a,569908f6-c030-4b21-9315-8ce400721f84,0.9527578007328892
legit_sess_7206bc12-d6b6-4224-8c04-69828854b325,8,1,0,0,10,167344.0,0.1721005832297543,22798.0,2620.0,8.0,5756.0,1,0,0,-1.0,0,-1.0,8,0,4103.321249999999,4749.06,3280.43,481.2659124236181,0.1172869203023327,1,-1.0,1,0,legitimate,n/a,efadd5f7-92bd-4be0-9e70-e5f2c48489f5,0.0
legit_sess_67a8393a-e26c-4f31-aad4-93adc907951a,0,1,0,0,2,38600.0,0.0,38600.0,38600.0,0.0,-1.0,1,0,0,-1.0,0,-1.0,0,0,0.0,0.0,0.0,0.0,0.0,0,0.0,0,0,legitimate,n/a,8fe5feef-3d8d-480f-82d5-b04d233f91d5,0.0
legit_sess_c41d2e54-15de-4f2d-bd38-ed167fd668f6,1,1,0,0,3,83137.0,0.04330201955807883,83137.0,83137.0,1.0,54798.0,1,0,0,-1.0,0,-1.0,1,0,1946.81,1946.81,1946.81,0.0,0.0,0,0.0,1,0,legitimate,n/a,6afcb203-4ffe-44b3-b949-41e764781eb6,0.0
legit_sess_4279b40a-4ec4-4906-95d9-a0b81ef5e8e1,6,1,0,0,8,245662.0,0.08792568651236252,38292.4,1246.0,6.0,17608.0,1,0,0,-1.0,0,-1.0,6,0,2739.8233333333333,3122.44,2111.29,322.7318882429948,0.11779295559555353,1,-1.0,1,0,legitimate,n/a,92f48d21-8b9f-484a-a7f1-86a2e2b6c50c,0.0
legit_sess_60e5508a-3784-4852-ba8d-18b01cea9a70,9,1,0,0,11,96006.0,0.337478907568277,6811.875,1049.0,9.0,19090.0,1,0,0,-1.0,0,-1.0,9,0,3635.5288888888886,4670.13,2425.84,668.5442866980043,0.1838918922474382,1,-1.0,1,0,legitimate,n/a,8d84353b-1c60-42bd-a547-20cfdfc9cb2b,0.0
legit_sess_b3241518-91f8-4d6c-8078-e042b4f94bd8,0,1,0,0,2,19577.0,0.0,19577.0,19577.0,0.0,-1.0,1,0,0,-1.0,0,-1.0,0,0,0.0,0.0,0.0,0.0,0.0,0,0.0,0,0,legitimate,n/a,aa069dd3-e42a-40ad-88ad-4972d1cee715,0.0
legit_sess_b2f4ff3c-75fe-468a-9db4-c92e3bbef74e,0,1,1,0,3,6717.0,0.0,6717.0,6717.0,0.0,-1.0,1,0,1,-1.0,0,-1.0,0,0,0.0,0.0,0.0,0.0,0.0,0,0.0,0,0,legitimate,n/a,a43e1b27-dd12-4c13-95e0-e3d30354db0c,0.0
legit_sess_5ed97f96-401a-421e-a17b-0d62a6522274,3,1,0,0,5,50926.0,0.21207241880375446,18526.5,1418.0,3.0,1960.0,1,0,0,-1.0,0,-1.0,3,0,707.2833333333333,770.34,659.0,46.63930697979502,0.06594147604184324,1,-1.0,1,0,legitimate,n/a,180ecb0d-fb51-4504-8f00-61ca5498c004,0.0
legit_sess_8a375659-0da6-4c83-9584-3a7f9656d1a6,3,1,0,0,5,86972.0,0.12417789633445246,40813.5,2875.0,3.0,1452.0,1,0,0,-1.0,0,-1.0,3,0,3365.4500000000003,4336.6,2334.9,818.2693087649486,0.24313815649168716,1,-1.0,1,0,legitimate,n/a,b580f989-5239-44e0-8dd8-972056f813c8,0.0
legit_sess_dad3e06b-928d-4390-b73c-d1575896b3bc,3,1,0,0,5,352646.0,0.030625613221190656,73430.5,21969.0,3.0,80223.0,1,0,0,-1.0,0,-1.0,3,0,2880.1766666666663,3040.83,2632.25,177.8517737393198,0.06175030018042406,1,-1.0,1,0,legitimate,n/a,212532de-9425-4e21-9985-c91d62a6c595,0.0
legit_sess_170d5d26-1eea-4719-b560-40e8a120ac53,1,1,0,0,2,348114.0,0.010341439873145003,348114.0,348114.0,1.0,348114.0,1,0,0,-1.0,0,-1.0,1,0,16.35,16.35,16.35,0.0,0.0,0,0.0,1,0,legitimate,n/a,f9eca092-d268-4279-a5b5-9f8579eb04d1,0.0
legit_sess_6d4e53af-5d9d-45b1-b966-e0de932358db,3,1,0,0,5,50998.0,0.21177301070630222,13922.5,1180.0,3.0,1061.0,1,0,0,-1.0,0,-1.0,3,0,1763.5166666666667,2386.65,586.04,833.0752232675164,0.4723943011222934,1,-1.0,1,0,legitimate,n/a,75bba463-c516-4de4-a332-89b6c4ec2750,0.0
legit_sess_76f8eaa9-e3ef-4bec-a537-9a50e4cbfb11,10,1,0,0,12,216163.0,0.1665409899011394,18741.777777777777,1078.0,10.0,10810.0,1,0,0,-1.0,0,-1.0,10,0,4824.325,5995.6,3465.18,855.5662415646144,0.17734423811924246,1,1.0,1,0,legitimate,n/a,321a6ec1-7934-40b8-b48b-b0750c9c20ef,0.0
legit_sess_68da9f91-a413-4777-ba02-8912159ca003,3,1,0,0,5,28806.0,0.3749218912726515,11345.5,2631.0,3.0,4316.0,1,0,0,-1.0,0,-1.0,3,0,5380.759999999999,5596.18,5014.66,260.2175044073708,0.04836073424708979,0,1.0,1,0,legitimate,n/a,87af8a1d-d2aa-4199-bb1a-6021769c6ab1,0.0
legit_sess_c113d319-7db0-4c79-b645-a0bd22644a83,1,1,0,0,2,374762.0,0.009606096669352816,374762.0,374762.0,1.0,374762.0,1,0,0,-1.0,0,-1.0,1,0,199.7,199.7,199.7,0.0,0.0,0,0.0,1,0,legitimate,n/a,c349dc1a-bc44-46c6-9aa7-2b97709d198a,0.0
legit_sess_b8596b46-49dd-477c-b394-507e21ecd934,9,1,0,0,11,303500.0,0.10675453047775947,32191.625,6542.0,9.0,12436.0,1,0,0,-1.0,0,-1.0,9,0,1696.4166666666667,2299.76,977.86,405.43777215361786,0.23899657443844446,1,1.0,1,0,legitimate,n/a,91809dd7-ea11-4863-a7a0-6a4d1ff6a96f,0.0
legit_sess_7017ccf2-2ee9-4413-ad18-fc1ff7e3510c,3,1,0,0,5,97146.0,0.11117287381878822,19402.5,16151.0,3.0,35934.0,1,0,0,-1.0,0,-1.0,3,0,2744.98,2976.86,2477.23,205.54403729290394,0.0748799762813951,1,-1.0,1,0,legitimate,n/a,0623ceae-af0f-4078-ad6d-e98ab7fc7a54,0.0
legit_sess_3c99347d-24c2-417d-8dc1-18dd657756d7,3,1,0,0,5,47442.0,0.22764638927532568,4594.0,1309.0,3.0,36638.0,1,0,0,-1.0,0,-1.0,3,0,4095.236666666666,4403.02,3617.96,342.17519239256507,0.08355443659159262,1,1.0,1,0,legitimate,n/a,ee36196b-ea01-4583-99c1-4c26c647ebd1,0.0
legit_sess_2c7e1cb9-b3e3-46df-971a-2b1510156f38,4,1,0,0,6,181115.0,0.07950749523783232,51690.333333333336,11153.0,4.0,7564.0,1,0,0,-1.0,0,-1.0,4,0,1707.6475,1945.85,1318.07,260.8704353098488,0.15276597500939088,1,-1.0,1,0,legitimate,n/a,8ab28729-4db8-4edd-ae3c-a58b224065ed,0.0
legit_sess_f6d39e53-4aab-4f90-95f8-d2326369defb,2,1,0,0,3,205998.0,0.03495179564850144,7980.0,7980.0,2.0,198018.0,1,0,0,-1.0,0,-1.0,2,0,463.75,474.2,453.3,10.449999999999989,0.022533692722371945,0,1.0,1,0,legitimate,n/a,ea410a35-08bb-4941-b2d8-0f0bfdffacba,0.0
legit_sess_606fcf47-a1f7-48d9-a29f-f4d2bdc194e2,10,1,0,0,12,316792.0,0.11363923331397256,29783.333333333332,446.0,10.0,20619.0,1,0,0,-1.0,0,-1.0,10,0,1317.158,1487.22,906.03,163.65022351344345,0.12424494518762629,1,1.0,1,0,legitimate,n/a,9cdfeddd-a055-4efc-9652-9c730ba38a2b,0.0
legit_sess_e1143995-10e6-42e9-8523-a0a2c781dc9e,12,1,0,1,15,198703.0,0.21740990322239725,11748.363636363636,1018.0,12.0,1336.0,1,0,0,-1.0,1,68282.0,12,0,1312.4808333333335,1806.12,880.04,279.9337113335445,0.21328594233455686,1,-1.0,1,0,legitimate,n/a,9f6c3ff2-3cd5-45a9-a907-1bcd854c2f92,2.248979594885147
legit_sess_0f8b1a18-92ef-489b-a506-ff42a1853a2d,1,1,0,0,3,34970.0,0.10294538175579068,34970.0,34970.0,1.0,31781.0,1,0,0,-1.0,0,-1.0,1,0,30.28,30.28,30.28,0.0,0.0,0,0.0,1,0,legitimate,n/a,6f1b0a58-ddd6-4bd0-a4f6-d48b389fe420,0.0
legit_sess_5bf33c75-b956-496a-bc36-26deee355290,0,1,0,0,2,21407.0,0.0,21407.0,21407.0,0.0,-1.0,1,0,0,-1.0,0,-1.0,0,0,0.0,0.0,0.0,0.0,0.0,0,0.0,0,0,legitimate,n/a,e4ea4f55-5e06-4b6b-80f4-a9f67b415e88,0.0
legit_sess_053d581e-a622-4811-875f-30c0fb6639e5,8,1,0,1,11,166130.0,0.1733582134473003,18213.714285714286,1397.0,8.0,29860.0,1,0,0,-1.0,1,21853.0,8,0,3270.8075,4270.16,2688.96,530.6606481252874,0.16224147955062698,1,-1.0,1,0,legitimate,n/a,28f277d3-35b1-45eb-a6b5-66295b607b8e,0.056213533192303745
legit_sess_f8a43c26-3823-4bf4-8511-c05a5d7be062,6,1,0,0,8,88784.0,0.24328707875292846,11306.0,1216.0,6.0,29932.0,1,0,0,-1.0,0,-1.0,6,0,2049.2716666666665,2956.86,1328.88,580.1157994290642,0.28308389212869817,1,1.0,1,0,legitimate,n/a,97f2ec07-0637-4d96-bd91-1cf840c3f510,0.0
legit_sess_fb8b63dd-d4b7-4316-8a48-488323d497c7,0,1,0,0,2,38560.0,0.0,38560.0,38560.0,0.0,-1.0,1,0,0,-1.0,0,-1.0,0,0,0.0,0.0,0.0,0.0,0.0,0,0.0,0,0,legitimate,n/a,8243cd2d-fee9-41ae-81ae-10e10a19131f,0.0
legit_sess_007ccbfb-6190-41a0-a659-5028abda6214,4,1,0,0,6,25413.0,0.5666391217093614,3615.6666666666665,1251.0,4.0,14566.0,1,0,0,-1.0,0,-1.0,4,0,3212.9224999999997,3799.71,2780.43,398.38799137116325,0.12399551852594119,1,-1.0,1,0,legitimate,n/a,ec56c1f5-548c-4c84-8231-bd091f8803be,0.0
legit_sess_0dc6149e-dd86-4938-979b-8ce03964be52,1,1,0,0,3,57648.0,0.062447960033305584,57648.0,57648.0,1.0,24066.0,1,0,0,-1.0,0,-1.0,1,0,103.36,103.36,103.36,0.0,0.0,0,0.0,1,0,legitimate,n/a,dd15d50d-d505-4fe5-9c9c-7e25619a6461,0.0
legit_sess_7690c01e-ee9d-41d8-a3d3-a8121b1e4c13,5,1,0,0,7,289827.0,0.06210601496754961,46276.0,5548.0,5.0,4243.0,1,0,0,-1.0,0,-1.0,5,0,2031.114,2464.27,1635.5,267.27938391129237,0.13159250731928016,1,-1.0,1,0,legitimate,n/a,7241885f-d60c-4c6b-a8ff-34d30ab08f08,0.0
legit_sess_a1cfa373-2f79-46e3-b32b-d144e74d7881,1,1,0,0,2,244576.0,0.014719351040167472,244576.0,244576.0,1.0,244576.0,1,0,0,-1.0,0,-1.0,1,0,503.24,503.24,503.24,0.0,0.0,0,0.0,1,0,legitimate,n/a,577dee3a-0f95-4a6f-8c64-c72c45d5bb88,0.0
legit_sess_f0901708-80e7-485a-a4bd-ad9bfc7d89f6,1,1,0,0,2,16450.0,0.2188449848024316,16450.0,16450.0,1.0,16450.0,1,0,0,-1.0,0,-1.0,1,0,149.26,149.26,149.26,0.0,0.0,0,0.0,1,0,legitimate,n/a,77620802-6141-4c74-b84c-fcf66f7fb33c,0.0
legit_sess_f1fff7fa-36f9-431a-abeb-af3a14d80e6d,1,1,0,0,3,84738.0,0.04248389152446364,84738.0,84738.0,1.0,1350.0,1,0,0,-1.0,0,-1.0,1,0,842.07,842.07,842.07,0.0,0.0,0,0.0,1,0,legitimate,n/a,9e097fe3-d7fa-41b8-9397-1494b402b288,0.0
legit_sess_c01964ed-016c-4813-9c78-210452d4b57b,2,1,0,0,4,37359.0,0.1927246446639364,15382.0,15382.0,2.0,7241.0,1,0,0,-1.0,0,-1.0,2,0,281.805,297.79,265.82,15.985000000000014,0.05672362094356031,1,-1.0,1,0,legitimate,n/a,4ffaaa98-c602-43de-8954-7528eb998e41,0.0
legit_sess_9bdfd9c3-25a8-4ed4-804f-e7aec18f362f,1,1,0,0,3,21012.0,0.17133066818960593,21012.0,21012.0,1.0,16773.0,1,0,0,-1.0,0,-1.0,1,0,1282.94,1282.94,1282.94,0.0,0.0,0,0.0,1,0,legitimate,n/a,1d32c668-b8b3-466b-92c7-ab7d0455833b,0.0
legit_sess_a0c1b495-c2b7-4d60-8526-254a17049f28,10,1,0,0,12,271267.0,0.13271057666431965,22502.777777777777,1257.0,10.0,22141.0,1,0,0,-1.0,0,-1.0,10,0,1925.054,2583.96,1234.34,410.30705168690434,0.21314054134943972,1,1.0,1,0,legitimate,n/a,6694b89e-56ab-4e51-9cfe-42a6c6e362db,0.0
legit_sess_518b4069-9a87-411c-a133-ad971005955e,10,1,0,0,12,276726.0,0.13009258255458467,27271.444444444445,6975.0,10.0,17233.0,1,0,0,-1.0,0,-1.0,10,0,1080.7669999999998,1423.22,678.63,226.5214011545046,0.20959318812889793,1,-1.0,1,0,legitimate,n/a,ad87e50d-1f6f-47a0-802c-bb7cdf54fa50,0.0
legit_sess_246c6f82-7094-428b-a17f-c3a5df1e09b7,0,1,0,0,2,1500.0,0.0,1500.0,1500.0,0.0,-1.0,1,0,0,-1.0,0,-1.0,0,0,0.0,0.0,0.0,0.0,0.0,0,0.0,0,0,legitimate,n/a,b9cbf014-c844-404a-b258-60d34690a084,0.0
legit_sess_5187f186-df19-40dc-97ea-ddd0afc4bc24,0,1,0,0,2,15503.0,0.0,15503.0,15503.0,0.0,-1.0,1,0,0,-1.0,0,-1.0,0,0,0.0,0.0,0.0,0.0,0.0,0,0.0,0,0,legitimate,n/a,42f32846-fdb3-4c62-ae9b-73435d417373,0.0
legit_sess_5c5d847d-09c8-423a-978a-dcedae45a4fe,1,1,0,0,2,81482.0,0.044181537026582555,81482.0,81482.0,1.0,81482.0,1,0,0,-1.0,0,-1.0,1,0,153.93,153.93,153.93,0.0,0.0,0,0.0,1,0,legitimate,n/a,0c87fe95-d5b0-4782-be19-10afab858695,0.0
legit_sess_72f99844-56ba-4fce-8f74-832d677c8c5d,6,1,0,0,8,256595.0,0.08417934877920458,31717.2,694.0,6.0,71933.0,1,0,0,-1.0,0,-1.0,6,0,1654.1383333333333,2022.22,1213.43,267.7371774344302,0.1618590005679272,1,-1.0,1,0,legitimate,n/a,27ead21b-a5cf-4dd4-9560-42b835818ae9,0.0
legit_sess_f4197a2a-f7e0-4012-868d-41f212eee8ba,1,1,0,0,3,18654.0,0.1929880990672242,18654.0,18654.0,1.0,16565.0,1,0,0,-1.0,0,-1.0,1,0,2358.86,2358.86,2358.86,0.0,0.0,0,0.0,1,0,legitimate,n/a,dac6fed5-cb6f-480a-bdf5-2ff5bfd15dd4,0.0
legit_sess_858fec8f-0966-421f-8d03-8aab2cc954d6,10,1,0,2,13,332647.0,0.10822283080863498,36441.555555555555,2760.0,10.0,4673.0,1,0,0,-1.0,1,9785.0,10,0,596.3839999999999,796.86,446.21,113.39573476987572,0.19013879441748224,1,1.0,1,0,legitimate,n/a,28f1a81b-c0bd-4d84-a445-7ea432830689,-1.49316360245164
legit_sess_ad2ee0d6-0b30-4e4d-b12f-723c4a0e416f,6,1,0,0,7,250129.0,0.0863554405926542,37032.0,2141.0,6.0,64969.0,1,0,0,-1.0,0,-1.0,6,0,3932.2533333333336,5144.36,3004.63,779.3565536104481,0.19819591657636032,1,-1.0,1,0,legitimate,n/a,ba88e0c5-a5cd-4ea0-8e89-6a86c7562723,0.0
legit_sess_9833c455-e7a1-4d7e-977e-a0d412b877fa,3,1,0,0,5,49101.0,0.21995478707154642,8092.5,7641.0,3.0,13214.0,1,0,0,-1.0,0,-1.0,3,0,524.4966666666667,624.09,434.47,77.70704358179007,0.14815545745150602,0,1.0,1,0,legitimate,n/a,0a68253a-0a6f-4154-a837-6dcd8299ed6e,0.0
legit_sess_5714b73e-29fb-4527-a56e-73a69515c425,9,1,0,1,12,366908.0,0.08830551527903453,36885.0,2991.0,9.0,4314.0,1,0,0,-1.0,1,10534.0,9,0,1512.3444444444442,2024.31,1014.22,286.64905981244385,0.18953953305111235,1,1.0,1,0,legitimate,n/a,f4237624-2ca8-41a9-a350-3592873b1cd3,-2.4004231216479064
legit_sess_fae6c2a2-3a68-42e7-bf20-d8641c6c6480,0,1,0,0,2,1234.0,0.0,1234.0,1234.0,0.0,-1.0,1,0,0,-1.0,0,-1.0,0,0,0.0,0.0,0.0,0.0,0.0,0,0.0,0,0,legitimate,n/a,3f0121f3-e35c-48a0-b9f4-886c6db63aed,0.0
legit_sess_3d5653fd-45f0-4b05-8b57-d779f2340612,0,1,0,0,2,1220.0,0.0,1220.0,1220.0,0.0,-1.0,1,0,0,-1.0,0,-1.0,0,0,0.0,0.0,0.0,0.0,0.0,0,0.0,0,0,legitimate,n/a,18554f8c-848c-4bcc-96c6-7dc3d239bf0b,0.0
legit_sess_cc6a29a5-520e-4a0d-9671-90d51979bbab,0,1,0,0,2,1194.0,0.0,1194.0,1194.0,0.0,-1.0,1,0,0,-1.0,0,-1.0,0,0,0.0,0.0,0.0,0.0,0.0,0,0.0,0,0,legitimate,n/a,a4dd8645-2d55-4f9f-a32b-88da34f5744e,0.0
legit_sess_f8ad1f88-8781-4ef2-a472-74c39c0a463c,4,1,0,0,5,341349.0,0.042185563748538886,53379.333333333336,35800.0,4.0,181211.0,1,0,0,-1.0,0,-1.0,4,0,1920.6125000000002,2442.98,1553.03,352.5941758151289,0.18358423462053322,1,1.0,1,0,legitimate,n/a,b34ed4fa-24f8-4385-a7cc-721577937b86,0.0
legit_sess_13ef7726-ec74-4414-89b3-a45976c2cbd5,0,1,1,0,3,44296.0,0.0,44296.0,44296.0,0.0,-1.0,1,0,1,-1.0,0,-1.0,0,0,0.0,0.0,0.0,0.0,0.0,0,0.0,0,0,legitimate,n/a,1b51fc5d-6212-4400-b1a5-7ff2f79d2faf,0.0
legit_sess_8e1e3670-d04f-437f-8a7c-45dc8073891f,3,1,0,0,5,88139.0,0.12253372513870137,13366.5,1622.0,3.0,55357.0,1,0,0,-1.0,0,-1.0,3,0,450.81,646.55,312.95,142.2083232444571,0.31545068486603467,1,-1.0,1,0,legitimate,n/a,bb131b3d-7fe1-447e-ac48-6af27e8fad53,0.0
legit_sess_fafe9ce2-0e8b-4224-a5f5-1202e7d59c33,3,1,0,0,5,79917.0,0.13514020796576448,26684.0,20368.0,3.0,1266.0,1,0,0,-1.0,0,-1.0,3,0,2403.99,2521.02,2211.47,137.1844395938063,0.0570653120827484,1,-1.0,1,0,legitimate,n/a,3f0121f3-e35c-48a0-b9f4-886c6db63aed,0.0
legit_sess_f35996d8-934f-4da6-b1ef-5e3ea329e6b7,0,1,0,0,2,29692.0,0.0,29692.0,29692.0,0.0,-1.0,1,0,0,-1.0,0,-1.0,0,0,0.0,0.0,0.0,0.0,0.0,0,0.0,0,0,legitimate,n/a,c4ecbfa2-5221-4bda-a90b-a8875e36d760,0.0
legit_sess_b5bbdb31-1d46-49b8-afed-1b834a9676f1,1,1,0,0,3,2841.0,1.2671594508975712,2841.0,2841.0,1.0,1283.0,1,0,0,-1.0,0,-1.0,1,0,593.66,593.66,593.66,0.0,0.0,0,0.0,1,0,legitimate,n/a,db898157-5c9a-4ce9-b86f-eddfb4c9243b,0.0
legit_sess_fa078341-a32e-4419-a0b1-cde17d695753,2,1,0,0,4,118461.0,0.060779497049661915,2126.0,2126.0,2.0,57007.0,1,0,0,-1.0,0,-1.0,2,0,454.89,459.94,449.84,5.050000000000011,0.011101584998571109,1,-1.0,1,0,legitimate,n/a,1e07e064-1b4b-4663-b0de-31bd35cd74cd,0.0
legit_sess_0d318e6f-a44b-4d5e-b162-9a0a25302dee,0,1,0,0,2,39423.0,0.0,39423.0,39423.0,0.0,-1.0,1,0,0,-1.0,0,-1.0,0,0,0.0,0.0,0.0,0.0,0.0,0,0.0,0,0,legitimate,n/a,a4bad160-4172-42d3-b4e2-d988b12d7075,0.0
legit_sess_f96f25dd-8884-4c0a-af41-510cc399f37d,6,1,0,2,10,194124.0,0.11126908573901217,13839.6,1052.0,6.0,58274.0,1,0,0,-1.0,1,96589.0,6,0,2275.9516666666664,3037.86,1895.95,440.33231213923983,0.19347173254524586,1,-1.0,1,0,legitimate,n/a,450f002a-c83b-4269-aa5c-6817df0c92b9,2.495466382855263
legit_sess_cbf7cc0d-6e60-4698-a304-e2f6f1226647,1,1,0,0,3,48081.0,0.07487365071441941,48081.0,48081.0,1.0,29263.0,1,0,0,-1.0,0,-1.0,1,0,3160.46,3160.46,3160.46,0.0,0.0,0,0.0,1,0,legitimate,n/a,e52126e5-50fc-416f-a948-d82b9d7d83e7,0.0
legit_sess_ddb0f239-1f4b-4401-8c02-e3fdaef7e3cd,3,1,0,0,5,71443.0,0.1511694637683188,12219.0,1068.0,3.0,40440.0,1,0,0,-1.0,0,-1.0,3,0,3183.39,3901.46,2286.91,671.1013444083292,0.2108134235542391,0,1.0,1,0,legitimate,n/a,a41b0f98-c4b9-4a24-b36f-11498081e1df,0.0
legit_sess_81a3bd63-8de5-4bc0-baaf-c962bb041495,1,1,1,0,3,321696.0,0.011190689346463742,321696.0,321696.0,1.0,321696.0,1,0,1,186415.0,0,-1.0,1,0,1413.34,1413.34,1413.34,0.0,0.0,0,0.0,1,0,legitimate,n/a,a4dd8645-2d55-4f9f-a32b-88da34f5744e,0.0
legit_sess_442c254e-732c-40b0-9654-ffedb8a5abee,3,1,0,1,6,159064.0,0.0678971986118795,4329.0,971.0,3.0,91600.0,1,0,0,-1.0,1,77866.0,3,0,685.7333333333332,842.73,541.23,123.4034711379258,0.17995839656512613,1,-1.0,1,0,legitimate,n/a,044a398c-42b6-419a-9b6a-d12fc934db68,1.4828113627253119
legit_sess_38bd0513-e670-4e5c-826d-b4e9c7dfdbe5,0,1,0,0,2,2516.0,0.0,2516.0,2516.0,0.0,-1.0,1,0,0,-1.0,0,-1.0,0,0,0.0,0.0,0.0,0.0,0.0,0,0.0,0,0,legitimate,n/a,e1bcb3e5-de1e-40d6-aaad-976839ed92cc,0.0
legit_sess_3884f8e7-2e44-40c7-bbbe-7a854bb696e3,0,1,0,0,2,981.0,0.0,981.0,981.0,0.0,-1.0,1,0,0,-1.0,0,-1.0,0,0,0.0,0.0,0.0,0.0,0.0,0,0.0,0,0,legitimate,n/a,485ae79e-483a-40d1-b1c0-9fc1e3ec88a0,0.0
legit_sess_9ef044e2-e0d3-468c-a40f-0e46c31aebcb,1,1,0,0,3,2440.0,1.4754098360655736,2440.0,2440.0,1.0,1137.0,1,0,0,-1.0,0,-1.0,1,0,4745.79,4745.79,4745.79,0.0,0.0,0,0.0,1,0,legitimate,n/a,87af8a1d-d2aa-4199-bb1a-6021769c6ab1,0.0
legit_sess_c7cb9dee-f98a-4baf-a0a1-a6600f7a05c3,2,1,0,0,4,133333.0,0.0540001350003375,5039.0,5039.0,2.0,18448.0,1,0,0,-1.0,0,-1.0,2,0,2538.67,3057.49,2019.85,518.8199999999999,0.2043668535099087,0,1.0,1,0,legitimate,n/a,662d8025-dc36-42e3-9c72-141cb61dddb0,0.0
legit_sess_bc33a54f-f527-4eb5-a50c-e9744b2ec605,12,1,0,0,14,145796.0,0.29630442536146395,12381.636363636364,1017.0,12.0,5526.0,1,0,0,-1.0,0,-1.0,12,0,2908.486666666666,3418.58,2315.11,390.1703497690321,0.13414892158202507,1,-1.0,1,0,legitimate,n/a,c9b26ff0-2c58-4c6b-a804-bf2ab43f02b6,0.0
legit_sess_bf695cbc-2d70-4ac3-ae49-000b5be55c64,0,1,0,1,3,47440.0,0.0,47440.0,47440.0,0.0,-1.0,1,0,0,-1.0,0,-1.0,0,0,0.0,0.0,0.0,0.0,0.0,0,0.0,0,0,legitimate,n/a,364a1093-73fa-41a2-b4f2-b7a098fbcb7e,0.0
legit_sess_ebd6db22-e474-4d1e-a176-f2bd7d69c688,8,1,0,1,10,289332.0,0.09953962921488117,41120.42857142857,5650.0,8.0,1489.0,1,0,0,-1.0,1,14705.0,8,0,993.43375,1080.86,834.16,80.89115170052592,0.0814258139513842,1,-1.0,1,0,legitimate,n/a,6da9fc8f-75e1-404d-844b-b0be52dda740,-0.8750028082672322
legit_sess_352660c3-55f8-4c2a-8f2e-c9ed049d417d,2,1,0,0,4,70864.0,0.10160307067058026,26130.0,26130.0,2.0,22615.0,1,0,0,-1.0,0,-1.0,2,0,549.365,617.08,481.65,67.71500000000003,0.1232604916585513,0,1.0,1,0,legitimate,n/a,18554f8c-848c-4bcc-96c6-7dc3d239bf0b,0.0
legit_sess_475697be-07df-4eaf-8c81-efbc68ebe8ef,10,1,0,0,12,289583.0,0.12431668986093798,30618.666666666668,7610.0,10.0,12277.0,1,0,0,-1.0,0,-1.0,10,0,139.219,191.39,72.34,35.21474363104181,0.2529449545754661,1,1.0,1,0,legitimate,n/a,2d23dac8-b8ff-4724-8acc-654c5d17126a,0.0
legit_sess_d932d3cb-34b6-4466-beb0-71bc86c9b8de,0,1,1,0,3,36472.0,0.0,36472.0,36472.0,0.0,-1.0,1,0,1,-1.0,0,-1.0,0,0,0.0,0.0,0.0,0.0,0.0,0,0.0,0,0,legitimate,n/a,77001ae3-1f80-4666-85e4-2f4d0b904d54,0.0
legit_sess_e8443ee9-c218-4c8a-8ec9-1ae2ac4ebb2f,1,1,0,0,2,350833.0,0.010261292409779011,350833.0,350833.0,1.0,350833.0,1,0,0,-1.0,0,-1.0,1,0,414.57,414.57,414.57,0.0,0.0,0,0.0,1,0,legitimate,n/a,eb269fa2-4cd4-4264-b02b-7400ed601e41,0.0
legit_sess_82626d33-8a6f-4275-bf8e-8730407769ec,4,1,0,0,6,198417.0,0.07257442658643161,46602.0,7010.0,4.0,54753.0,1,0,0,-1.0,0,-1.0,4,0,4855.7474999999995,5347.83,4292.73,441.59867959353096,0.0909435014060206,1,-1.0,1,0,legitimate,n/a,87af8a1d-d2aa-4199-bb1a-6021769c6ab1,0.0
legit_sess_57a37bc4-1b86-4957-84c3-3bc9777298ac,0,1,0,0,2,69171.0,0.0,69171.0,69171.0,0.0,-1.0,1,0,0,-1.0,0,-1.0,0,0,0.0,0.0,0.0,0.0,0.0,0,0.0,0,0,legitimate,n/a,46191aa0-6f57-4d36-8c22-b1f4bbb91047,0.0
legit_sess_6dec7cf7-e795-4883-8d4a-fa372735f1b7,1,1,0,0,3,49838.0,0.07223403828404029,49838.0,49838.0,1.0,33152.0,1,0,0,-1.0,0,-1.0,1,0,2704.97,2704.97,2704.97,0.0,0.0,0,0.0,1,0,legitimate,n/a,a43e1b27-dd12-4c13-95e0-e3d30354db0c,0.0
legit_sess_3e2c98ab-79ea-4215-8731-63191e685ddf,1,1,0,0,2,48946.0,0.07355044334572794,48946.0,48946.0,1.0,48946.0,1,0,0,-1.0,0,-1.0,1,0,265.03,265.03,265.03,0.0,0.0,0,0.0,1,0,legitimate,n/a,19d9547a-65fb-4585-a96f-dca139048114,0.0
legit_sess_8f6c5236-3a1b-4498-a34c-7d7a7d782585,0,1,0,0,2,57997.0,0.0,57997.0,57997.0,0.0,-1.0,1,0,0,-1.0,0,-1.0,0,0,0.0,0.0,0.0,0.0,0.0,0,0.0,0,0,legitimate,n/a,d375eff1-0635-4fef-90b9-9ac9f178d77f,0.0
legit_sess_8da028ca-50bd-4e2e-9f0f-0094c23789fb,2,1,0,0,4,114912.0,0.06265664160401002,49247.0,49247.0,2.0,17661.0,1,0,0,-1.0,0,-1.0,2,0,2487.75,2580.59,2394.91,92.84000000000015,0.0373188624258869,1,-1.0,1,0,legitimate,n/a,7e35fcb8-79e6-4be5-aa50-09622d600c56,0.0
legit_sess_9f32defc-7ac9-4530-8659-d2b24bdaed78,2,1,0,0,4,100074.0,0.07194675939804546,25645.0,25645.0,2.0,60471.0,1,0,0,-1.0,0,-1.0,2,0,2573.125,2591.78,2554.47,18.6550000000002,0.007249939276172047,0,1.0,1,0,legitimate,n/a,129915ca-30a0-419d-987c-b33502829a8f,0.0
legit_sess_3069b968-4d79-43fe-ae8c-dd90d4e79a65,4,1,1,0,7,124731.0,0.11544844505375568,38907.333333333336,18548.0,4.0,1426.0,1,0,1,43745.0,0,-1.0,4,0,2543.7275,3161.26,1858.91,469.90369025870615,0.18473035742181745,1,-1.0,1,0,legitimate,n/a,77001ae3-1f80-4666-85e4-2f4d0b904d54,0.0
legit_sess_1064df43-aead-42b3-991a-5080cc43b34d,1,1,0,0,3,52786.0,0.06819990148903118,52786.0,52786.0,1.0,17627.0,1,0,0,-1.0,0,-1.0,1,0,1631.9,1631.9,1631.9,0.0,0.0,0,0.0,1,0,legitimate,n/a,9efd55d2-38d9-49ab-9b49-5244c92bdd5a,0.0
legit_sess_5b3a5680-0491-4640-bd8b-3f70f3bc6be8,4,1,0,0,6,167611.0,0.085913215719732,20449.333333333332,11420.0,4.0,81325.0,1,0,0,-1.0,0,-1.0,4,0,1757.9775,2279.39,1324.6,372.65830638635975,0.2119812718799642,1,1.0,1,0,legitimate,n/a,dac6fed5-cb6f-480a-bdf5-2ff5bfd15dd4,0.0
legit_sess_dc88bbd6-fde5-497f-8419-686e3670a6ed,0,1,1,0,3,58120.0,0.0,58120.0,58120.0,0.0,-1.0,1,0,1,-1.0,0,-1.0,0,0,0.0,0.0,0.0,0.0,0.0,0,0.0,0,0,legitimate,n/a,a7f7d6ec-ff02-4814-b5e1-ae00ec5e8396,0.0
legit_sess_51f86594-774d-4765-8678-8d225e34e64e,6,1,0,0,8,277953.0,0.07771097991387034,47634.2,14234.0,6.0,13427.0,1,0,0,-1.0,0,-1.0,6,0,878.1983333333334,1291.67,682.86,194.492776936717,0.22146794130033307,1,1.0,1,0,legitimate,n/a,6b6bdbe2-aff4-4cd6-8757-b01ba642927a,0.0
legit_sess_6c4591f6-77ef-4315-b857-5c0edd252eec,17,1,0,0,18,293407.0,0.20858398061395944,17746.8125,1106.0,17.0,9458.0,1,0,0,-1.0,0,-1.0,17,0,131.75529411764705,184.11,66.52,28.901237123459545,0.21935541427013192,1,-1.0,1,0,legitimate,n/a,5f103886-4778-4c71-ba14-1932a0223b43,0.0
legit_sess_268e9bd7-cb56-423d-9107-61d4557087f5,4,1,0,0,6,167562.0,0.08593833924159415,16944.333333333332,12497.0,4.0,13843.0,1,0,0,-1.0,0,-1.0,4,0,183.71,214.54,144.49,25.13133203791633,0.13679893330747553,1,-1.0,1,0,legitimate,n/a,5eb3f161-c5d5-4b9e-9ae3-0d871492ee7e,0.0
legit_sess_e35336cb-86ba-4e48-bca0-d5694c544188,0,1,0,0,2,247374.0,0.0,247374.0,247374.0,0.0,-1.0,1,0,0,-1.0,0,-1.0,0,0,0.0,0.0,0.0,0.0,0.0,0,0.0,0,0,legitimate,n/a,627292f8-3f9a-4884-a594-09c145619fc0,0.0
legit_sess_d0f1749c-c676-4a36-86c6-5e3c40892604,4,1,0,0,6,242009.0,0.05950191935010681,34338.333333333336,21841.0,4.0,114548.0,1,0,0,-1.0,0,-1.0,4,0,1839.7375,1991.86,1668.36,116.71833882792369,0.06344293075937393,1,-1.0,1,0,legitimate,n/a,bd5480a6-b5a8-433b-8369-e01ac94fc1ab,0.0
legit_sess_07dd9230-b6d7-4fde-ba66-f435d37d041c,3,1,0,0,5,63427.0,0.17027448878237975,8322.5,5933.0,3.0,24292.0,1,0,0,-1.0,0,-1.0,3,0,427.3233333333333,464.84,363.87,45.11665053564543,0.10557965600360093,0,1.0,1,0,legitimate,n/a,0ce211a1-a00a-42dd-9ddb-fa5532f4371b,0.0
legit_sess_01917f14-face-465f-a98d-821c6294e7b4,7,1,0,0,8,328863.0,0.07662765346055957,51405.666666666664,1672.0,7.0,20429.0,1,0,0,-1.0,0,-1.0,7,0,443.1257142857142,557.99,370.34,57.19464531808223,0.1290709238354081,1,-1.0,1,0,legitimate,n/a,db898157-5c9a-4ce9-b86f-eddfb4c9243b,0.0
legit_sess_9a19c339-ab13-4300-b7af-50e380e3c745,8,1,1,0,11,282360.0,0.1019974500637484,29499.714285714286,1241.0,8.0,73231.0,1,0,1,71654.0,0,-1.0,8,0,1753.505,2405.64,1133.71,390.1272549438195,0.22248425578702055,1,1.0,1,0,legitimate,n/a,dba7ca9c-8708-4cdf-9a19-1eeb28007dd3,0.0
legit_sess_1437295e-c331-4df2-af54-fcb95186f57f,4,1,0,1,7,74907.0,0.1922383755857263,2554.0,1189.0,4.0,14802.0,1,0,0,-1.0,1,1817.0,4,0,441.225,506.64,371.84,47.704752645831846,0.10811887958713093,1,1.0,1,0,legitimate,n/a,714b6caa-6c89-4c3d-b319-c55af244bf16,-1.471653738659143
legit_sess_a2feafc6-c976-46ed-8931-84a80eaa154b,2,1,0,0,4,56908.0,0.1265199971884445,23073.0,23073.0,2.0,8441.0,1,0,0,-1.0,0,-1.0,2,0,251.435,283.7,219.17,32.265,0.12832342354882972,0,1.0,1,0,legitimate,n/a,deead1d3-fd8b-489c-b463-88d10898a37e,0.0
legit_sess_3be69856-c8f5-49c7-bc3c-8d0a6f9b8d90,12,1,0,0,13,309838.0,0.1394277009275815,28080.454545454544,430.0,12.0,953.0,1,0,0,-1.0,0,-1.0,12,0,1588.2074999999998,1810.46,1402.52,145.63221273268036,0.09169596084433576,1,1.0,1,0,legitimate,n/a,d931a7a8-f9b9-495a-bc86-65bc58c7e668,0.0
legit_sess_e1f571dc-bfd8-4cb6-bb44-6da4dbaedba6,11,1,0,0,13,87105.0,0.4546237299810574,8030.7,1221.0,11.0,5185.0,1,0,0,-1.0,0,-1.0,11,0,198.4027272727273,256.79,120.99,41.01220640711939,0.20671190850488366,1,-1.0,1,0,legitimate,n/a,807350ad-5779-4ebc-9422-9e4fba90c40a,0.0
legit_sess_a65eb603-0695-49a3-8f5c-78230acbd4c4,0,1,0,0,2,1532.0,0.0,1532.0,1532.0,0.0,-1.0,1,0,0,-1.0,0,-1.0,0,0,0.0,0.0,0.0,0.0,0.0,0,0.0,0,0,legitimate,n/a,485ae79e-483a-40d1-b1c0-9fc1e3ec88a0,0.0
legit_sess_fb48436d-415c-43f4-87a3-e6ed7275c00d,9,1,0,1,12,310698.0,0.10428132784890794,31581.25,801.0,9.0,25461.0,1,0,0,-1.0,1,21510.0,9,0,3009.9266666666667,3754.09,1759.25,636.3355867953813,0.21141232238062765,1,-1.0,1,0,legitimate,n/a,a7e8ad2d-a76d-4c56-b259-e3d1fb1a9610,-1.4304293311707785
legit_sess_179261c9-6087-4df5-af43-9859a3fc979d,2,1,1,0,5,48610.0,0.1481176712610574,11640.0,11640.0,2.0,3741.0,1,0,1,16988.0,0,-1.0,2,0,2482.62,2972.93,1992.31,490.30999999999995,0.19749699913800742,0,1.0,1,0,legitimate,n/a,ec56c1f5-548c-4c84-8231-bd091f8803be,0.0
legit_sess_3b851b35-e422-4615-b895-029b102b1517,0,1,0,0,2,1507.0,0.0,1507.0,1507.0,0.0,-1.0,1,0,0,-1.0,0,-1.0,0,0,0.0,0.0,0.0,0.0,0.0,0,0.0,0,0,legitimate,n/a,a7f7d6ec-ff02-4814-b5e1-ae00ec5e8396,0.0
legit_sess_3f46c494-295e-4483-9205-565ea500e0ff,14,1,0,1,16,328477.0,0.15343540034766515,25188.53846153846,1083.0,14.0,1026.0,1,0,0,-1.0,1,9559.0,14,0,755.13,1046.9,489.49,162.56877661030558,0.2152858138470271,1,1.0,1,0,legitimate,n/a,485ae79e-483a-40d1-b1c0-9fc1e3ec88a0,-0.38445544943176363
legit_sess_2ea6f8cb-2619-4c6c-8df6-41a23d184f85,7,1,0,0,9,60669.0,0.4153686396677051,1983.3333333333333,1243.0,7.0,47246.0,1,0,0,-1.0,0,-1.0,7,0,962.9914285714286,1215.39,661.7,168.42271643767327,0.17489534324051437,1,-1.0,1,0,legitimate,n/a,ea1f82b1-831d-45ed-9dbd-8b9f23140856,0.0
legit_sess_b1f79f3e-753f-4663-ab19-1ca7ad2af936,3,1,0,0,5,98879.0,0.10922440558662608,19695.5,2266.0,3.0,34602.0,1,0,0,-1.0,0,-1.0,3,0,3029.3266666666664,3306.75,2810.55,206.7739242640511,0.06825738753740142,1,-1.0,1,0,legitimate,n/a,b9cbf014-c844-404a-b258-60d34690a084,0.0
legit_sess_01491473-72d1-4506-ae6c-2c0e38d12edf,3,1,0,0,5,59257.0,0.18225694854616334,24893.0,2277.0,3.0,6933.0,1,0,0,-1.0,0,-1.0,3,0,36.11333333333333,52.01,27.45,11.255790608492244,0.3116796365652274,1,-1.0,1,0,legitimate,n/a,6f1b0a58-ddd6-4bd0-a4f6-d48b389fe420,0.0
legit_sess_ec81269f-8b6d-410f-86ba-24ef5757d244,9,1,0,1,11,289840.0,0.11178581286226885,35883.75,3180.0,9.0,2770.0,1,0,0,-1.0,1,1204.0,9,0,5293.081111111111,6285.97,4050.14,673.2668620068443,0.12719753351097124,1,-1.0,1,0,legitimate,n/a,f30b8ddf-5ded-4b28-8198-18f281bc896a,-153.88571525099107
legit_sess_42d75b00-accf-48fa-9840-34350e004350,2,1,0,0,3,217931.0,0.033037979911072775,27180.0,27180.0,2.0,190751.0,1,0,0,-1.0,0,-1.0,2,0,341.77,423.3,260.24,81.53,0.23855224273634318,1,-1.0,1,0,legitimate,n/a,22a1ca2e-7dc3-417e-a5ca-10b770993322,0.0
legit_sess_33d878c1-ee40-47ce-9433-905fecfe83de,0,1,0,0,2,35180.0,0.0,35180.0,35180.0,0.0,-1.0,1,0,0,-1.0,0,-1.0,0,0,0.0,0.0,0.0,0.0,0.0,0,0.0,0,0,legitimate,n/a,a7f7d6ec-ff02-4814-b5e1-ae00ec5e8396,0.0
legit_sess_52fddfa0-beed-4740-b968-bd997f0f2414,0,1,0,0,2,2777.0,0.0,2777.0,2777.0,0.0,-1.0,1,0,0,-1.0,0,-1.0,0,0,0.0,0.0,0.0,0.0,0.0,0,0.0,0,0,legitimate,n/a,cc42d7c6-4fd8-4e8b-9bb1-7fee389ee002,0.0
legit_sess_ebcd1db1-f1f1-4dcc-9ef9-27bd7c2a79a7,3,1,0,1,6,126293.0,0.08551542840854204,13320.0,429.0,3.0,1033.0,1,0,0,-1.0,0,-1.0,3,0,4846.11,5348.28,4523.66,359.83699541134814,0.074252750228812,1,-1.0,1,0,legitimate,n/a,ee36196b-ea01-4583-99c1-4c26c647ebd1,0.0
legit_sess_bc9dbd90-9903-4603-9d58-02ed1e8c8653,5,1,0,0,7,222920.0,0.08074645612775884,47221.0,7738.0,5.0,8134.0,1,0,0,-1.0,0,-1.0,5,0,1744.3239999999998,2070.52,1534.19,188.80509724051413,0.10823969471297427,1,1.0,1,0,legitimate,n/a,75bba463-c516-4de4-a332-89b6c4ec2750,0.0
legit_sess_114894df-60e4-4d84-aa9d-4a416d8a2acb,22,1,0,1,24,326695.0,0.24242795267757386,15492.809523809523,499.0,22.0,1346.0,1,0,0,-1.0,1,30290.0,22,0,2105.027272727273,2955.69,1578.45,348.01889913652445,0.1653275012848794,1,1.0,1,0,legitimate,n/a,66231401-b779-420f-911b-d314204a3970,1.1981247444237904
legit_sess_9d66c2eb-2bd3-4a4d-a3ab-3af51dbd0da5,2,1,0,0,4,144580.0,0.049799419006778256,23753.0,23753.0,2.0,65633.0,1,0,0,-1.0,0,-1.0,2,0,2019.545,2298.41,1740.68,278.8649999999999,0.13808308307069161,1,-1.0,1,0,legitimate,n/a,0c0d2572-1fbc-42f9-ba7f-e5d0502c13dd,0.0
legit_sess_ba406c1a-143b-4c63-b95f-ec5ea57725e1,2,1,0,0,3,329950.0,0.021821488104258224,2228.0,2228.0,2.0,327722.0,1,0,0,-1.0,0,-1.0,2,0,21.985,23.05,20.92,1.0649999999999995,0.0484421196270184,1,-1.0,1,0,legitimate,n/a,f5866403-9823-4599-8f72-65191ed14e6a,0.0
legit_sess_f28188bb-71a7-46e8-b77f-9f5236e048d7,2,1,0,0,4,4739.0,1.519307870858831,1084.0,1084.0,2.0,1649.0,1,0,0,-1.0,0,-1.0,2,0,5198.755,5212.22,5185.29,13.465000000000146,0.0025900431930337446,0,1.0,1,0,legitimate,n/a,95d85675-9f64-48ef-a43d-79f136436924,0.0
legit_sess_aaaf71af-18ba-4836-9822-c892e5b3f135,1,1,0,0,2,128342.0,0.028050053762603045,128342.0,128342.0,1.0,128342.0,1,0,0,-1.0,0,-1.0,1,0,494.94,494.94,494.94,0.0,0.0,0,0.0,1,0,legitimate,n/a,93cce111-6813-4503-aa63-fc954b29558f,0.0
legit_sess_de016f5f-e407-4c15-be03-592ed1fb8629,11,1,0,0,13,200211.0,0.19779133014669523,10976.4,827.0,11.0,88311.0,1,0,0,-1.0,0,-1.0,11,0,2079.573636363636,2523.0,1512.67,293.89598831969994,0.141325117408975,1,1.0,1,0,legitimate,n/a,44d5ad11-1eee-4285-a241-cf78caaf7ba1,0.0
legit_sess_883af1d5-43cb-4e8d-98bb-ea1431b91eca,0,1,0,0,2,5505.0,0.0,5505.0,5505.0,0.0,-1.0,1,0,0,-1.0,0,-1.0,0,0,0.0,0.0,0.0,0.0,0.0,0,0.0,0,0,legitimate,n/a,140093f7-873f-4224-9da1-8d804211bae7,0.0
legit_sess_1cb0ed8d-96a5-4bae-802c-d5694fc4c620,1,1,0,0,3,23203.0,0.15515235098909622,23203.0,23203.0,1.0,9063.0,1,0,0,-1.0,0,-1.0,1,0,1577.99,1577.99,1577.99,0.0,0.0,0,0.0,1,0,legitimate,n/a,8a6243fd-75b0-4b15-a28d-a935caaa8e50,0.0
legit_sess_6da7be5c-b4cb-4ceb-9c9c-ffbcef7351a5,1,1,0,0,2,67938.0,0.05298949041773382,67938.0,67938.0,1.0,67938.0,1,0,0,-1.0,0,-1.0,1,0,248.64,248.64,248.64,0.0,0.0,0,0.0,1,0,legitimate,n/a,d8a10682-8ea7-40bf-af8e-86961048ae43,0.0
legit_sess_4ca9edb0-ac25-4324-9919-26935c99b7ab,6,1,0,2,10,95198.0,0.2268955230151894,1995.6,1254.0,6.0,26625.0,1,0,0,-1.0,1,75128.0,6,0,1722.7883333333332,1980.58,1438.22,222.4899964355451,0.1291452885596577,1,-1.0,1,0,legitimate,n/a,4a30189b-b378-40cb-8e4d-2a2a2e41ea06,3.0509987343194895
legit_sess_250ed815-346d-415f-8e9b-10cb645e9839,2,1,0,0,4,4922.0,1.4628199918732223,1769.0,1769.0,2.0,1622.0,1,0,0,-1.0,0,-1.0,2,0,4423.5,4580.07,4266.93,156.5699999999997,0.03539504916920984,1,-1.0,1,0,legitimate,n/a,e4ea4f55-5e06-4b6b-80f4-a9f67b415e88,0.0
legit_sess_31fd2c56-eb94-41fe-be95-f68359af7cf1,4,1,0,1,7,130227.0,0.1105761478034509,1853.6666666666667,1720.0,4.0,49953.0,1,0,0,-1.0,0,-1.0,4,0,85.64250000000001,95.75,76.87,7.1638934072192875,0.0836488122978578,1,-1.0,1,0,legitimate,n/a,e79a262b-e8db-476b-8d33-f36c7b564757,0.0
legit_sess_978ee31b-54b0-4e9d-8314-41f233f63165,9,1,0,0,11,51694.0,0.6267651951870623,3066.25,1060.0,9.0,26050.0,1,0,0,-1.0,0,-1.0,9,0,4830.045555555556,5706.87,3821.03,616.4150433147225,0.12762095848262076,1,-1.0,1,0,legitimate,n/a,90336fa3-0c02-4c04-b6de-2b7bd6ef1cff,0.0
legit_sess_78550b9a-0df9-4afe-b91f-d2e1a784aa8d,1,1,0,0,3,48841.0,0.07370856452570586,48841.0,48841.0,1.0,14859.0,1,0,0,-1.0,0,-1.0,1,0,2495.56,2495.56,2495.56,0.0,0.0,0,0.0,1,0,legitimate,n/a,ef7dd45b-4660-4322-8f19-a2958853b56f,0.0
legit_sess_65fa665a-fd4a-43d5-a5dc-ff2ed73bcb9d,1,1,0,0,3,2684.0,1.3412816691505216,2684.0,2684.0,1.0,1495.0,1,0,0,-1.0,0,-1.0,1,0,2949.24,2949.24,2949.24,0.0,0.0,0,0.0,1,0,legitimate,n/a,95d85675-9f64-48ef-a43d-79f136436924,0.0
legit_sess_7d6f0dbb-d2df-4733-bfe4-306ffafa29f8,4,1,0,0,6,43919.0,0.327876317766798,12787.333333333334,937.0,4.0,2980.0,1,0,0,-1.0,0,-1.0,4,0,1137.4174999999998,1281.57,865.28,160.49492754834964,0.14110467576624208,1,1.0,1,0,legitimate,n/a,b743ac4a-e1b0-488e-adea-acabdc931156,0.0
legit_sess_d400c0b6-e53b-441f-b6fd-dec104f8fd61,2,1,0,0,4,4980.0,1.4457831325301205,1670.0,1670.0,2.0,1646.0,1,0,0,-1.0,0,-1.0,2,0,2745.34,2882.9,2607.78,137.55999999999995,0.05010672630712405,1,-1.0,1,0,legitimate,n/a,2a938e3a-f1cd-4229-b4b1-37a5dfcb50c4,0.0
legit_sess_c3db8872-0104-405b-ac7d-f21c6890439a,0,1,0,0,2,1497.0,0.0,1497.0,1497.0,0.0,-1.0,1,0,0,-1.0,0,-1.0,0,0,0.0,0.0,0.0,0.0,0.0,0,0.0,0,0,legitimate,n/a,c4ecbfa2-5221-4bda-a90b-a8875e36d760,0.0
legit_sess_b600473e-4d9b-42d5-8b41-c73825cf0466,2,1,0,0,4,134267.0,0.05362449447742185,16011.0,16011.0,2.0,11232.0,1,0,0,-1.0,0,-1.0,2,0,5234.855,5636.4,4833.31,401.5449999999996,0.07670604056845885,0,1.0,1,0,legitimate,n/a,140093f7-873f-4224-9da1-8d804211bae7,0.0
legit_sess_e975dadb-aa5a-486a-beaf-36cb9bc8ff35,1,1,0,0,2,93218.0,0.03861915080778391,93218.0,93218.0,1.0,93218.0,1,0,0,-1.0,0,-1.0,1,0,326.29,326.29,326.29,0.0,0.0,0,0.0,1,0,legitimate,n/a,7ff3a24d-647f-470c-a664-ee48577c9316,0.0
legit_sess_eac3a0fe-b579-4422-af69-66c23640910f,0,1,0,0,2,21218.0,0.0,21218.0,21218.0,0.0,-1.0,1,0,0,-1.0,0,-1.0,0,0,0.0,0.0,0.0,0.0,0.0,0,0.0,0,0,legitimate,n/a,57a4c6e5-8297-4497-b879-bf39da7d30bb,0.0
legit_sess_d792441a-e8c4-46b5-bd72-1190a24522b5,9,1,0,1,11,343361.0,0.09436132816481778,41998.75,8185.0,9.0,7371.0,1,0,0,-1.0,1,3030.0,9,0,1489.9344444444446,2258.74,947.58,448.3720887613846,0.300934105143512,1,1.0,1,0,legitimate,n/a,76af7ffc-6f3d-4af7-ada6-9a865e5709b0,-1.7164691863357748
legit_sess_48010b55-c93e-4a6a-b875-bf86f4f33849,0,1,0,0,2,61017.0,0.0,61017.0,61017.0,0.0,-1.0,1,0,0,-1.0,0,-1.0,0,0,0.0,0.0,0.0,0.0,0.0,0,0.0,0,0,legitimate,n/a,3ec399e5-e095-48b7-a122-dab6ee81a709,0.0
legit_sess_d8fb4040-f749-4d43-ab0b-c10335ea58d0,1,1,0,0,3,24722.0,0.14561928646549632,24722.0,24722.0,1.0,1310.0,1,0,0,-1.0,0,-1.0,1,0,4634.69,4634.69,4634.69,0.0,0.0,0,0.0,1,0,legitimate,n/a,e4ea4f55-5e06-4b6b-80f4-a9f67b415e88,0.0
legit_sess_633bd738-e2e4-4f40-9700-9fcec19c4e67,6,1,0,0,8,148685.0,0.14527356491912433,23797.4,12578.0,6.0,1896.0,1,0,0,-1.0,0,-1.0,6,0,4038.975,5044.28,2914.1,767.0022920163493,0.1899002326125686,1,1.0,1,0,legitimate,n/a,95d85675-9f64-48ef-a43d-79f136436924,0.0
legit_sess_d7510ab8-603d-4c70-86cd-b7cd407e3f6c,1,1,0,0,3,57950.0,0.06212251941328732,57950.0,57950.0,1.0,1973.0,1,0,0,-1.0,0,-1.0,1,0,1377.1,1377.1,1377.1,0.0,0.0,0,0.0,1,0,legitimate,n/a,c4ecbfa2-5221-4bda-a90b-a8875e36d760,0.0
legit_sess_2cfa8739-90c1-4eea-b943-c9d9fc164ca0,5,1,0,0,7,137929.0,0.13050192490339232,22530.5,1235.0,5.0,2464.0,1,0,0,-1.0,0,-1.0,5,0,1084.634,1326.1,900.92,143.26326850941243,0.13208443448150475,1,-1.0,1,0,legitimate,n/a,1d32c668-b8b3-466b-92c7-ab7d0455833b,0.0
legit_sess_e4863446-c740-4fc2-b4e8-bfd851a85bd5,4,1,0,0,6,140737.0,0.10231850899194952,39855.333333333336,7277.0,4.0,18588.0,1,0,0,-1.0,0,-1.0,4,0,1771.7625000000003,2453.48,1024.3,552.4561972851333,0.31181165493971863,1,1.0,1,0,legitimate,n/a,731bbc41-64b0-4b14-af21-7e720f650638,0.0
legit_sess_da2239e0-8e80-4a04-91e8-2135890d9cbe,6,1,0,0,8,108153.0,0.19971706748772572,21302.2,1252.0,6.0,287.0,1,0,0,-1.0,0,-1.0,6,0,207.47833333333332,266.82,144.34,43.3129920526804,0.2087591092371753,1,-1.0,1,0,legitimate,n/a,3da9fda0-5d87-4b11-9a67-2fe36259a335,0.0
legit_sess_a82f0739-55a1-4a03-a25c-05caa5f51e8e,3,1,0,0,5,257341.0,0.041967661585211834,78495.5,71497.0,3.0,50652.0,1,0,0,-1.0,0,-1.0,3,0,733.9266666666667,1002.61,498.04,207.2911595370681,0.2824412423635441,0,1.0,1,0,legitimate,n/a,8fe5feef-3d8d-480f-82d5-b04d233f91d5,0.0
legit_sess_7d2eb4e3-b195-4515-87e2-432d10a0e021,2,1,0,0,4,75361.0,0.09554013349079762,843.0,843.0,2.0,24372.0,1,0,0,-1.0,0,-1.0,2,0,748.7349999999999,903.17,594.3,154.435,0.20626122726999543,1,-1.0,1,0,legitimate,n/a,0f479c3c-ad32-41a6-8f05-654c85adac8a,0.0
legit_sess_a991d3dd-d3d3-4d81-81c3-0e805d38c646,9,1,0,0,11,142636.0,0.22715163072436131,8589.75,1210.0,9.0,4046.0,1,0,0,-1.0,0,-1.0,9,0,2798.6077777777778,4114.43,1658.69,743.3474992787362,0.2656133185869254,1,-1.0,1,0,legitimate,n/a,2a938e3a-f1cd-4229-b4b1-37a5dfcb50c4,0.0
legit_sess_b13eb6a3-fc30-4221-a2e5-3ac1f218f9b5,4,1,0,0,6,241594.0,0.059604129241620236,41759.0,20579.0,4.0,5661.0,1,0,0,-1.0,0,-1.0,4,0,2023.0925000000002,2459.28,1588.19,308.451734504363,0.15246546290115898,1,-1.0,1,0,legitimate,n/a,e49118ed-3349-4d14-b2aa-cd6d664a7421,0.0
legit_sess_1754c034-c6b2-4d3f-9e2d-2e60c46f2f59,0,1,0,1,2,35920.0,0.0,35920.0,35920.0,0.0,-1.0,1,0,0,-1.0,0,-1.0,0,0,0.0,0.0,0.0,0.0,0.0,0,0.0,0,0,legitimate,n/a,c08a58d7-5694-4a7a-852e-704d607a4732,0.0
legit_sess_bfe6adf2-6446-4729-a170-1f217676f527,7,1,0,0,9,96640.0,0.2607615894039735,10737.166666666666,758.0,7.0,30684.0,1,0,0,-1.0,0,-1.0,7,0,2054.0442857142853,2638.56,1750.57,303.5693348835364,0.147791036928871,1,1.0,1,0,legitimate,n/a,1b51fc5d-6212-4400-b1a5-7ff2f79d2faf,0.0
legit_sess_4e7a540a-146b-4642-9327-ca7c94071eff,2,1,1,0,5,124492.0,0.05783504160909938,1272.0,1272.0,2.0,2643.0,1,0,1,-1.0,0,-1.0,2,0,2646.52,2959.06,2333.98,312.53999999999996,0.11809470550005288,1,-1.0,1,0,legitimate,n/a,62f06143-3643-4b41-b724-809c7a00c9e0,0.0
legit_sess_712c9234-a20b-43ae-abcd-4a03d29c0807,3,1,0,0,5,142748.0,0.07565780256115673,39740.5,2590.0,3.0,44266.0,1,0,0,-1.0,0,-1.0,3,0,1948.8,2280.17,1647.69,259.09391900750325,0.13295049210155133,0,1.0,1,0,legitimate,n/a,be2717ae-dbdc-4096-bb3b-f641534f5301,0.0
legit_sess_8d7ab64a-1b2f-479e-a493-de1d61dfe6bd,9,1,1,0,11,264816.0,0.12234910277324633,28252.125,480.0,9.0,38799.0,1,0,1,101504.0,0,-1.0,9,0,1085.7244444444445,1694.27,742.45,261.358943945385,0.24072309072779516,1,-1.0,1,0,legitimate,n/a,873845ca-4541-4af1-90ca-ed77ec62870e,0.0
legit_sess_c707bd20-837e-4231-b292-c1b22c074b45,7,1,0,0,8,335386.0,0.0751373044790182,48839.333333333336,131.0,7.0,42350.0,1,0,0,-1.0,0,-1.0,7,0,207.1042857142857,259.19,177.8,24.84374589718873,0.11995766196486318,1,1.0,1,0,legitimate,n/a,a361a1b1-8293-40da-93cc-e2afb0452ae4,0.0
legit_sess_71a9e87d-782b-454a-b97d-a907561ba18c,0,1,0,0,2,19229.0,0.0,19229.0,19229.0,0.0,-1.0,1,0,0,-1.0,0,-1.0,0,0,0.0,0.0,0.0,0.0,0.0,0,0.0,0,0,legitimate,n/a,ecfa3553-4134-4d66-8551-cc0eb77555e7,0.0
legit_sess_42de2691-0adc-4a89-b839-649a18ab35cf,3,1,0,0,4,328401.0,0.0328866233659459,17206.5,12481.0,3.0,293988.0,1,0,0,-1.0,0,-1.0,3,0,311.9166666666667,345.15,280.51,26.420761196873602,0.08470455099184697,1,-1.0,1,0,legitimate,n/a,c9750ca8-bf47-4aa3-ba5f-979af8a33578,0.0
legit_sess_8fc107bb-e6fd-4147-8cf0-11329af3b604,7,1,0,0,9,69924.0,0.3603912819632744,10906.5,1231.0,7.0,2052.0,1,0,0,-1.0,0,-1.0,7,0,860.277142857143,1159.81,692.95,144.1026552461112,0.1675072462898631,1,1.0,1,0,legitimate,n/a,0b15f44d-801a-4410-9ed8-b4b2a705ad5f,0.0
legit_sess_0ee4dd48-dbb9-4ac4-819a-1c54275921a8,0,1,0,0,2,1178.0,0.0,1178.0,1178.0,0.0,-1.0,1,0,0,-1.0,0,-1.0,0,0,0.0,0.0,0.0,0.0,0.0,0,0.0,0,0,legitimate,n/a,ee9f585d-8513-4e93-9b2d-18e201300da2,0.0
legit_sess_17ac7c46-9325-4982-b726-f12291688d43,1,1,0,0,2,170301.0,0.021139042049077808,170301.0,170301.0,1.0,170301.0,1,0,0,-1.0,0,-1.0,1,0,70.37,70.37,70.37,0.0,0.0,0,0.0,1,0,legitimate,n/a,47529194-75ef-4233-bf12-5eb44d307fe4,0.0
legit_sess_1d31c2f5-74b1-4899-85c9-8328f73c05d9,1,1,0,0,2,288364.0,0.012484221331372848,288364.0,288364.0,1.0,288364.0,1,0,0,-1.0,0,-1.0,1,0,322.83,322.83,322.83,0.0,0.0,0,0.0,1,0,legitimate,n/a,b57c75fa-ab2d-4938-a9be-0abe57d99f71,0.0
legit_sess_92ee7046-fe96-4aa1-a6b1-75f3ff2d67d1,1,1,0,0,3,47757.0,0.07538161944845782,47757.0,47757.0,1.0,10330.0,1,0,0,-1.0,0,-1.0,1,0,2046.75,2046.75,2046.75,0.0,0.0,0,0.0,1,0,legitimate,n/a,2465e080-4e2a-4f1b-90e2-6b6c544a0b3c,0.0
legit_sess_1fe0f232-816d-4ffa-b62c-1c4e0c8d7efa,0,1,0,0,2,1848.0,0.0,1848.0,1848.0,0.0,-1.0,1,0,0,-1.0,0,-1.0,0,0,0.0,0.0,0.0,0.0,0.0,0,0.0,0,0,legitimate,n/a,ee9f585d-8513-4e93-9b2d-18e201300da2,0.0
legit_sess_91f96bbb-5ac1-4d85-a7b3-ae3869dd254d,3,1,0,0,4,242178.0,0.04459529767361198,109808.5,60136.0,3.0,22561.0,1,0,0,-1.0,0,-1.0,3,0,308.87666666666667,354.36,235.62,52.30242463043393,0.16933109643687536,1,-1.0,1,0,legitimate,n/a,1f8e6521-09ef-42b4-a4de-7a8d3b77cbb4,0.0
legit_sess_98776765-effa-4637-b505-dff6e60b5fe9,1,1,0,0,2,211135.0,0.017050702157387455,211135.0,211135.0,1.0,211135.0,1,0,0,-1.0,0,-1.0,1,0,137.45,137.45,137.45,0.0,0.0,0,0.0,1,0,legitimate,n/a,28b88073-065b-4c35-a4e2-76027c73b6c9,0.0
legit_sess_0653358b-e136-4a4b-bfe1-f74898be6e8f,4,1,0,0,6,70865.0,0.2032032738305228,1871.6666666666667,1388.0,4.0,2641.0,1,0,0,-1.0,0,-1.0,4,0,1703.3049999999998,2036.98,1453.89,222.7751176074204,0.13078991584444385,1,1.0,1,0,legitimate,n/a,8a6243fd-75b0-4b15-a28d-a935caaa8e50,0.0
legit_sess_e87cff53-859e-413c-a849-0134f5a0d1c5,4,1,0,0,6,80201.0,0.17954888343038114,13480.333333333334,331.0,4.0,12131.0,1,0,0,-1.0,0,-1.0,4,0,128.4475,136.84,120.62,5.940359311523166,0.04624737197316543,1,1.0,1,0,legitimate,n/a,dd15d50d-d505-4fe5-9c9c-7e25619a6461,0.0
legit_sess_e4cbe75f-f590-4954-94c8-7c415ea6c75b,3,1,0,1,6,151624.0,0.07122882920909619,57601.5,18197.0,3.0,31026.0,1,0,0,-1.0,1,34081.0,3,0,1410.6466666666665,1697.03,955.75,325.2399803563858,0.23056091085156155,1,1.0,1,0,legitimate,n/a,491070b6-bb4d-4a06-a9f7-7df62c46d38e,0.0073032667165251084
legit_sess_8c61ab6c-9f3c-4dd3-8778-253cf3b2ca25,3,1,0,0,5,15126.0,0.7140023800079333,3736.5,2566.0,3.0,4210.0,1,0,0,-1.0,0,-1.0,3,0,2172.523333333333,2517.93,1831.15,280.3912658332201,0.1290624876295399,1,1.0,1,0,legitimate,n/a,9c3d360d-18ff-4957-9f5b-d7d95a7b1368,0.0
legit_sess_1c773c43-57cd-473c-9c78-40f9ceeea360,8,1,0,0,9,317825.0,0.09061590497915518,42122.57142857143,3934.0,8.0,22967.0,1,0,0,-1.0,0,-1.0,8,0,795.2450000000001,1053.66,496.87,185.62459999956903,0.23341812900372716,1,-1.0,1,0,legitimate,n/a,69801894-be13-4448-921b-826251c543ef,0.0
legit_sess_7b00fbe5-cc41-41d2-95e6-94f047386c24,16,1,0,0,17,296052.0,0.1945604150622188,18699.133333333335,1355.0,16.0,15565.0,1,0,0,-1.0,0,-1.0,16,0,990.714375,1301.41,513.2,193.3911984802033,0.19520378765090926,1,1.0,1,0,legitimate,n/a,24919ffa-6b3a-478e-9f91-36633835ab69,0.0
legit_sess_1fa609eb-989f-45b7-8229-24ed8c275175,6,1,0,0,8,247343.0,0.08732812329437259,39000.6,2299.0,6.0,43221.0,1,0,0,-1.0,0,-1.0,6,0,3474.146666666666,3887.58,2996.83,350.3012187468886,0.10083086649965517,1,-1.0,1,0,legitimate,n/a,f8d98653-f7ae-4f2e-9a69-ca8837133e01,0.0
legit_sess_763b829d-ecb2-4ca2-bc71-5b681e5a9680,0,1,0,0,2,32930.0,0.0,32930.0,32930.0,0.0,-1.0,1,0,0,-1.0,0,-1.0,0,0,0.0,0.0,0.0,0.0,0.0,0,0.0,0,0,legitimate,n/a,6afcb203-4ffe-44b3-b949-41e764781eb6,0.0
legit_sess_742c5c91-2343-466e-9231-335fa0c5f180,1,1,0,0,3,106239.0,0.033885861124445825,106239.0,106239.0,1.0,105225.0,1,0,0,-1.0,0,-1.0,1,0,2904.58,2904.58,2904.58,0.0,0.0,0,0.0,1,0,legitimate,n/a,e4ea4f55-5e06-4b6b-80f4-a9f67b415e88,0.0
legit_sess_a6eea2bf-c295-4f44-8826-c7c18c04f233,1,1,0,0,3,104794.0,0.03435311181937897,104794.0,104794.0,1.0,33796.0,1,0,0,-1.0,0,-1.0,1,0,1360.1,1360.1,1360.1,0.0,0.0,0,0.0,1,0,legitimate,n/a,931335ee-9c6b-47e2-ac7d-a744684ae995,0.0
legit_sess_5a40080d-6019-490a-82b2-b850ff8dfdaf,2,1,0,0,4,2938.0,2.450646698434309,1141.0,1141.0,2.0,1268.0,1,0,0,-1.0,0,-1.0,2,0,1648.045,1712.98,1583.11,64.93500000000006,0.0394012299421436,1,-1.0,1,0,legitimate,n/a,2a1968d9-3767-4f8c-b464-294ac28f29f5,0.0
legit_sess_7cae3e05-d655-4cb8-9b2d-a7e04b3a5f00,5,1,0,1,8,203270.0,0.08855217198799627,41364.75,14064.0,5.0,30510.0,1,0,0,-1.0,1,67084.0,5,0,3203.018,3636.73,2875.42,303.1286680866723,0.09463845288620679,1,1.0,1,0,legitimate,n/a,42f32846-fdb3-4c62-ae9b-73435d417373,3.5981292540088297
legit_sess_ae3c77f5-0390-47b1-b3a5-c4d9129530a4,2,1,0,0,4,28233.0,0.25502072043353524,454.0,454.0,2.0,16539.0,1,0,0,-1.0,0,-1.0,2,0,142.20499999999998,152.78,131.63,10.575000000000003,0.07436447382300203,0,1.0,1,0,legitimate,n/a,2c5be8b2-2391-4dd5-9f07-f231f6e19425,0.0
legit_sess_218efa7f-5104-419f-80f1-0d4c41a0d3dd,5,1,0,0,7,208674.0,0.08625894936599672,9117.75,1657.0,5.0,170603.0,1,0,0,-1.0,0,-1.0,5,0,4622.621999999999,5862.98,3111.46,1058.0221080563488,0.2288792179106033,1,-1.0,1,0,legitimate,n/a,ee9f585d-8513-4e93-9b2d-18e201300da2,0.0
legit_sess_c98998ba-a2ef-46bc-a177-7352f354779d,6,1,0,0,8,92551.0,0.23338483646854166,15062.0,1218.0,6.0,15026.0,1,0,0,-1.0,0,-1.0,6,0,1351.5933333333332,1530.12,1066.19,152.22886012696654,0.11262918836062613,1,-1.0,1,0,legitimate,n/a,2f17450c-d7be-46d5-a3e8-b213cc83d0bb,0.0
legit_sess_09df56d9-3840-46e5-85e6-1d2b3c01377a,1,1,0,0,2,278044.0,0.012947591028758037,278044.0,278044.0,1.0,278044.0,1,0,0,-1.0,0,-1.0,1,0,168.97,168.97,168.97,0.0,0.0,0,0.0,1,0,legitimate,n/a,b10b43a1-57e1-4d4d-9660-060aff0200ae,0.0
legit_sess_1e5ec19b-eb2e-4c2b-9268-f3030bb1b41d,0,1,0,0,2,74022.0,0.0,74022.0,74022.0,0.0,-1.0,1,0,0,-1.0,0,-1.0,0,0,0.0,0.0,0.0,0.0,0.0,0,0.0,0,0,legitimate,n/a,812a1df2-40d2-466b-8e89-9f6dd021bf8b,0.0
legit_sess_58bbf2f8-8575-4dd9-bd16-6def53a09e1f,1,1,0,0,2,258986.0,0.013900365270709612,258986.0,258986.0,1.0,258986.0,1,0,0,-1.0,0,-1.0,1,0,368.29,368.29,368.29,0.0,0.0,0,0.0,1,0,legitimate,n/a,4ffaaa98-c602-43de-8954-7528eb998e41,0.0
legit_sess_baaa4975-f718-4f2b-939f-c281fed039e8,8,1,0,0,10,192690.0,0.14946286781877627,20884.714285714286,4621.0,8.0,15410.0,1,0,0,-1.0,0,-1.0,8,0,2738.25375,3734.47,1798.29,642.3160483348033,0.23457141192075548,1,1.0,1,0,legitimate,n/a,cc42d7c6-4fd8-4e8b-9bb1-7fee389ee002,0.0
legit_sess_e975464b-b695-44e3-977e-1f3be98dd5ed,3,1,0,0,5,96282.0,0.11217049915872125,7971.5,3938.0,3.0,69099.0,1,0,0,-1.0,0,-1.0,3,0,4455.943333333334,5829.68,3026.66,1145.0019954082566,0.2569606275831432,1,1.0,1,0,legitimate,n/a,a4bad160-4172-42d3-b4e2-d988b12d7075,0.0
legit_sess_e31102a3-51f4-4ca9-9d4a-0d4608e1d738,0,1,0,0,2,15864.0,0.0,15864.0,15864.0,0.0,-1.0,1,0,0,-1.0,0,-1.0,0,0,0.0,0.0,0.0,0.0,0.0,0,0.0,0,0,legitimate,n/a,05fb582c-854d-4350-b314-8940d3efa536,0.0
legit_sess_06c75e33-a89c-4b8a-ba08-406132a96149,1,1,0,0,3,122166.0,0.029468100780904668,122166.0,122166.0,1.0,48379.0,1,0,0,-1.0,0,-1.0,1,0,2295.8,2295.8,2295.8,0.0,0.0,0,0.0,1,0,legitimate,n/a,ced3463f-cc5b-4ae2-afab-25f03bc89378,0.0
legit_sess_b13dd2e5-06c1-4043-9518-4ee7891f62ee,1,1,0,0,3,37930.0,0.09491167940943844,37930.0,37930.0,1.0,7725.0,1,0,0,-1.0,0,-1.0,1,0,688.87,688.87,688.87,0.0,0.0,0,0.0,1,0,legitimate,n/a,0a68253a-0a6f-4154-a837-6dcd8299ed6e,0.0
legit_sess_45d9d65b-fa0e-455e-80ef-5d15b2d2bd57,1,1,0,0,3,42620.0,0.08446738620366026,42620.0,42620.0,1.0,26010.0,1,0,0,-1.0,0,-1.0,1,0,3529.34,3529.34,3529.34,0.0,0.0,0,0.0,1,0,legitimate,n/a,e1bcb3e5-de1e-40d6-aaad-976839ed92cc,0.0
legit_sess_cb83e72d-ad08-4b84-b62c-d1339ee52d28,8,1,0,0,10,176739.0,0.16295214978018435,21539.285714285714,1265.0,8.0,19479.0,1,0,0,-1.0,0,-1.0,8,0,589.3475,774.55,406.36,112.95481505340973,0.19166080292766108,1,1.0,1,0,legitimate,n/a,364a1093-73fa-41a2-b4f2-b7a098fbcb7e,0.0
legit_sess_509311fb-799e-4b6f-b23a-5722987c7f1f,1,1,0,1,4,212227.0,0.016962968896511756,212227.0,212227.0,1.0,37470.0,1,0,0,-1.0,1,39969.0,1,0,3189.61,3189.61,3189.61,0.0,0.0,0,0.0,1,0,legitimate,n/a,03e3c01b-0e76-4ecf-8952-d8c5460f19c8,-0.5271016269664242
legit_sess_98a480ed-d345-4418-80ab-d04a678d6e45,8,1,0,0,10,257212.0,0.11196989254000592,28216.428571428572,1355.0,8.0,29711.0,1,0,0,-1.0,0,-1.0,8,0,2707.0249999999996,3899.34,2237.17,495.58183630456034,0.1830725007358855,1,1.0,1,0,legitimate,n/a,4712c4e6-c22f-46a9-a5c0-ec1bcef9177e,0.0
legit_sess_4db0f774-698d-410c-a576-45c18ba22382,8,1,0,0,10,194660.0,0.14795027226959828,24381.85714285714,1418.0,8.0,1358.0,1,0,0,-1.0,0,-1.0,8,0,3043.2075,3923.92,2026.6,540.5612717063165,0.17762879189352565,1,-1.0,1,0,legitimate,n/a,e52126e5-50fc-416f-a948-d82b9d7d83e7,0.0
legit_sess_e24ee099-b080-42ec-823b-7a31d561ba4d,7,1,0,2,11,246850.0,0.10208628721895889,35683.0,2483.0,7.0,1992.0,1,0,0,-1.0,1,1454.0,7,0,1888.0100000000002,2432.3,1108.6,494.454855746638,0.2618920745899852,1,1.0,1,0,legitimate,n/a,127098ca-ae6b-447a-a421-fd8cf04af44a,-5.154001396684881
legit_sess_1921f772-4ece-42c3-b773-6acc3c52ecb1,3,1,0,0,5,7187.0,1.5027132322248504,1366.5,1351.0,3.0,3010.0,1,0,0,-1.0,0,-1.0,3,0,2398.61,2789.05,1878.35,382.9565221623294,0.15965768597743252,1,-1.0,1,0,legitimate,n/a,14249ac1-c850-4a17-8c4b-7f4f58876a06,0.0
legit_sess_97de30e8-35a0-45b1-b4a1-819a5b73528b,4,1,0,0,6,203432.0,0.07078532384285657,47908.666666666664,7325.0,4.0,48948.0,1,0,0,-1.0,0,-1.0,4,0,293.6575,325.73,267.71,21.258315284847964,0.07239152851484454,1,1.0,1,0,legitimate,n/a,ecfa3553-4134-4d66-8551-cc0eb77555e7,0.0
legit_sess_b1d28cee-b434-4b5e-977f-4561a394a444,1,1,0,0,3,119268.0,0.030184123151222455,119268.0,119268.0,1.0,109271.0,1,0,0,-1.0,0,-1.0,1,0,911.43,911.43,911.43,0.0,0.0,0,0.0,1,0,legitimate,n/a,0f8044a8-02eb-4c86-882f-1a43b79b14f3,0.0
legit_sess_ddffb62d-dd6f-47b2-994d-fe627c5cfb70,0,1,0,0,2,110425.0,0.0,110425.0,110425.0,0.0,-1.0,1,0,0,-1.0,0,-1.0,0,0,0.0,0.0,0.0,0.0,0.0,0,0.0,0,0,legitimate,n/a,2a1968d9-3767-4f8c-b464-294ac28f29f5,0.0
legit_sess_f7a8fd6e-250a-4265-9841-956aeacce340,3,1,0,0,5,38914.0,0.27753507735005395,5720.5,5310.0,3.0,22219.0,1,0,0,-1.0,0,-1.0,3,0,2156.07,2481.16,1742.9,307.7612946207931,0.1427417916026813,0,1.0,1,0,legitimate,n/a,6f539849-5307-4d12-9cf3-350bfc6f512c,0.0
legit_sess_28264c92-c398-4168-97c4-ba3c1cd738f1,4,1,0,0,5,125408.0,0.11482521051288593,40499.666666666664,3187.0,4.0,3909.0,1,0,0,-1.0,0,-1.0,4,0,1157.9275,1320.8,885.57,170.20949406172969,0.14699494921895342,1,-1.0,1,0,legitimate,n/a,d375eff1-0635-4fef-90b9-9ac9f178d77f,0.0
legit_sess_28c756c8-99c4-430a-9a98-5edeeca03eba,5,1,0,1,8,336346.0,0.05351631950431996,22642.75,2783.0,5.0,2670.0,1,0,0,-1.0,1,69341.0,5,0,1768.5400000000002,2093.45,1394.89,285.0331452305152,0.161168616616257,1,-1.0,1,0,legitimate,n/a,eac32a1b-dde0-40c6-b59c-89dc43a33850,0.6541087806861716
legit_sess_98b53a79-0725-446f-8b8a-5c0055126a99,11,1,0,0,13,269422.0,0.14698131555700725,24793.0,1299.0,11.0,2345.0,1,0,0,-1.0,0,-1.0,11,0,2751.288181818182,3772.6,2077.35,434.4091367660044,0.1578929970465421,1,1.0,1,0,legitimate,n/a,a41b0f98-c4b9-4a24-b36f-11498081e1df,0.0
legit_sess_9ca561af-e650-41ea-a8bf-e35ca7cf9f96,4,1,0,0,6,73944.0,0.19474196689386564,16144.333333333334,1274.0,4.0,1581.0,1,0,0,-1.0,0,-1.0,4,0,2701.5975,3252.45,1892.51,498.9232359479261,0.18467711639055268,1,1.0,1,0,legitimate,n/a,6fce87e4-36d2-4a10-9e04-89e7bd3bc0c4,0.0
legit_sess_5f3ae7cd-7042-496e-9e4e-7b831d4b09d8,1,1,0,1,4,260292.0,0.013830620994882671,260292.0,260292.0,1.0,58281.0,1,0,0,-1.0,1,30527.0,1,0,1661.53,1661.53,1661.53,0.0,0.0,0,0.0,1,0,legitimate,n/a,9c3d360d-18ff-4957-9f5b-d7d95a7b1368,-0.5799010248617471
legit_sess_56c09b0d-4798-4a97-b68f-faae9637b3fc,0,1,0,0,2,79574.0,0.0,79574.0,79574.0,0.0,-1.0,1,0,0,-1.0,0,-1.0,0,0,0.0,0.0,0.0,0.0,0.0,0,0.0,0,0,legitimate,n/a,ec56c1f5-548c-4c84-8231-bd091f8803be,0.0
legit_sess_a69c9ee5-7b0f-4d99-89cc-ee74b1f2dde9,1,1,0,0,3,17425.0,0.2065997130559541,17425.0,17425.0,1.0,1967.0,1,0,0,-1.0,0,-1.0,1,0,3131.55,3131.55,3131.55,0.0,0.0,0,0.0,1,0,legitimate,n/a,3abbc1d7-5481-4010-b8e5-b00c035cee89,0.0
legit_sess_8de6a035-95c0-4d31-b79d-b3c615330db6,4,1,1,0,7,187943.0,0.07661897490196495,20876.0,2573.0,4.0,67553.0,1,0,1,1262.0,0,-1.0,4,0,4212.3275,5153.51,3592.73,611.1477453273882,0.1450855246481638,1,1.0,1,0,legitimate,n/a,f56b9578-0335-4b48-90cb-f3f894958af7,0.0
legit_sess_621fd4ba-1db2-4e8b-b6ac-5bfadf150d1e,7,1,0,0,9,98475.0,0.25590251332825587,9928.5,1336.0,7.0,2349.0,1,0,0,-1.0,0,-1.0,7,0,834.9914285714286,1185.37,663.27,155.49540107380037,0.18622394883721688,1,-1.0,1,0,legitimate,n/a,eee9b19c-e87a-4afd-9333-737d7e1c6389,0.0
legit_sess_78342ccd-343e-4e66-80e1-aa21ecdcd3b8,0,1,0,0,2,1245.0,0.0,1245.0,1245.0,0.0,-1.0,1,0,0,-1.0,0,-1.0,0,0,0.0,0.0,0.0,0.0,0.0,0,0.0,0,0,legitimate,n/a,14249ac1-c850-4a17-8c4b-7f4f58876a06,0.0
legit_sess_4e03e9fd-a286-46f5-99a7-2c9dd7fa5858,2,1,0,0,4,49739.0,0.1447556243591548,27963.0,27963.0,2.0,4291.0,1,0,0,-1.0,0,-1.0,2,0,2581.21,3009.5,2152.92,428.28999999999996,0.16592605793406967,1,-1.0,1,0,legitimate,n/a,aa069dd3-e42a-40ad-88ad-4972d1cee715,0.0
legit_sess_d64dd3af-0628-4358-97a9-95f8674094c7,0,1,0,0,2,3547.0,0.0,3547.0,3547.0,0.0,-1.0,1,0,0,-1.0,0,-1.0,0,0,0.0,0.0,0.0,0.0,0.0,0,0.0,0,0,legitimate,n/a,b743ac4a-e1b0-488e-adea-acabdc931156,0.0
legit_sess_00eb5394-531d-4cec-82ae-9b67b91894cb,4,1,0,2,8,285870.0,0.05037254696190576,54344.666666666664,2044.0,4.0,80033.0,1,0,0,-1.0,1,15002.0,4,0,3959.5550000000003,4954.36,3133.23,660.488035716772,0.16680865292104086,1,-1.0,1,0,legitimate,n/a,e04665ee-7812-47b3-99c9-ad7976ed38b1,-0.6642993569467907
legit_sess_805a3f8e-9eee-4b2f-9e43-cde1ae104774,1,1,0,0,3,12476.0,0.28855402372555305,12476.0,12476.0,1.0,7596.0,1,0,0,-1.0,0,-1.0,1,0,2586.75,2586.75,2586.75,0.0,0.0,0,0.0,1,0,legitimate,n/a,97f2ec07-0637-4d96-bd91-1cf840c3f510,0.0
legit_sess_fb1d28a7-6b81-404a-b1a8-4f79b41b5ed6,1,1,0,0,2,263158.0,0.01367999452800219,263158.0,263158.0,1.0,263158.0,1,0,0,-1.0,0,-1.0,1,0,19.48,19.48,19.48,0.0,0.0,0,0.0,1,0,legitimate,n/a,8243cd2d-fee9-41ae-81ae-10e10a19131f,0.0
legit_sess_7a56431e-8de9-4976-aef9-0673bf34478d,0,1,0,0,2,119137.0,0.0,119137.0,119137.0,0.0,-1.0,1,0,0,-1.0,0,-1.0,0,0,0.0,0.0,0.0,0.0,0.0,0,0.0,0,0,legitimate,n/a,b4223b8b-6423-491a-bb08-c198f0c584f6,0.0
legit_sess_02938f1b-921c-402d-a7d5-8b389a546a76,9,1,0,0,11,254636.0,0.12724045303884762,22699.25,644.0,9.0,2888.0,1,0,0,-1.0,0,-1.0,9,0,2097.2011111111115,2539.24,1577.52,272.50113820126995,0.12993562551418686,1,-1.0,1,0,legitimate,n/a,ef7dd45b-4660-4322-8f19-a2958853b56f,0.0
legit_sess_352a1f61-7358-4d26-ba56-c56386cd5bc9,7,1,1,0,9,206118.0,0.12226006462317701,31436.0,3036.0,7.0,17502.0,1,0,1,2594.0,0,-1.0,7,0,1308.45,1724.46,860.98,303.2982133619838,0.23179962043791036,1,1.0,1,0,legitimate,n/a,05fb582c-854d-4350-b314-8940d3efa536,0.0
legit_sess_e280bab4-ac4d-441a-bf9a-7c97f2812f8e,0,1,0,1,3,15079.0,0.0,15079.0,15079.0,0.0,-1.0,1,0,0,-1.0,0,-1.0,0,0,0.0,0.0,0.0,0.0,0.0,0,0.0,0,0,legitimate,n/a,ea1f82b1-831d-45ed-9dbd-8b9f23140856,0.0
legit_sess_f64dbc25-3e19-4842-a3ec-271702856bea,7,1,0,1,9,333826.0,0.07548842810326338,37372.0,7590.0,7.0,71008.0,1,0,0,-1.0,1,109594.0,7,0,2256.477142857143,2622.37,1600.9,305.9001288335919,0.13556535673402048,1,-1.0,1,0,legitimate,n/a,0623ceae-af0f-4078-ad6d-e98ab7fc7a54,5.741790265244158
legit_sess_ac205390-5722-4ccb-be34-fbda3c470c18,1,1,0,0,3,9687.0,0.37163208423660576,9687.0,9687.0,1.0,7323.0,1,0,0,-1.0,0,-1.0,1,0,2058.8,2058.8,2058.8,0.0,0.0,0,0.0,1,0,legitimate,n/a,66c7ea4a-aeac-4fc1-921c-00b6f5e9abc1,0.0
legit_sess_254f37e8-8695-40b9-8f49-28f224ad4886,2,1,0,0,4,54651.0,0.131745073283197,39663.0,39663.0,2.0,2997.0,1,0,0,-1.0,0,-1.0,2,0,2197.8450000000003,2241.0,2154.69,43.15499999999997,0.01963514260559774,1,-1.0,1,0,legitimate,n/a,3f0121f3-e35c-48a0-b9f4-886c6db63aed,0.0
legit_sess_16814350-1a65-453c-8193-c1da1a54d9ab,2,1,0,0,4,117400.0,0.06132879045996592,1050.0,1050.0,2.0,1551.0,1,0,0,-1.0,0,-1.0,2,0,4242.89,4424.51,4061.27,181.62000000000012,0.04280572911388231,1,-1.0,1,0,legitimate,n/a,90336fa3-0c02-4c04-b6de-2b7bd6ef1cff,0.0
legit_sess_a9857faf-c557-4596-b5c8-bc6d02f4a29b,10,1,0,0,12,249010.0,0.14457250712822778,20538.222222222223,1454.0,10.0,1537.0,1,0,0,-1.0,0,-1.0,10,0,914.4129999999999,1140.66,709.09,131.5107228365809,0.14381983068545712,1,1.0,1,0,legitimate,n/a,ba4717de-ff28-4fad-9553-b55cf30cff22,0.0
legit_sess_e4e2e60c-2503-4db6-8d45-378a55c47d5a,1,1,0,0,3,33165.0,0.10854816824966078,33165.0,33165.0,1.0,4006.0,1,0,0,-1.0,0,-1.0,1,0,2559.4,2559.4,2559.4,0.0,0.0,0,0.0,1,0,legitimate,n/a,878a87a7-fca8-4360-aa54-8dab94bc8ac4,0.0
legit_sess_7dc895e2-9497-4114-8244-71ae208ba1fc,0,1,0,0,2,4153.0,0.0,4153.0,4153.0,0.0,-1.0,1,0,0,-1.0,0,-1.0,0,0,0.0,0.0,0.0,0.0,0.0,0,0.0,0,0,legitimate,n/a,8d84353b-1c60-42bd-a547-20cfdfc9cb2b,0.0
legit_sess_c06aeb4e-1981-47d4-bb2e-5574903442ea,10,1,0,0,11,246323.0,0.1461495678438473,25548.88888888889,1266.0,10.0,16383.0,1,0,0,-1.0,0,-1.0,10,0,223.238,314.75,149.91,43.90289985866537,0.19666409777307345,1,1.0,1,0,legitimate,n/a,80f6f496-26af-4c3d-86ef-b301040bb404,0.0
legit_sess_03840918-a1c7-4dea-964c-5c1cb8608d14,1,1,0,0,3,141269.0,0.025483297821885905,141269.0,141269.0,1.0,116087.0,1,0,0,-1.0,0,-1.0,1,0,1261.7,1261.7,1261.7,0.0,0.0,0,0.0,1,0,legitimate,n/a,7a4835d8-c2b7-4628-8fa1-02a15998e513,0.0
legit_sess_6459fe7c-4a2c-4d30-ac2d-5f88b072ce16,2,1,0,0,3,43429.0,0.16578783762002347,16198.0,16198.0,2.0,27231.0,1,0,0,-1.0,0,-1.0,2,0,223.69,272.22,175.16,48.530000000000015,0.21695203182976447,0,1.0,1,0,legitimate,n/a,deead1d3-fd8b-489c-b463-88d10898a37e,0.0
legit_sess_4205562b-e51e-4271-81da-e9a898cdae05,0,1,1,0,3,104944.0,0.0,104944.0,104944.0,0.0,-1.0,1,0,1,-1.0,0,-1.0,0,0,0.0,0.0,0.0,0.0,0.0,0,0.0,0,0,legitimate,n/a,0646e5bb-6a98-4cc1-98a6-d44d04b4e421,0.0
legit_sess_6efd3f3a-e2cf-4f01-90a2-fcc92c107fda,5,1,0,0,7,136353.0,0.13201029680315066,13658.5,2788.0,5.0,32002.0,1,0,0,-1.0,0,-1.0,5,0,2843.5860000000002,3387.02,2219.76,397.30555674946197,0.13971990182447866,1,-1.0,1,0,legitimate,n/a,b580f989-5239-44e0-8dd8-972056f813c8,0.0
legit_sess_aee6b4fc-505c-4420-9db8-9a0d60fefd9f,4,1,0,0,6,104076.0,0.13836042891732964,23800.333333333332,2782.0,4.0,30812.0,1,0,0,-1.0,0,-1.0,4,0,1473.4175,1705.57,1173.58,192.9380984117704,0.13094597994917964,0,1.0,1,0,legitimate,n/a,9235da42-500e-4010-b6e3-6f35a17296e1,0.0
legit_sess_3c94fa80-7513-4408-aa68-c1fea5859b47,1,1,0,0,3,16656.0,0.21613832853025935,16656.0,16656.0,1.0,1197.0,1,0,0,-1.0,0,-1.0,1,0,2910.76,2910.76,2910.76,0.0,0.0,0,0.0,1,0,legitimate,n/a,5f94cc14-2305-4aca-97d6-60d1c66516e3,0.0
legit_sess_7a161517-ef51-40e7-bdf4-8b883d0a0ca3,2,1,1,0,5,73480.0,0.0979858464888405,3789.0,3789.0,2.0,40338.0,1,0,1,28101.0,0,-1.0,2,0,1322.92,1385.95,1259.89,63.02999999999997,0.04764460436005198,0,1.0,1,0,legitimate,n/a,4a30189b-b378-40cb-8e4d-2a2a2e41ea06,0.0
legit_sess_f43f21ad-42a6-46b5-87ce-5fd2c4c6f721,7,1,0,1,9,286108.0,0.0880786276510968,36191.5,1716.0,7.0,22079.0,1,0,0,-1.0,1,68959.0,7,0,1944.4214285714286,2516.63,1292.28,403.6426269231085,0.20759009389217942,1,-1.0,1,0,legitimate,n/a,64212293-b1e6-4b4f-9163-fd17990d406c,2.47896304918358
legit_sess_2f9e51c2-174a-40f6-b711-36fa937caa33,0,1,0,1,2,211756.0,0.0,211756.0,211756.0,0.0,-1.0,1,0,0,-1.0,0,-1.0,0,0,0.0,0.0,0.0,0.0,0.0,0,0.0,0,0,legitimate,n/a,c60aa36c-3dd1-47c3-9b7f-6827d2eff160,0.0
legit_sess_6a1d4dce-84f9-49f1-96db-13d55e80a0e5,5,1,0,0,7,124938.0,0.14407145944388416,18204.75,600.0,5.0,19124.0,1,0,0,-1.0,0,-1.0,5,0,689.7439999999999,845.37,490.85,133.77096689491333,0.19394292214925152,1,1.0,1,0,legitimate,n/a,9e097fe3-d7fa-41b8-9397-1494b402b288,0.0
legit_sess_4da616f0-7080-4755-b47f-90bfccc7e10d,3,1,0,0,5,37455.0,0.2883460152182619,12087.5,4601.0,3.0,12146.0,1,0,0,-1.0,0,-1.0,3,0,531.14,591.6,425.89,74.69743012089951,0.14063604722088247,1,1.0,1,0,legitimate,n/a,0ce211a1-a00a-42dd-9ddb-fa5532f4371b,0.0
legit_sess_9b20bd8f-994a-4a00-adb3-258cfbcbdfe7,4,1,0,1,7,101743.0,0.141533078442743,11496.0,4959.0,4.0,41341.0,1,0,0,-1.0,0,-1.0,4,0,2240.6,2569.19,2027.38,202.23623649089197,0.09025985740020172,1,-1.0,1,0,legitimate,n/a,e8c4d036-8360-4d24-bc4f-68f71ceebc19,0.0
legit_sess_09235e76-4a85-40e4-a563-ab9abe6ebad7,1,1,0,0,2,277050.0,0.012994044396318355,277050.0,277050.0,1.0,277050.0,1,0,0,-1.0,0,-1.0,1,0,302.15,302.15,302.15,0.0,0.0,0,0.0,1,0,legitimate,n/a,6c10b601-160f-4d6e-bec6-b7ece3f1bdf6,0.0
legit_sess_0f46f094-31d6-4437-b4df-d8e045baf8a1,1,1,0,1,4,152718.0,0.023572859780772403,152718.0,152718.0,1.0,118785.0,1,0,0,-1.0,1,67204.0,1,0,489.26,489.26,489.26,0.0,0.0,0,0.0,1,0,legitimate,n/a,18554f8c-848c-4bcc-96c6-7dc3d239bf0b,0.5979480730696073
legit_sess_e2da5192-c048-42a3-9c45-76d460c15e84,1,1,0,0,3,7889.0,0.45633160096336667,7889.0,7889.0,1.0,5366.0,1,0,0,-1.0,0,-1.0,1,0,1387.9,1387.9,1387.9,0.0,0.0,0,0.0,1,0,legitimate,n/a,78351de5-095e-4942-bb8e-db5d7d44e2cd,0.0
legit_sess_24cbf000-4041-4f1b-98d4-0378e6026809,4,1,0,0,6,38542.0,0.373618390327435,5696.333333333333,2189.0,4.0,1327.0,1,0,0,-1.0,0,-1.0,4,0,2380.3525,3098.95,1794.2,470.985674802058,0.19786383521014556,1,1.0,1,0,legitimate,n/a,0c0254fb-f7ec-400f-8e5a-3a6ba2f66bee,0.0
legit_sess_9089d10d-c327-4c29-8da8-40a56937f13b,0,1,0,0,2,3837.0,0.0,3837.0,3837.0,0.0,-1.0,1,0,0,-1.0,0,-1.0,0,0,0.0,0.0,0.0,0.0,0.0,0,0.0,0,0,legitimate,n/a,64f82b13-5a56-452f-9e2a-14495fe903d1,0.0
legit_sess_397e8295-f756-4dfd-8683-7f18a7970d12,1,1,0,0,3,17486.0,0.20587898890541004,17486.0,17486.0,1.0,1096.0,1,0,0,-1.0,0,-1.0,1,0,281.75,281.75,281.75,0.0,0.0,0,0.0,1,0,legitimate,n/a,fe48ef63-1e56-4408-8465-3cde776200b5,0.0
legit_sess_d4960eda-2462-4ebe-a346-723681d41422,1,1,0,0,3,114795.0,0.03136025088200706,114795.0,114795.0,1.0,29212.0,1,0,0,-1.0,0,-1.0,1,0,2708.91,2708.91,2708.91,0.0,0.0,0,0.0,1,0,legitimate,n/a,14249ac1-c850-4a17-8c4b-7f4f58876a06,0.0
legit_sess_33d21218-21c6-47fb-992f-5b3aa2f6fc6e,1,1,0,0,3,179192.0,0.020090182597437386,179192.0,179192.0,1.0,4744.0,1,0,0,-1.0,0,-1.0,1,0,1760.05,1760.05,1760.05,0.0,0.0,0,0.0,1,0,legitimate,n/a,b136d5fb-10d1-4824-8291-be0233c95532,0.0
legit_sess_9d4eef1f-f22d-4efa-adc6-2b4a4a3fd930,1,1,0,0,2,257664.0,0.013971684053651266,257664.0,257664.0,1.0,257664.0,1,0,0,-1.0,0,-1.0,1,0,1829.35,1829.35,1829.35,0.0,0.0,0,0.0,1,0,legitimate,n/a,2e78a3b6-c923-46c0-a0fa-084984809e89,0.0
legit_sess_ab2a88a7-3647-4857-b36a-463d283de6a8,6,1,0,0,8,130358.0,0.16569754061891098,24655.0,7245.0,6.0,1186.0,1,0,0,-1.0,0,-1.0,6,0,1122.1066666666666,1433.99,899.4,162.33100183130625,0.14466628410071497,1,-1.0,1,0,legitimate,n/a,8682ff67-a35a-447d-b647-1bab2f8c4faf,0.0
legit_sess_66a76eec-91a7-4fd8-a24d-e7a4d7c7117f,7,1,1,0,9,272020.0,0.09264024704065876,23471.5,5792.0,7.0,52704.0,1,0,1,131191.0,0,-1.0,7,0,2342.432857142857,2856.09,1544.57,451.00354771218775,0.19253638213660124,1,-1.0,1,0,legitimate,n/a,e272a5ed-22d0-41cc-8287-c1b10921b1b3,0.0
legit_sess_850c854c-10b1-4b1e-9275-45f068b6d76e,2,1,0,0,4,92197.0,0.07809364729871905,64088.0,64088.0,2.0,15048.0,1,0,0,-1.0,0,-1.0,2,0,2216.9049999999997,2419.96,2013.85,203.05500000000006,0.0915939113313381,1,-1.0,1,0,legitimate,n/a,a7f7d6ec-ff02-4814-b5e1-ae00ec5e8396,0.0
legit_sess_2d0bd585-5d91-496a-937d-87dcc39ce9a7,5,1,0,0,6,191655.0,0.09391876027236441,39484.5,1506.0,5.0,33717.0,1,0,0,-1.0,0,-1.0,5,0,436.776,542.89,367.72,65.97601006426501,0.1510522786606064,1,-1.0,1,0,legitimate,n/a,70c524f7-367a-47d5-bcc4-25ef1f51c88c,0.0
legit_sess_2ca997d9-7840-4ba5-bf9f-509c5be5a641,1,1,0,1,4,3899.0,0.9233136701718389,3899.0,3899.0,1.0,1164.0,1,0,0,-1.0,0,-1.0,1,0,1188.19,1188.19,1188.19,0.0,0.0,0,0.0,1,0,legitimate,n/a,3ec399e5-e095-48b7-a122-dab6ee81a709,0.0
legit_sess_b3648cdf-0c3c-4032-a752-43eec41901f2,20,1,0,0,22,237398.0,0.3032881490155772,12388.052631578947,1028.0,20.0,1397.0,1,0,0,-1.0,0,-1.0,20,0,488.4895,635.06,374.75,78.30648335067792,0.16030330918203547,1,-1.0,1,0,legitimate,n/a,0a68253a-0a6f-4154-a837-6dcd8299ed6e,0.0
legit_sess_de357eb7-5387-4833-bb1c-6081768c41f1,0,1,0,0,2,5119.0,0.0,5119.0,5119.0,0.0,-1.0,1,0,0,-1.0,0,-1.0,0,0,0.0,0.0,0.0,0.0,0.0,0,0.0,0,0,legitimate,n/a,1847a1f9-6862-41e8-b649-c3f5f127f9c7,0.0
legit_sess_6ec47759-fbaf-49a6-8583-051da88fb0a2,1,1,0,0,2,2668.0,1.3493253373313343,2668.0,2668.0,1.0,2668.0,1,0,0,-1.0,0,-1.0,1,0,470.91,470.91,470.91,0.0,0.0,0,0.0,1,0,legitimate,n/a,7f7465dc-1152-405d-9d74-824412165c30,0.0
legit_sess_0aa09cec-2355-445e-868b-da9aeec3f036,2,1,0,0,4,43577.0,0.16522477453702641,37675.0,37675.0,2.0,914.0,1,0,0,-1.0,0,-1.0,2,0,2848.895,3165.52,2532.27,316.625,0.11113958218888376,1,-1.0,1,0,legitimate,n/a,56be6d2a-09b1-41fb-97ff-c8cd4105d9f9,0.0
legit_sess_66171a9e-f03f-4c7b-9339-97053b7b469c,1,1,0,0,2,2589.0,1.3904982618771728,2589.0,2589.0,1.0,2589.0,1,0,0,-1.0,0,-1.0,1,0,788.8,788.8,788.8,0.0,0.0,0,0.0,1,0,legitimate,n/a,0b5277f4-ac00-42da-867c-93a038370736,0.0
legit_sess_da4f8dc7-a60a-4233-bcf8-39a1e4c9ea9a,2,1,0,0,4,92116.0,0.07816231707846628,46594.0,46594.0,2.0,24856.0,1,0,0,-1.0,0,-1.0,2,0,3232.385,3649.37,2815.4,416.9849999999999,0.12900226922226155,1,-1.0,1,0,legitimate,n/a,57a4c6e5-8297-4497-b879-bf39da7d30bb,0.0
legit_sess_4827613b-f65d-4983-882c-466712d58e2f,6,1,0,0,8,49297.0,0.43816053715236225,6574.2,1110.0,6.0,15056.0,1,0,0,-1.0,0,-1.0,6,0,173.2166666666667,234.49,138.88,31.34380995064612,0.18095146704885662,1,1.0,1,0,legitimate,n/a,807350ad-5779-4ebc-9422-9e4fba90c40a,0.0
legit_sess_4e394c76-5bfd-448c-950c-3d22a853c757,8,1,0,0,10,154287.0,0.18666511112407397,16063.714285714286,2849.0,8.0,3137.0,1,0,0,-1.0,0,-1.0,8,0,1915.4,2353.05,1231.37,350.7584970816816,0.18312545530003213,1,1.0,1,0,legitimate,n/a,d4732d0e-b20a-4d00-aba8-fec95914dd72,0.0
legit_sess_ddb2e72c-7ecf-4423-800c-fbed1a2fe8eb,1,1,0,0,3,6899.0,0.5218147557617046,6899.0,6899.0,1.0,3493.0,1,0,0,-1.0,0,-1.0,1,0,1480.89,1480.89,1480.89,0.0,0.0,0,0.0,1,0,legitimate,n/a,78351de5-095e-4942-bb8e-db5d7d44e2cd,0.0
legit_sess_abcf30d7-2193-43a3-bbe4-5d75f8d01edc,4,1,0,0,6,216534.0,0.06650225830585497,59013.333333333336,6908.0,4.0,37859.0,1,0,0,-1.0,0,-1.0,4,0,2340.9975,2426.04,2155.35,109.5638173337804,0.04680219322480285,1,1.0,1,0,legitimate,n/a,3ec399e5-e095-48b7-a122-dab6ee81a709,0.0
legit_sess_cfd9dd45-f915-432b-8bf0-b048f295d8f7,6,1,0,0,8,135727.0,0.1591429855518799,17605.0,1295.0,6.0,24954.0,1,0,0,-1.0,0,-1.0,6,0,457.28833333333324,563.42,324.22,88.11287900881585,0.19268560465238752,1,-1.0,1,0,legitimate,n/a,714b6caa-6c89-4c3d-b319-c55af244bf16,0.0
legit_sess_7498d5bc-ee10-454b-a13f-cb2418167db8,4,1,0,0,5,237952.0,0.06051640667025282,41414.0,5095.0,4.0,113710.0,1,0,0,-1.0,0,-1.0,4,0,5165.08,6489.72,2977.85,1325.0866214893274,0.25654716315900766,1,1.0,1,0,legitimate,n/a,c0372bd4-3dad-4e1a-b512-9123a24b3f4d,0.0
legit_sess_5b0b14ba-9a85-46a2-a221-d7f141a4ab94,5,1,0,0,7,109859.0,0.16384638491156844,16740.5,2140.0,5.0,17030.0,1,0,0,-1.0,0,-1.0,5,0,1859.4039999999998,2148.91,1306.25,309.3599022239307,0.16637583990565297,1,1.0,1,0,legitimate,n/a,ca496519-a00c-4807-9199-166a2815ea1b,0.0
legit_sess_951b6fae-bd2b-49fe-8ef2-929ff4c09378,1,1,0,0,3,2343.0,1.5364916773367476,2343.0,2343.0,1.0,1319.0,1,0,0,-1.0,0,-1.0,1,0,1737.26,1737.26,1737.26,0.0,0.0,0,0.0,1,0,legitimate,n/a,6f539849-5307-4d12-9cf3-350bfc6f512c,0.0
legit_sess_5e2d23cd-8760-495f-baad-14b39e1df827,2,1,0,0,3,21189.0,0.33979895228656376,3562.0,3562.0,2.0,17627.0,1,0,0,-1.0,0,-1.0,2,0,690.31,775.38,605.24,85.07,0.12323448885283424,1,-1.0,1,0,legitimate,n/a,25552105-751d-4c41-8ca9-49989ad15d74,0.0
legit_sess_230ff06b-b4c0-4533-b3cb-0adeebb2a483,1,1,0,1,4,105024.0,0.03427787934186472,105024.0,105024.0,1.0,5851.0,1,0,0,-1.0,1,76684.0,1,0,4132.8,4132.8,4132.8,0.0,0.0,0,0.0,1,0,legitimate,n/a,9f48dca8-87bc-4060-b20e-47760f16649d,1.2336623075281326
legit_sess_d3fbb478-8e74-4b12-b6bb-ecd190099ca2,5,1,1,0,8,53735.0,0.33497720294035543,1521.25,1243.0,5.0,1275.0,1,0,1,45773.0,0,-1.0,5,0,1436.4540000000002,2024.6,764.24,441.1638502234742,0.3071200680449733,1,-1.0,1,0,legitimate,n/a,9f6c3ff2-3cd5-45a9-a907-1bcd854c2f92,0.0
legit_sess_afea2a00-7f0a-40dc-ac77-9689c69425dc,0,1,0,0,2,253089.0,0.0,253089.0,253089.0,0.0,-1.0,1,0,0,-1.0,0,-1.0,0,0,0.0,0.0,0.0,0.0,0.0,0,0.0,0,0,legitimate,n/a,7f1fb712-8f7a-44b8-9897-f235930e101a,0.0
legit_sess_86fde6da-535f-4513-afc6-d26ada533d68,5,1,0,0,7,149719.0,0.12022522191572212,33733.5,10139.0,5.0,12613.0,1,0,0,-1.0,0,-1.0,5,0,2089.014,2371.17,1608.93,255.31858017778492,0.1222196596948536,1,-1.0,1,0,legitimate,n/a,6afcb203-4ffe-44b3-b949-41e764781eb6,0.0
legit_sess_bf5ed6c2-9682-47cd-90d7-1c7511310992,6,1,0,0,8,115974.0,0.18624864193698584,22780.4,1344.0,6.0,790.0,1,0,0,-1.0,0,-1.0,6,0,2114.6783333333333,2574.48,1334.4,445.520553974661,0.21068005802678944,1,1.0,1,0,legitimate,n/a,6f539849-5307-4d12-9cf3-350bfc6f512c,0.0
legit_sess_5a8e96c6-724d-4e05-afdc-f46d30e66942,4,1,0,0,5,203019.0,0.07092932188612888,66543.0,15091.0,4.0,3390.0,1,0,0,-1.0,0,-1.0,4,0,792.2674999999999,997.99,515.6,177.54418399021128,0.22409626040473868,1,1.0,1,0,legitimate,n/a,1847a1f9-6862-41e8-b649-c3f5f127f9c7,0.0
legit_sess_4919c149-7bbd-4a5d-bd7b-1875ba6050ec,18,1,1,0,20,230966.0,0.2805607751790307,11729.823529411764,626.0,18.0,20117.0,1,0,1,-1.0,0,-1.0,18,0,1969.5588888888888,2384.82,856.78,375.4657540810538,0.1906344391118307,1,1.0,1,0,legitimate,n/a,66c7ea4a-aeac-4fc1-921c-00b6f5e9abc1,0.0
legit_sess_7fc33f6f-bc69-4f36-8fc8-5d245ea584d0,0,1,0,0,2,11985.0,0.0,11985.0,11985.0,0.0,-1.0,1,0,0,-1.0,0,-1.0,0,0,0.0,0.0,0.0,0.0,0.0,0,0.0,0,0,legitimate,n/a,ea1f82b1-831d-45ed-9dbd-8b9f23140856,0.0
legit_sess_bfe93f64-35ae-4673-96e1-677c01657048,7,1,0,0,9,105734.0,0.23833393232072939,14665.0,1389.0,7.0,4229.0,1,0,0,-1.0,0,-1.0,7,0,3051.914285714286,3514.39,2416.9,353.9427349104913,0.1159740090235374,1,-1.0,1,0,legitimate,n/a,129915ca-30a0-419d-987c-b33502829a8f,0.0
legit_sess_f54402c3-3785-43d5-8c8d-d56d3f7263ae,2,1,0,0,4,96476.0,0.0746299597827439,56154.0,56154.0,2.0,38559.0,1,0,0,-1.0,0,-1.0,2,0,3161.275,3483.79,2838.76,322.5149999999999,0.10202054550774604,0,1.0,1,0,legitimate,n/a,8d84353b-1c60-42bd-a547-20cfdfc9cb2b,0.0
legit_sess_1c8abf73-9178-45ad-9fe9-c772b94e02b6,5,1,0,0,7,198136.0,0.09084669116162636,37359.75,24385.0,5.0,46044.0,1,0,0,-1.0,0,-1.0,5,0,1428.1219999999998,1615.27,1166.23,175.0168354644775,0.12255033916183458,1,-1.0,1,0,legitimate,n/a,8b7c5a45-4508-40a2-b240-78b217b6af7d,0.0
legit_sess_daf2b6d8-813b-466a-b8f6-2040a2eb8648,0,1,0,0,2,4918.0,0.0,4918.0,4918.0,0.0,-1.0,1,0,0,-1.0,0,-1.0,0,0,0.0,0.0,0.0,0.0,0.0,0,0.0,0,0,legitimate,n/a,3abbc1d7-5481-4010-b8e5-b00c035cee89,0.0
legit_sess_969ee016-fb35-415e-8c6f-5df52b025129,0,1,0,0,2,91607.0,0.0,91607.0,91607.0,0.0,-1.0,1,0,0,-1.0,0,-1.0,0,0,0.0,0.0,0.0,0.0,0.0,0,0.0,0,0,legitimate,n/a,b83ae7e0-1bcb-4207-b8e4-136756400536,0.0
legit_sess_45815c12-dde2-430f-abd0-5108ee0fb4df,5,1,0,0,7,225178.0,0.07993676114007585,41671.0,818.0,5.0,2009.0,1,0,0,-1.0,0,-1.0,5,0,3174.2740000000003,3490.01,2802.77,245.20788034645227,0.07724849220528922,1,1.0,1,0,legitimate,n/a,8ebb7095-e8df-4bff-b183-1efbfb2cffcd,0.0
legit_sess_645d69ce-1c4d-4575-8be5-1f2874106f77,5,1,0,0,7,150845.0,0.11932778680102092,19300.75,1318.0,5.0,72245.0,1,0,0,-1.0,0,-1.0,5,0,2293.026,3110.61,1869.77,470.3256492516648,0.20511134599069739,0,1.0,1,0,legitimate,n/a,2465e080-4e2a-4f1b-90e2-6b6c544a0b3c,0.0
legit_sess_9916392f-7bd4-4917-a15a-31d30955af40,5,1,0,0,6,254785.0,0.07064780108719117,55367.0,20104.0,5.0,33317.0,1,0,0,-1.0,0,-1.0,5,0,490.04200000000003,667.48,401.72,97.69786904533794,0.1993663176734605,1,1.0,1,0,legitimate,n/a,bee80626-10e8-4d01-86a7-4a63a8c7d9e0,0.0
legit_sess_edcde4c4-5418-47c2-b903-f2fff960eebc,1,1,0,0,2,58882.0,0.06113922760775788,58882.0,58882.0,1.0,58882.0,1,0,0,-1.0,0,-1.0,1,0,139.11,139.11,139.11,0.0,0.0,0,0.0,1,0,legitimate,n/a,079b3626-d9f6-4aad-9277-a33a00944602,0.0
legit_sess_47fd8491-3f13-4d4f-a5b1-ecdc82660082,1,1,0,0,3,3045.0,1.1822660098522169,3045.0,3045.0,1.0,1398.0,1,0,0,-1.0,0,-1.0,1,0,553.07,553.07,553.07,0.0,0.0,0,0.0,1,0,legitimate,n/a,0b15f44d-801a-4410-9ed8-b4b2a705ad5f,0.0
legit_sess_c801accc-19b9-4c38-810c-786b34d210ed,0,1,0,1,3,5594.0,0.0,5594.0,5594.0,0.0,-1.0,1,0,0,-1.0,0,-1.0,0,0,0.0,0.0,0.0,0.0,0.0,0,0.0,0,0,legitimate,n/a,878a87a7-fca8-4360-aa54-8dab94bc8ac4,0.0
legit_sess_3431f8ac-2133-43ac-9030-ec767f82d06e,0,1,0,0,2,85014.0,0.0,85014.0,85014.0,0.0,-1.0,1,0,0,-1.0,0,-1.0,0,0,0.0,0.0,0.0,0.0,0.0,0,0.0,0,0,legitimate,n/a,e42870bb-4f35-4170-85b8-b27e2fe8cc16,0.0
legit_sess_2c35c310-b022-4f95-b33a-582ba5bb6f61,6,1,0,0,7,241385.0,0.08948360502931002,37872.2,15607.0,6.0,52024.0,1,0,0,-1.0,0,-1.0,6,0,2385.236666666667,3187.86,1227.51,614.5189999684486,0.2576343926605949,1,-1.0,1,0,legitimate,n/a,a43e1b27-dd12-4c13-95e0-e3d30354db0c,0.0
legit_sess_1f6ea428-c502-4b2d-9044-1babe5dbb139,5,1,0,0,7,246817.0,0.07292852599294213,45482.25,26287.0,5.0,16226.0,1,0,0,-1.0,0,-1.0,5,0,3589.4800000000005,4516.58,2834.67,733.7811590930908,0.20442547641805794,1,1.0,1,0,legitimate,n/a,0fbeb716-6651-43c4-a1c0-0cbe463c4650,0.0
legit_sess_1ffb2c46-39c7-4c47-8e5b-3e2f09abfbcd,6,1,0,0,8,77894.0,0.2772999204046525,3742.6,1043.0,6.0,38798.0,1,0,0,-1.0,0,-1.0,6,0,1851.5049999999999,2140.95,1609.66,179.38196478929157,0.09688440743573017,1,-1.0,1,0,legitimate,n/a,9f6c3ff2-3cd5-45a9-a907-1bcd854c2f92,0.0
legit_sess_323c57fe-723b-41c6-909a-ffcc5a024501,3,1,0,0,5,33279.0,0.3245289822410529,2120.0,1256.0,3.0,27526.0,1,0,0,-1.0,0,-1.0,3,0,786.9566666666666,999.19,620.19,158.03093227452516,0.20081274988609094,1,-1.0,1,0,legitimate,n/a,0b15f44d-801a-4410-9ed8-b4b2a705ad5f,0.0
legit_sess_d769be96-779d-404c-9911-07317efa232a,0,1,0,0,2,10234.0,0.0,10234.0,10234.0,0.0,-1.0,1,0,0,-1.0,0,-1.0,0,0,0.0,0.0,0.0,0.0,0.0,0,0.0,0,0,legitimate,n/a,b9cbf014-c844-404a-b258-60d34690a084,0.0
legit_sess_b795d06f-109d-4a1a-a2d8-ca86734711a2,2,1,0,0,4,208690.0,0.034500934400306674,41465.0,41465.0,2.0,145367.0,1,0,0,-1.0,0,-1.0,2,0,258.97,282.75,235.19,23.78,0.09182530795072788,1,-1.0,1,0,legitimate,n/a,fe48ef63-1e56-4408-8465-3cde776200b5,0.0
legit_sess_d12bc281-1162-462b-8e1a-5e8d3189e72d,3,1,0,0,4,243637.0,0.04432824242623247,89436.5,29519.0,3.0,64764.0,1,0,0,-1.0,0,-1.0,3,0,1691.3966666666665,1832.65,1552.01,114.57840323939281,0.06774188781227712,1,1.0,1,0,legitimate,n/a,878a87a7-fca8-4360-aa54-8dab94bc8ac4,0.0
legit_sess_c6ca900d-c6fa-4fa1-82ce-d0b4a19e7c23,2,1,0,0,4,3363.0,2.1409455842997325,1081.0,1081.0,2.0,1218.0,1,0,0,-1.0,0,-1.0,2,0,2597.625,2726.78,2468.47,129.1550000000002,0.049720417689235435,1,-1.0,1,0,legitimate,n/a,7e35fcb8-79e6-4be5-aa50-09622d600c56,0.0
legit_sess_2eaa1774-13af-408e-acda-57f3493f5104,4,1,0,0,5,120715.0,0.11928923497494098,38568.666666666664,31460.0,4.0,5009.0,1,0,0,-1.0,0,-1.0,4,0,50.7075,63.38,40.04,10.28073288973116,0.20274580465870254,1,1.0,1,0,legitimate,n/a,256d1082-93cd-4609-9e73-252bfd914b0e,0.0
legit_sess_1722c746-2058-4416-b5a2-804204501fd1,2,1,0,0,3,123596.0,0.05825431243729571,48856.0,48856.0,2.0,74740.0,1,0,0,-1.0,0,-1.0,2,0,1034.0500000000002,1383.89,684.21,349.84000000000003,0.3383201972825298,0,1.0,1,0,legitimate,n/a,64f82b13-5a56-452f-9e2a-14495fe903d1,0.0
legit_sess_53ed512a-6846-428a-8cbd-469b76723b50,5,1,0,0,7,175417.0,0.10261263161495181,31624.0,4363.0,5.0,14235.0,1,0,0,-1.0,0,-1.0,5,0,3562.78,4329.44,2399.33,730.7928262100005,0.20511870679918504,1,-1.0,1,0,legitimate,n/a,c4ecbfa2-5221-4bda-a90b-a8875e36d760,0.0
legit_sess_7df734f7-6b2a-4840-8f58-2a2a831e1650,4,1,0,1,6,244576.0,0.05887740416066989,67599.0,1281.0,4.0,41779.0,1,0,0,-1.0,1,21030.0,4,0,2214.505,2867.53,1231.36,616.9642613028733,0.27860143070477295,1,1.0,1,0,legitimate,n/a,97f2ec07-0637-4d96-bd91-1cf840c3f510,-0.2708094065534085
legit_sess_bb7cdd47-726c-49f7-8f82-8bb79275e0fd,8,1,0,0,9,232469.0,0.12388748607341195,31632.14285714286,5520.0,8.0,11044.0,1,0,0,-1.0,0,-1.0,8,0,857.94875,963.98,740.55,78.45093123053097,0.09144011367873776,1,1.0,1,0,legitimate,n/a,15765a7c-4055-4e7f-817c-a90e94135ddf,0.0
legit_sess_d0abc153-ab61-4d0e-ada3-228825a37a80,6,1,0,0,8,217985.0,0.09908938688441865,33228.8,3922.0,6.0,19111.0,1,0,0,-1.0,0,-1.0,6,0,3078.7766666666666,3788.73,2409.17,455.5411292322815,0.14796173238687277,1,-1.0,1,0,legitimate,n/a,7e35fcb8-79e6-4be5-aa50-09622d600c56,0.0
legit_sess_02de4678-49d2-4a94-8e59-9a46f42fd2b2,0,1,0,0,2,17132.0,0.0,17132.0,17132.0,0.0,-1.0,1,0,0,-1.0,0,-1.0,0,0,0.0,0.0,0.0,0.0,0.0,0,0.0,0,0,legitimate,n/a,bb131b3d-7fe1-447e-ac48-6af27e8fad53,0.0
legit_sess_25ff60b5-249c-4e67-b306-a0a9b0a079c4,7,1,0,1,9,281230.0,0.08960637200867617,25102.333333333332,12182.0,7.0,80077.0,1,0,0,-1.0,1,130616.0,7,0,2340.4142857142856,2941.0,1899.57,357.3486899317225,0.15268608302083622,1,1.0,1,0,legitimate,n/a,1e7055f4-469a-48e4-8b0c-49a58825dfbe,12.287289612867433
legit_sess_4c4be12a-6dca-4470-832e-f49bcb6ddd24,0,1,0,0,2,7483.0,0.0,7483.0,7483.0,0.0,-1.0,1,0,0,-1.0,0,-1.0,0,0,0.0,0.0,0.0,0.0,0.0,0,0.0,0,0,legitimate,n/a,5f94cc14-2305-4aca-97d6-60d1c66516e3,0.0
legit_sess_ee54437b-f592-4efc-bff3-886dae38afb7,0,1,0,0,2,3494.0,0.0,3494.0,3494.0,0.0,-1.0,1,0,0,-1.0,0,-1.0,0,0,0.0,0.0,0.0,0.0,0.0,0,0.0,0,0,legitimate,n/a,2c5be8b2-2391-4dd5-9f07-f231f6e19425,0.0
legit_sess_f7edc7b0-b452-4c9e-8e90-10a4e1275287,0,1,0,0,2,17189.0,0.0,17189.0,17189.0,0.0,-1.0,1,0,0,-1.0,0,-1.0,0,0,0.0,0.0,0.0,0.0,0.0,0,0.0,0,0,legitimate,n/a,aa069dd3-e42a-40ad-88ad-4972d1cee715,0.0
legit_sess_7e20e4b9-073a-4cef-92fb-c5c0bdcee0ff,0,1,0,0,2,4457.0,0.0,4457.0,4457.0,0.0,-1.0,1,0,0,-1.0,0,-1.0,0,0,0.0,0.0,0.0,0.0,0.0,0,0.0,0,0,legitimate,n/a,b9cbf014-c844-404a-b258-60d34690a084,0.0
legit_sess_456369e7-8261-4d84-ba45-d8e87c747dcc,0,1,0,0,2,1474.0,0.0,1474.0,1474.0,0.0,-1.0,1,0,0,-1.0,0,-1.0,0,0,0.0,0.0,0.0,0.0,0.0,0,0.0,0,0,legitimate,n/a,2114682c-735d-4fe6-9f9c-e40eaf451db4,0.0
legit_sess_d1ddf2d0-b1df-4cec-b542-ef9c6b167148,4,1,0,0,5,118110.0,0.12192024384048769,38325.333333333336,4402.0,4.0,3134.0,1,0,0,-1.0,0,-1.0,4,0,942.965,1185.28,730.13,176.5990810423429,0.1872806318817166,1,-1.0,1,0,legitimate,n/a,0646e5bb-6a98-4cc1-98a6-d44d04b4e421,0.0
legit_sess_1462dc2f-e12f-4fe7-8767-92c99a3826f5,0,1,0,0,2,29481.0,0.0,29481.0,29481.0,0.0,-1.0,1,0,0,-1.0,0,-1.0,0,0,0.0,0.0,0.0,0.0,0.0,0,0.0,0,0,legitimate,n/a,efadd5f7-92bd-4be0-9e70-e5f2c48489f5,0.0
legit_sess_1e19997c-58cb-45d6-8b25-efa76aff070f,9,1,0,1,11,164539.0,0.19691380159111213,20307.625,852.0,9.0,2078.0,1,0,0,-1.0,1,40303.0,9,0,747.46,875.75,614.64,79.69405582183236,0.10661982690957691,1,-1.0,1,0,legitimate,n/a,183c6fe8-ebb9-4b26-bf2f-a41ddd42d8f5,1.859122588048075
legit_sess_a96704c6-c177-4ffd-baf1-712e3b342812,1,1,0,0,3,3061.0,1.1760862463247304,3061.0,3061.0,1.0,1433.0,1,0,0,-1.0,0,-1.0,1,0,2363.71,2363.71,2363.71,0.0,0.0,0,0.0,1,0,legitimate,n/a,77001ae3-1f80-4666-85e4-2f4d0b904d54,0.0
legit_sess_b1b0d96e-da55-4038-b047-c425dd393601,3,1,0,0,5,151332.0,0.07136626754420744,22532.0,22392.0,3.0,62095.0,1,0,0,-1.0,0,-1.0,3,0,27.74333333333333,30.72,25.72,2.149671809576729,0.07748426563414859,1,1.0,1,0,legitimate,n/a,6f1b0a58-ddd6-4bd0-a4f6-d48b389fe420,0.0
legit_sess_2106e892-a89a-42e4-ac89-1bd31d641c59,4,1,0,0,5,217908.0,0.06608293408227325,45082.333333333336,32071.0,4.0,82661.0,1,0,0,-1.0,0,-1.0,4,0,2478.5125,3086.75,2149.37,366.79663768735674,0.14799063457915052,1,-1.0,1,0,legitimate,n/a,c12625c0-54e6-439c-8623-989b1508d991,0.0
legit_sess_30621d64-a06c-4ac7-a924-388325969058,4,1,0,0,6,168133.0,0.08564648224917179,43887.0,1218.0,4.0,2121.0,1,0,0,-1.0,0,-1.0,4,0,1889.5099999999998,2354.52,1659.98,272.3290621656087,0.14412681709311342,1,1.0,1,0,legitimate,n/a,1b51fc5d-6212-4400-b1a5-7ff2f79d2faf,0.0
legit_sess_35d96741-aa7d-4d8c-be58-5325a4fda964,10,1,0,0,12,195639.0,0.18401239016760462,21201.222222222223,1128.0,10.0,3304.0,1,0,0,-1.0,0,-1.0,10,0,162.48700000000002,232.15,103.85,40.90557567129449,0.2517467592563989,1,-1.0,1,0,legitimate,n/a,2114682c-735d-4fe6-9f9c-e40eaf451db4,0.0
legit_sess_71c75570-d99e-4063-8abb-313f4382ba2c,10,1,1,0,13,215815.0,0.1668095359451382,17167.444444444445,1872.0,10.0,27695.0,1,0,1,39184.0,0,-1.0,10,0,2822.6549999999997,3989.5,1965.62,643.9642545242709,0.2281413259942398,1,-1.0,1,0,legitimate,n/a,160f7d72-f44f-4486-8112-4d9c697cb734,0.0
legit_sess_0d888e48-9831-4616-818f-5393ffb4668b,1,1,0,0,3,151823.0,0.023711822319411418,151823.0,151823.0,1.0,10268.0,1,0,0,-1.0,0,-1.0,1,0,100.69,100.69,100.69,0.0,0.0,0,0.0,1,0,legitimate,n/a,dd15d50d-d505-4fe5-9c9c-7e25619a6461,0.0
legit_sess_dd9ce762-4994-45f9-943b-0c038159c4e6,8,1,0,0,10,231326.0,0.12449962390738611,27788.285714285714,1949.0,8.0,35573.0,1,0,0,-1.0,0,-1.0,8,0,2288.925,3066.65,1632.99,471.91890762608784,0.20617491076644617,1,1.0,1,0,legitimate,n/a,662d8025-dc36-42e3-9c72-141cb61dddb0,0.0
legit_sess_d8340d17-9bae-46ac-a0c0-284348a821c3,2,1,0,0,3,174434.0,0.04127635667358428,17408.0,17408.0,2.0,157026.0,1,0,0,-1.0,0,-1.0,2,0,393.01,509.41,276.61,116.4,0.29617566983028426,0,1.0,1,0,legitimate,n/a,2cd93d04-9ffb-425e-9959-8ee63a5317ec,0.0
legit_sess_35c26be6-7aa7-415a-935f-bbd96db74e44,4,1,0,0,6,100764.0,0.14290818149339052,5316.333333333333,2635.0,4.0,1119.0,1,0,0,-1.0,0,-1.0,4,0,2827.175,3003.41,2455.09,223.23574674545281,0.0789607105133049,1,1.0,1,0,legitimate,n/a,77001ae3-1f80-4666-85e4-2f4d0b904d54,0.0
legit_sess_eb79ac46-1849-4a53-83ca-1145b357faa3,1,1,0,0,2,24739.0,0.14551922066372933,24739.0,24739.0,1.0,24739.0,1,0,0,-1.0,0,-1.0,1,0,486.79,486.79,486.79,0.0,0.0,0,0.0,1,0,legitimate,n/a,3963b9ce-d2e6-4fcf-bec7-26c8c9bddbb8,0.0
legit_sess_77d5b2c1-0130-441b-84ce-3c8f542d7a75,1,1,0,0,3,68893.0,0.0522549460757987,68893.0,68893.0,1.0,23739.0,1,0,0,-1.0,0,-1.0,1,0,441.07,441.07,441.07,0.0,0.0,0,0.0,1,0,legitimate,n/a,0ce211a1-a00a-42dd-9ddb-fa5532f4371b,0.0
legit_sess_88561790-f143-4078-b41d-27bb3f51db6f,5,1,0,0,7,8026.0,2.24271118863693,1391.0,1044.0,5.0,1217.0,1,0,0,-1.0,0,-1.0,5,0,2828.398,3364.56,2462.1,336.9328239516002,0.11912496895825841,1,1.0,1,0,legitimate,n/a,825d4b24-5fe8-4328-88c1-46f0c5d1fd2f,0.0
legit_sess_8cb9c50d-e629-4fc8-927f-bada1d91ee05,2,1,0,0,4,94258.0,0.07638608924441427,53436.0,53436.0,2.0,1866.0,1,0,0,-1.0,0,-1.0,2,0,266.82,283.54,250.1,16.720000000000013,0.06266396821827454,1,-1.0,1,0,legitimate,n/a,ce2bb592-842a-4a6b-b786-451b471884fe,0.0
legit_sess_4ffc12f1-d1b5-443d-abf4-172684b249f4,0,1,0,0,2,51797.0,0.0,51797.0,51797.0,0.0,-1.0,1,0,0,-1.0,0,-1.0,0,0,0.0,0.0,0.0,0.0,0.0,0,0.0,0,0,legitimate,n/a,23079f9c-af8a-48d3-a0a0-0f5e78f607dc,0.0
legit_sess_5767012a-ef2d-4d75-9da9-9f7847dceac7,6,1,1,1,10,216137.0,0.09993661427705575,17714.4,1045.0,6.0,82380.0,1,0,1,78543.0,1,4714.0,6,0,180.04999999999998,208.42,157.48,19.266186268520638,0.10700464464604632,1,-1.0,1,0,legitimate,n/a,2c5be8b2-2391-4dd5-9f07-f231f6e19425,-0.6001371007345782
legit_sess_b314b167-3f09-46df-9bf1-39bacb313900,7,1,0,0,9,130232.0,0.1935008292892684,13340.0,1138.0,7.0,1661.0,1,0,0,-1.0,0,-1.0,7,0,206.75285714285718,271.1,127.08,44.677716629940996,0.21609237834653305,1,1.0,1,0,legitimate,n/a,3da9fda0-5d87-4b11-9a67-2fe36259a335,0.0
legit_sess_c4539242-abf9-4949-856b-a465512154a1,8,1,1,0,11,33155.0,0.8686472628562811,3253.714285714286,1045.0,8.0,3533.0,1,0,1,206.0,0,-1.0,8,0,2183.05875,2817.13,1760.68,401.25629959034603,0.18380462715002333,1,-1.0,1,0,legitimate,n/a,aa669f2c-0abf-4334-a4c0-ab39846a324a,0.0
legit_sess_363c1798-fcc4-47d0-883e-6fa9d612f63b,1,1,0,0,3,195656.0,0.018399640184814166,195656.0,195656.0,1.0,72611.0,1,0,0,-1.0,0,-1.0,1,0,566.59,566.59,566.59,0.0,0.0,0,0.0,1,0,legitimate,n/a,e6bf892e-05ff-4991-8141-c3583517c6b3,0.0
legit_sess_47fc98a6-f1d1-4220-9d25-272cbeaa321d,1,1,0,0,3,91916.0,0.03916619522172418,91916.0,91916.0,1.0,32792.0,1,0,0,-1.0,0,-1.0,1,0,432.29,432.29,432.29,0.0,0.0,0,0.0,1,0,legitimate,n/a,bb131b3d-7fe1-447e-ac48-6af27e8fad53,0.0
legit_sess_1c39573f-7775-48a0-9d9d-f1b279f82795,4,1,0,0,5,167270.0,0.08608836013630657,44736.666666666664,4301.0,4.0,33060.0,1,0,0,-1.0,0,-1.0,4,0,132.755,165.54,109.04,21.487989086929463,0.16186199455334613,1,-1.0,1,0,legitimate,n/a,05f80ce6-5c16-475f-9423-99d4cd572f7c,0.0
legit_sess_dd0f6c6c-2289-411e-b0bf-022a234873d6,1,1,0,0,3,7870.0,0.457433290978399,7870.0,7870.0,1.0,1195.0,1,0,0,-1.0,0,-1.0,1,0,1335.34,1335.34,1335.34,0.0,0.0,0,0.0,1,0,legitimate,n/a,77ee337c-43ea-49c6-ba33-97c91544ba7a,0.0
legit_sess_da42ef73-a367-4f43-883e-716d4fc812ce,3,1,0,0,5,26480.0,0.40785498489425986,10662.5,7240.0,3.0,3821.0,1,0,0,-1.0,0,-1.0,3,0,2734.6366666666668,3306.18,2157.31,469.04204106763063,0.17151896147116336,1,-1.0,1,0,legitimate,n/a,56be6d2a-09b1-41fb-97ff-c8cd4105d9f9,0.0
legit_sess_748c05de-7aae-408a-8079-9968f3b6ed1e,0,1,0,0,2,1606.0,0.0,1606.0,1606.0,0.0,-1.0,1,0,0,-1.0,0,-1.0,0,0,0.0,0.0,0.0,0.0,0.0,0,0.0,0,0,legitimate,n/a,c9b26ff0-2c58-4c6b-a804-bf2ab43f02b6,0.0
legit_sess_e7221111-4a03-47ed-a150-eb19b40262f0,3,1,0,1,6,60145.0,0.17956604871560394,2423.5,1986.0,3.0,53961.0,1,0,0,-1.0,1,51952.0,3,0,1379.4166666666667,1536.38,1269.28,113.95951045095903,0.08261427689310145,0,1.0,1,0,legitimate,n/a,6d4fdbf8-03f9-473e-a07c-30a826da053e,1.2433701048140295
legit_sess_33aa909e-c37d-4da3-a7cc-76b4384c9965,2,1,0,0,4,14486.0,0.49703161673339774,1499.0,1499.0,2.0,1463.0,1,0,0,-1.0,0,-1.0,2,0,1880.57,2546.74,1214.4,666.1699999999998,0.3542383426301599,1,-1.0,1,0,legitimate,n/a,825d4b24-5fe8-4328-88c1-46f0c5d1fd2f,0.0
legit_sess_59370383-8aad-4fd3-8bfa-dbff240514ca,2,1,0,0,4,162529.0,0.044299786499640066,18677.0,18677.0,2.0,69972.0,1,0,0,-1.0,0,-1.0,2,0,2099.635,2304.28,1894.99,204.6450000000001,0.09746694068254724,0,1.0,1,0,legitimate,n/a,78351de5-095e-4942-bb8e-db5d7d44e2cd,0.0
legit_sess_83cebd21-f6c4-4389-bb3c-d09bf91a7f98,1,1,0,0,2,150825.0,0.023868722028841372,150825.0,150825.0,1.0,150825.0,1,0,0,-1.0,0,-1.0,1,0,284.0,284.0,284.0,0.0,0.0,0,0.0,1,0,legitimate,n/a,d6a74d4e-fd92-46b3-9b32-daa2703afe36,0.0
legit_sess_d2b667c7-f930-47dc-9e93-7278627e75a1,5,1,0,0,6,172619.0,0.1042758908347285,24204.75,2172.0,5.0,75800.0,1,0,0,-1.0,0,-1.0,5,0,780.908,982.57,579.61,143.61638491481395,0.18390948090532297,1,-1.0,1,0,legitimate,n/a,0b15f44d-801a-4410-9ed8-b4b2a705ad5f,0.0
legit_sess_912e98d3-3ad5-4be2-b36b-99390de6161b,2,1,0,0,4,40165.0,0.1792605502303,9269.0,9269.0,2.0,1767.0,1,0,0,-1.0,0,-1.0,2,0,163.505,180.88,146.13,17.375,0.10626586342925293,1,-1.0,1,0,legitimate,n/a,807350ad-5779-4ebc-9422-9e4fba90c40a,0.0
legit_sess_2fe53dcf-ae4b-4f4a-bd00-5c6f99df7d01,2,1,0,0,4,35265.0,0.2041684389621438,20042.0,20042.0,2.0,5963.0,1,0,0,-1.0,0,-1.0,2,0,1868.56,1954.72,1782.4,86.15999999999997,0.04611037376375389,1,-1.0,1,0,legitimate,n/a,3f0121f3-e35c-48a0-b9f4-886c6db63aed,0.0
legit_sess_e630b952-9e41-4e95-b25d-40a2a5b047b0,2,1,0,0,4,204650.0,0.03518201807964818,8688.0,8688.0,2.0,134834.0,1,0,0,-1.0,0,-1.0,2,0,999.715,1000.1,999.33,0.3849999999999909,0.00038510975628053084,1,-1.0,1,0,legitimate,n/a,b743ac4a-e1b0-488e-adea-acabdc931156,0.0
legit_sess_f943a54c-799e-439f-acac-7e7cc7d5339a,3,1,0,0,5,140195.0,0.07703555761617747,17096.5,11558.0,3.0,69903.0,1,0,0,-1.0,0,-1.0,3,0,2754.4733333333334,3148.15,2011.9,525.3967888706168,0.19074310232468522,1,-1.0,1,0,legitimate,n/a,a626b097-4e64-4cd4-8730-a7cba085da1f,0.0
legit_sess_ae63f46b-5a33-4867-828a-9962c7d2bcdc,3,1,0,0,5,87063.0,0.1240481030977568,19943.5,10047.0,3.0,35938.0,1,0,0,-1.0,0,-1.0,3,0,2327.693333333333,2667.12,1910.65,313.6664634430797,0.13475420449561498,1,-1.0,1,0,legitimate,n/a,0c0254fb-f7ec-400f-8e5a-3a6ba2f66bee,0.0
legit_sess_95b8d704-4ada-46c4-8beb-7a7bc85ad2c1,1,1,0,1,4,122692.0,0.029341766374335734,122692.0,122692.0,1.0,106762.0,1,0,0,-1.0,1,36787.0,1,0,608.19,608.19,608.19,0.0,0.0,0,0.0,1,0,legitimate,n/a,0f479c3c-ad32-41a6-8f05-654c85adac8a,-0.47004742962840557
legit_sess_68f44167-772d-40b2-9db9-12eeb876e45b,0,1,0,0,2,54760.0,0.0,54760.0,54760.0,0.0,-1.0,1,0,0,-1.0,0,-1.0,0,0,0.0,0.0,0.0,0.0,0.0,0,0.0,0,0,legitimate,n/a,180ecb0d-fb51-4504-8f00-61ca5498c004,0.0
legit_sess_b299ffbc-cd48-4acd-8005-8a92381cffa9,2,1,0,0,4,103667.0,0.06945315288375278,1538.0,1538.0,2.0,1235.0,1,0,0,-1.0,0,-1.0,2,0,3544.28,4361.27,2727.29,816.9900000000002,0.23050944056338668,1,-1.0,1,0,legitimate,n/a,e4ea4f55-5e06-4b6b-80f4-a9f67b415e88,0.0
legit_sess_2ff51d17-a7a4-4baf-b375-c46f2dc66584,0,1,0,1,3,19556.0,0.0,19556.0,19556.0,0.0,-1.0,1,0,0,-1.0,0,-1.0,0,0,0.0,0.0,0.0,0.0,0.0,0,0.0,0,0,legitimate,n/a,2f17450c-d7be-46d5-a3e8-b213cc83d0bb,0.0
legit_sess_5b5e1546-a0c3-446f-9eda-4cff67291d53,4,1,2,0,8,183580.0,0.07843991720230961,21410.666666666668,19519.0,4.0,2454.0,1,0,1,17402.0,0,-1.0,4,0,2061.09,2663.06,1480.8,533.4788747926201,0.2588333720471304,1,1.0,1,0,legitimate,n/a,712658db-9696-44f3-af36-573bdd77dfc9,0.0
legit_sess_85acb462-9d3e-43c9-b71e-89bbcf523c64,4,1,0,0,5,90082.0,0.15985435492107192,16240.666666666666,9130.0,4.0,41360.0,1,0,0,-1.0,0,-1.0,4,0,1320.08,1530.99,1009.3,191.56365874037803,0.14511518903428433,1,1.0,1,0,legitimate,n/a,baae02fa-5024-4839-82df-5d0129389076,0.0
legit_sess_b06cf33b-7f3d-4fd0-a712-4395854eefa3,0,1,0,0,2,124428.0,0.0,124428.0,124428.0,0.0,-1.0,1,0,0,-1.0,0,-1.0,0,0,0.0,0.0,0.0,0.0,0.0,0,0.0,0,0,legitimate,n/a,7ae85484-eb7f-4414-b6de-2fbe80915aaf,0.0
legit_sess_68ea1cba-9274-498f-8b6e-bdbf28f14796,5,1,0,0,7,27931.0,0.6444452400558519,1446.0,1087.0,5.0,1206.0,1,0,0,-1.0,0,-1.0,5,0,3113.204,3373.17,2501.93,314.803230326501,0.10111872859166987,1,-1.0,1,0,legitimate,n/a,ec56c1f5-548c-4c84-8231-bd091f8803be,0.0
legit_sess_3ee44767-b013-4a89-b23f-f13d10c9de33,3,1,0,0,4,86495.0,0.12486270882709984,7729.5,1768.0,3.0,71036.0,1,0,0,-1.0,0,-1.0,3,0,2628.983333333333,3870.85,1752.1,902.6571943742296,0.34334838982403704,1,1.0,1,0,legitimate,n/a,812a1df2-40d2-466b-8e89-9f6dd021bf8b,0.0
legit_sess_b4159d15-a942-442e-a0e4-4958ea72ff76,4,1,0,0,6,71427.0,0.20160443529757655,3967.3333333333335,1270.0,4.0,57872.0,1,0,0,-1.0,0,-1.0,4,0,3220.7250000000004,3575.19,2890.35,297.62853765222184,0.09241041618027673,1,1.0,1,0,legitimate,n/a,e1bcb3e5-de1e-40d6-aaad-976839ed92cc,0.0
legit_sess_1fb95dcd-8f81-4c89-9970-5fcbc0b30e3d,4,1,0,0,5,164431.0,0.08757472739325309,50145.0,36065.0,4.0,13996.0,1,0,0,-1.0,0,-1.0,4,0,3281.0499999999997,3792.46,2741.3,386.95225952305793,0.11793549611345697,1,-1.0,1,0,legitimate,n/a,28f277d3-35b1-45eb-a6b5-66295b607b8e,0.0
legit_sess_3b3a0512-9239-4545-abfb-bcd7823be9a1,3,1,0,0,4,64288.0,0.1679940268790443,18389.0,16859.0,3.0,27510.0,1,0,0,-1.0,0,-1.0,3,0,344.13000000000005,480.56,210.52,110.26140061992078,0.3204062436286309,1,-1.0,1,0,legitimate,n/a,0b38f7f0-ba40-4894-988c-d752b4404cb5,0.0
legit_sess_b7a92117-6a34-4f93-93b6-2ea4aa53a661,0,1,0,0,2,79.0,0.0,79.0,79.0,0.0,-1.0,1,0,0,-1.0,0,-1.0,0,0,0.0,0.0,0.0,0.0,0.0,0,0.0,0,0,legitimate,n/a,8a6243fd-75b0-4b15-a28d-a935caaa8e50,0.0
legit_sess_25d10dc1-ae09-480b-b137-e9c349ff59d6,0,1,0,0,2,896.0,0.0,896.0,896.0,0.0,-1.0,1,0,0,-1.0,0,-1.0,0,0,0.0,0.0,0.0,0.0,0.0,0,0.0,0,0,legitimate,n/a,c9b26ff0-2c58-4c6b-a804-bf2ab43f02b6,0.0
legit_sess_a3e92091-4254-460d-86e2-66cfefbdc0fc,0,1,0,0,2,4589.0,0.0,4589.0,4589.0,0.0,-1.0,1,0,0,-1.0,0,-1.0,0,0,0.0,0.0,0.0,0.0,0.0,0,0.0,0,0,legitimate,n/a,825d4b24-5fe8-4328-88c1-46f0c5d1fd2f,0.0
legit_sess_1432852a-093c-4be9-b58d-4bd07eba4bb2,2,1,0,0,3,115627.0,0.06226919318152334,33476.0,33476.0,2.0,82151.0,1,0,0,-1.0,0,-1.0,2,0,405.03499999999997,476.06,334.01,71.025,0.1753552162158826,0,1.0,1,0,legitimate,n/a,6406f458-327b-4da3-a4fc-86215d20c6a6,0.0
legit_sess_b9e4f1f1-b58e-43f5-ba6f-e1e272501aed,9,1,0,0,10,185361.0,0.1747940505284283,22321.25,137.0,9.0,6791.0,1,0,0,-1.0,0,-1.0,9,0,3584.94,5148.89,2435.67,748.1507409903733,0.20869268132531457,1,-1.0,1,0,legitimate,n/a,b9cbf014-c844-404a-b258-60d34690a084,0.0
legit_sess_c9fdfdb1-e2a9-4a17-88c4-87fd55b111f7,1,1,0,0,3,118211.0,0.030454018661545876,118211.0,118211.0,1.0,96084.0,1,0,0,-1.0,0,-1.0,1,0,1844.59,1844.59,1844.59,0.0,0.0,0,0.0,1,0,legitimate,n/a,d20aa558-cb20-4bec-8e7d-6ed937c5b30a,0.0
legit_sess_d06795fc-379c-4490-a611-3c246934908c,5,1,0,0,7,133524.0,0.13480722566729575,24294.25,285.0,5.0,981.0,1,0,0,-1.0,0,-1.0,5,0,2489.736,3246.21,1427.79,601.2301068509461,0.24148347730480102,1,-1.0,1,0,legitimate,n/a,0c0d2572-1fbc-42f9-ba7f-e5d0502c13dd,0.0
legit_sess_5aefae59-b503-4df0-aaf5-43607be80899,3,1,0,1,5,55609.0,0.19421316693341006,20681.5,11118.0,3.0,14246.0,1,0,0,-1.0,1,10702.0,3,0,391.4433333333333,444.39,337.58,43.60981719241157,0.11140774022398704,1,1.0,1,0,legitimate,n/a,c560803c-c53a-4252-8071-6f2d542635b5,-0.41921438172768866
legit_sess_baefe204-1c3c-4867-95e9-be7e75cb91eb,2,1,0,0,4,15004.0,0.47987203412423357,1575.0,1575.0,2.0,1027.0,1,0,0,-1.0,0,-1.0,2,0,3382.885,4069.42,2696.35,686.5350000000001,0.20294364130025114,1,-1.0,1,0,legitimate,n/a,c9b26ff0-2c58-4c6b-a804-bf2ab43f02b6,0.0
legit_sess_1d02c207-0718-4570-9767-c803e0161ce8,0,1,0,0,2,1474.0,0.0,1474.0,1474.0,0.0,-1.0,1,0,0,-1.0,0,-1.0,0,0,0.0,0.0,0.0,0.0,0.0,0,0.0,0,0,legitimate,n/a,7cf0b2c5-055d-4af0-8a8a-a1471d1353f7,0.0
legit_sess_665754fa-caf7-44f0-a3c7-a8f5c7cb5030,0,1,0,0,2,11827.0,0.0,11827.0,11827.0,0.0,-1.0,1,0,0,-1.0,0,-1.0,0,0,0.0,0.0,0.0,0.0,0.0,0,0.0,0,0,legitimate,n/a,a4bad160-4172-42d3-b4e2-d988b12d7075,0.0
legit_sess_2f8ede2f-5df3-4d87-ae04-c48592c35e83,1,1,0,0,3,53338.0,0.06749409426675167,53338.0,53338.0,1.0,22056.0,1,0,0,-1.0,0,-1.0,1,0,2154.29,2154.29,2154.29,0.0,0.0,0,0.0,1,0,legitimate,n/a,731bbc41-64b0-4b14-af21-7e720f650638,0.0
legit_sess_11a25f9d-a046-4336-b62a-f77ffa9afdfc,4,1,0,0,6,157911.0,0.09119060736744115,30481.0,11819.0,4.0,1146.0,1,0,0,-1.0,0,-1.0,4,0,2419.0750000000003,3281.17,1506.03,662.4971671826228,0.27386383935290254,1,-1.0,1,0,legitimate,n/a,7cf0b2c5-055d-4af0-8a8a-a1471d1353f7,0.0
legit_sess_c9424a08-f527-4d57-be22-b01154c0c359,0,1,0,0,2,1266.0,0.0,1266.0,1266.0,0.0,-1.0,1,0,0,-1.0,0,-1.0,0,0,0.0,0.0,0.0,0.0,0.0,0,0.0,0,0,legitimate,n/a,56be6d2a-09b1-41fb-97ff-c8cd4105d9f9,0.0
legit_sess_cedbe753-8233-46c6-8836-3ffa1c7fba01,3,1,0,0,5,119633.0,0.09027609438867203,6336.5,1801.0,3.0,105680.0,1,0,0,-1.0,0,-1.0,3,0,4593.259999999999,4962.57,4007.55,418.8376933849195,0.0911852787312104,1,1.0,1,0,legitimate,n/a,9f48dca8-87bc-4060-b20e-47760f16649d,0.0
legit_sess_94e6fa76-86e3-48b9-ba40-a9924a1303c9,12,1,0,1,14,167466.0,0.25796281036150626,15132.545454545454,1056.0,12.0,1008.0,1,0,0,-1.0,1,6097.0,12,0,2382.379166666666,3339.86,1254.26,486.668687121234,0.20427843473890103,1,-1.0,1,0,legitimate,n/a,825d4b24-5fe8-4328-88c1-46f0c5d1fd2f,-0.35958248165046
legit_sess_771d3a02-32ad-43ed-9a4f-59aa947462d3,1,1,0,0,3,3390.0,1.0619469026548674,3390.0,3390.0,1.0,1919.0,1,0,0,-1.0,0,-1.0,1,0,1390.8,1390.8,1390.8,0.0,0.0,0,0.0,1,0,legitimate,n/a,1f320f47-898b-44c2-9073-1be85dfbf1d1,0.0
legit_sess_ab167ad1-3062-4423-884d-f6f9f3ff0679,3,1,0,1,5,125579.0,0.0860016404016595,29236.0,1673.0,3.0,34126.0,1,0,0,-1.0,0,-1.0,3,0,82.75666666666667,101.29,50.38,22.973686880622555,0.2776052710430888,1,-1.0,1,0,legitimate,n/a,e79a262b-e8db-476b-8d33-f36c7b564757,0.0
legit_sess_c4ede01f-3fb6-4c35-acac-d1d2c5c4d3e9,2,1,0,0,4,27147.0,0.26522267653884407,5768.0,5768.0,2.0,6110.0,1,0,0,-1.0,0,-1.0,2,0,3037.04,3459.94,2614.14,422.9000000000001,0.13924742512446334,1,-1.0,1,0,legitimate,n/a,56be6d2a-09b1-41fb-97ff-c8cd4105d9f9,0.0
legit_sess_e7aa6cd9-5a13-4e77-950c-35dbe2779df7,1,1,0,0,3,33352.0,0.10793955384984408,33352.0,33352.0,1.0,1859.0,1,0,0,-1.0,0,-1.0,1,0,3649.97,3649.97,3649.97,0.0,0.0,0,0.0,1,0,legitimate,n/a,2a938e3a-f1cd-4229-b4b1-37a5dfcb50c4,0.0
legit_sess_b05a6ad6-b867-4a70-89ae-5a9058a8d0b7,0,1,0,0,2,54317.0,0.0,54317.0,54317.0,0.0,-1.0,1,0,0,-1.0,0,-1.0,0,0,0.0,0.0,0.0,0.0,0.0,0,0.0,0,0,legitimate,n/a,ea1f82b1-831d-45ed-9dbd-8b9f23140856,0.0
legit_sess_68849b31-5cdd-4dbd-87ea-d6c012dae8c6,0,1,0,0,2,34398.0,0.0,34398.0,34398.0,0.0,-1.0,1,0,0,-1.0,0,-1.0,0,0,0.0,0.0,0.0,0.0,0.0,0,0.0,0,0,legitimate,n/a,6335877c-e0aa-4f44-b871-3c7735a2e760,0.0
legit_sess_b59f7368-ce2e-40cf-a8d1-a1213fabb170,1,1,0,0,3,174985.0,0.020573191987884674,174985.0,174985.0,1.0,143369.0,1,0,0,-1.0,0,-1.0,1,0,1150.17,1150.17,1150.17,0.0,0.0,0,0.0,1,0,legitimate,n/a,b4e413e2-41ae-4329-b7df-e1879aa87127,0.0
legit_sess_94a64bfa-ba25-4e31-a6d6-3e3757047fba,3,1,0,0,5,175402.0,0.06157284409527827,85048.5,2433.0,3.0,2500.0,1,0,0,-1.0,0,-1.0,3,0,1215.9533333333331,1292.28,1065.24,106.57336294257061,0.08764593181419021,1,1.0,1,0,legitimate,n/a,1f320f47-898b-44c2-9073-1be85dfbf1d1,0.0
legit_sess_b1d5efe8-892a-4c57-a3cf-b99d89b12616,6,1,0,1,9,109852.0,0.19662819065651968,13758.0,3391.0,6.0,26151.0,1,0,0,-1.0,1,1949.0,6,0,1237.5433333333333,1648.31,976.46,229.1864900517092,0.18519471914926283,1,-1.0,1,0,legitimate,n/a,77ee337c-43ea-49c6-ba33-97c91544ba7a,-1.198032245261113
legit_sess_8e99f7f2-e039-4fb8-9bee-4fcbb567b22a,0,1,0,0,2,9326.0,0.0,9326.0,9326.0,0.0,-1.0,1,0,0,-1.0,0,-1.0,0,0,0.0,0.0,0.0,0.0,0.0,0,0.0,0,0,legitimate,n/a,e6a9e369-581f-41b0-a98f-feeba2d9206e,0.0
legit_sess_f03ba3e5-a2d9-406d-b3c5-04754a260ae3,3,1,0,0,4,117998.0,0.09152697503347515,37856.5,29025.0,3.0,42285.0,1,0,0,-1.0,0,-1.0,3,0,1156.4733333333334,1348.62,1028.13,138.39944372078304,0.11967370083828108,1,-1.0,1,0,legitimate,n/a,931335ee-9c6b-47e2-ac7d-a744684ae995,0.0
legit_sess_88171f7f-d655-4acb-a041-d3a62f8ab038,8,1,0,0,9,152189.0,0.18923838122334727,21456.285714285714,2545.0,8.0,1995.0,1,0,0,-1.0,0,-1.0,8,0,3407.7425000000003,4548.1,2682.01,572.6054412016621,0.16803072450505344,1,-1.0,1,0,legitimate,n/a,aa069dd3-e42a-40ad-88ad-4972d1cee715,0.0
legit_sess_92bf96fb-5626-4c93-9cd1-ef665007f833,6,1,0,1,8,184224.0,0.11724856696195936,36095.2,487.0,6.0,3748.0,1,0,0,-1.0,1,2562.0,6,0,882.8633333333333,1122.98,586.18,173.75793264065837,0.19681181229332403,1,-1.0,1,0,legitimate,n/a,eee9b19c-e87a-4afd-9333-737d7e1c6389,-1.6662561312410182
legit_sess_e3a2e0e0-6817-4457-87a8-78f27f5e2705,1,1,0,0,3,27685.0,0.13003431461080006,27685.0,27685.0,1.0,21407.0,1,0,0,-1.0,0,-1.0,1,0,1520.61,1520.61,1520.61,0.0,0.0,0,0.0,1,0,legitimate,n/a,8ab28729-4db8-4edd-ae3c-a58b224065ed,0.0
legit_sess_6f80382b-886a-4929-b884-6de76bedf9d7,1,1,0,0,3,103534.0,0.034771186276971816,103534.0,103534.0,1.0,58420.0,1,0,0,-1.0,0,-1.0,1,0,703.61,703.61,703.61,0.0,0.0,0,0.0,1,0,legitimate,n/a,0f8044a8-02eb-4c86-882f-1a43b79b14f3,0.0
legit_sess_59d41a46-b70f-4390-aea1-63497545f236,1,1,0,0,3,2890.0,1.245674740484429,2890.0,2890.0,1.0,1177.0,1,0,0,-1.0,0,-1.0,1,0,2097.93,2097.93,2097.93,0.0,0.0,0,0.0,1,0,legitimate,n/a,c4da54f5-f760-4227-9798-ae4eb473fc48,0.0
legit_sess_0a6c3a62-5740-4c2b-8adb-e99233b8c11e,4,1,0,0,5,164784.0,0.08738712496358869,21624.333333333332,3490.0,4.0,99911.0,1,0,0,-1.0,0,-1.0,4,0,958.0825000000001,1058.8,784.9,109.4624849834408,0.11425162758263593,1,-1.0,1,0,legitimate,n/a,75dfd5d4-d949-4622-b06c-f1221e0c3a55,0.0
legit_sess_d1b4239c-6021-410d-9979-324cfe090445,6,1,0,0,7,139251.0,0.15511558265290734,27136.4,3053.0,6.0,3569.0,1,0,0,-1.0,0,-1.0,6,0,4250.623333333334,5448.72,2746.19,814.5604070635618,0.1916331660525621,1,1.0,1,0,legitimate,n/a,140093f7-873f-4224-9da1-8d804211bae7,0.0
legit_sess_ba3cfc4e-cb18-41c5-a7fd-80fcaa68c677,2,1,0,0,3,122276.0,0.05888318230887501,16704.0,16704.0,2.0,105572.0,1,0,0,-1.0,0,-1.0,2,0,1581.705,1591.26,1572.15,9.55499999999995,0.006040949481730127,0,1.0,1,0,legitimate,n/a,090a5b58-52d4-4eef-92c9-7906909f4e3a,0.0
legit_sess_75708f99-21a1-4ffe-af08-08bb6c60bd03,1,1,0,1,3,248599.0,0.014481152377925898,248599.0,248599.0,1.0,145595.0,1,0,0,-1.0,1,248599.0,1,0,1283.89,1283.89,1283.89,0.0,0.0,0,0.0,1,0,legitimate,n/a,6a091d11-1719-479c-a5ad-3197aec9fc6c,1.1531201735181595
legit_sess_cac00227-99ca-4b5b-b5c4-b78dba819953,4,1,0,0,6,25524.0,0.5641748942172073,4327.666666666667,567.0,4.0,1548.0,1,0,0,-1.0,0,-1.0,4,0,1632.2649999999999,1823.17,1386.76,157.90717882667656,0.09674114119133631,1,1.0,1,0,legitimate,n/a,c4da54f5-f760-4227-9798-ae4eb473fc48,0.0
legit_sess_167124b8-ad06-45ef-ae86-0aca8e141fae,1,1,0,0,3,26339.0,0.13667944872622348,26339.0,26339.0,1.0,1511.0,1,0,0,-1.0,0,-1.0,1,0,468.87,468.87,468.87,0.0,0.0,0,0.0,1,0,legitimate,n/a,a7eac1c8-1c4a-4f30-acf3-3142833955bc,0.0
legit_sess_598666fb-9ecb-4994-a95a-fef7dbfd2e08,5,1,0,0,7,112135.0,0.16052080082043965,4708.75,478.0,5.0,91833.0,1,0,0,-1.0,0,-1.0,5,0,3071.8219999999997,3515.73,2295.57,494.54204510435704,0.160993067015067,1,-1.0,1,0,legitimate,n/a,3abbc1d7-5481-4010-b8e5-b00c035cee89,0.0
legit_sess_99d537fa-f618-43fe-a971-88ef2deaa286,0,1,0,0,2,1249.0,0.0,1249.0,1249.0,0.0,-1.0,1,0,0,-1.0,0,-1.0,0,0,0.0,0.0,0.0,0.0,0.0,0,0.0,0,0,legitimate,n/a,9235da42-500e-4010-b6e3-6f35a17296e1,0.0
legit_sess_ad4fdad1-9807-4bb1-830b-9ca567464611,2,1,0,0,3,161275.0,0.04464424120291428,64244.0,64244.0,2.0,97031.0,1,0,0,-1.0,0,-1.0,2,0,2018.71,2159.91,1877.51,141.19999999999993,0.06994565836598617,1,-1.0,1,0,legitimate,n/a,472ba67f-6b81-4704-ae5f-df9ae04988a8,0.0
legit_sess_7c280d64-9d05-4b31-82c0-2a95823b5db5,1,1,0,0,3,42985.0,0.08375014539955798,42985.0,42985.0,1.0,4858.0,1,0,0,-1.0,0,-1.0,1,0,2807.56,2807.56,2807.56,0.0,0.0,0,0.0,1,0,legitimate,n/a,95d85675-9f64-48ef-a43d-79f136436924,0.0
legit_sess_69f335bf-7fa9-4b34-a794-df3d1c7ca1b8,6,1,0,0,8,166344.0,0.12985139229548406,28807.6,1224.0,6.0,6901.0,1,0,0,-1.0,0,-1.0,6,0,1915.7316666666666,2274.11,1521.33,249.13823990017184,0.1300486097479754,1,-1.0,1,0,legitimate,n/a,2a1968d9-3767-4f8c-b464-294ac28f29f5,0.0
legit_sess_35943012-bcc9-4c39-a482-2c07e45f8c3f,11,1,1,0,13,165336.0,0.23951226593119465,14235.6,1170.0,11.0,22980.0,1,0,1,40708.0,0,-1.0,11,0,2221.7400000000002,2943.03,1268.06,440.6234428831288,0.1983235855154648,1,1.0,1,0,legitimate,n/a,450f002a-c83b-4269-aa5c-6817df0c92b9,0.0
legit_sess_a86e0343-dd04-49e3-a53b-1e7a2aad81f1,4,1,0,0,5,167443.0,0.08599941472620533,55258.333333333336,1308.0,4.0,1668.0,1,0,0,-1.0,0,-1.0,4,0,970.2975000000001,1145.95,715.47,167.2261494765397,0.17234523378297859,1,1.0,1,0,legitimate,n/a,2212fb12-71ed-4d83-b107-c9ef83f00b76,0.0
legit_sess_5f2cf87b-8a0d-4e75-a71b-e7807398800c,3,1,0,0,5,93006.0,0.11612154054577124,9826.5,3916.0,3.0,62904.0,1,0,0,-1.0,0,-1.0,3,0,1756.3366666666668,1880.65,1646.06,96.28391362123911,0.054820875432712655,1,1.0,1,0,legitimate,n/a,dac6fed5-cb6f-480a-bdf5-2ff5bfd15dd4,0.0
legit_sess_51f8c136-1e3b-4901-a88a-33adc0391f4f,9,1,0,0,10,163701.0,0.1979218208807521,20205.0,1376.0,9.0,2061.0,1,0,0,-1.0,0,-1.0,9,0,1675.1633333333334,2007.57,1183.23,262.61601918644135,0.15677039603288914,1,-1.0,1,0,legitimate,n/a,9235da42-500e-4010-b6e3-6f35a17296e1,0.0
legit_sess_75593b14-a3e0-4563-a65a-b8a83a2995da,2,1,0,0,4,105094.0,0.0685100957238282,35118.0,35118.0,2.0,13452.0,1,0,0,-1.0,0,-1.0,2,0,686.985,749.19,624.78,62.20500000000004,0.09054782855520868,1,-1.0,1,0,legitimate,n/a,23079f9c-af8a-48d3-a0a0-0f5e78f607dc,0.0
legit_sess_be1a14b6-cdc2-4a31-824a-34cab30c4e25,1,1,0,0,3,9603.0,0.37488284910965325,9603.0,9603.0,1.0,1746.0,1,0,0,-1.0,0,-1.0,1,0,2346.58,2346.58,2346.58,0.0,0.0,0,0.0,1,0,legitimate,n/a,e6a9e369-581f-41b0-a98f-feeba2d9206e,0.0
legit_sess_915aa1f6-dd9f-4b30-9ed2-93931be4c846,2,1,0,0,3,122341.0,0.05885189756500274,78481.0,78481.0,2.0,43860.0,1,0,0,-1.0,0,-1.0,2,0,1362.185,1579.97,1144.4,217.78499999999997,0.15987916472432157,0,1.0,1,0,legitimate,n/a,cc858ee3-b8c7-40cd-8e31-175200b09f63,0.0
legit_sess_13f09b90-1232-4b4e-98ea-997a9adfb56b,0,1,0,0,2,26932.0,0.0,26932.0,26932.0,0.0,-1.0,1,0,0,-1.0,0,-1.0,0,0,0.0,0.0,0.0,0.0,0.0,0,0.0,0,0,legitimate,n/a,efadd5f7-92bd-4be0-9e70-e5f2c48489f5,0.0
legit_sess_ce282780-8e21-44d8-9a00-3979a947cd0a,1,1,0,1,4,92792.0,0.03879644796965256,92792.0,92792.0,1.0,18255.0,1,0,0,-1.0,1,14945.0,1,0,2805.63,2805.63,2805.63,0.0,0.0,0,0.0,1,0,legitimate,n/a,3f0121f3-e35c-48a0-b9f4-886c6db63aed,-0.48798962042926614
legit_sess_5cc7e67b-b712-4f61-a6aa-c459e657578f,2,1,0,1,5,229655.0,0.03135137488841959,65746.0,65746.0,2.0,10975.0,1,0,0,-1.0,1,64179.0,2,0,2743.5550000000003,3326.78,2160.33,583.2250000000001,0.21258002846671567,1,-1.0,1,0,legitimate,n/a,a30eda12-616e-450d-a861-b69b6ef7c338,0.5805292578894473
legit_sess_c0258a22-7d75-4ea4-8b0f-0e2805cccf71,0,1,0,0,2,93144.0,0.0,93144.0,93144.0,0.0,-1.0,1,0,0,-1.0,0,-1.0,0,0,0.0,0.0,0.0,0.0,0.0,0,0.0,0,0,legitimate,n/a,e9194eb3-4274-4fcd-a7ca-2e5f829da890,0.0
legit_sess_b83df5d8-7e54-4909-a534-a99b3fc38551,6,1,0,1,8,175716.0,0.12292562999385372,24577.0,2315.0,6.0,52831.0,1,0,0,-1.0,1,2419.0,6,0,4263.901666666667,6302.85,2498.39,1177.7792669315797,0.2762210198558159,1,-1.0,1,0,legitimate,n/a,a4bad160-4172-42d3-b4e2-d988b12d7075,-0.8109973958287918
legit_sess_7fe6cec5-7139-4d65-8009-84d56cda3769,0,1,0,0,2,1469.0,0.0,1469.0,1469.0,0.0,-1.0,1,0,0,-1.0,0,-1.0,0,0,0.0,0.0,0.0,0.0,0.0,0,0.0,0,0,legitimate,n/a,90336fa3-0c02-4c04-b6de-2b7bd6ef1cff,0.0
legit_sess_df45dcaf-9b7b-4b5c-8d77-3232473cf414,8,1,0,0,10,146318.0,0.19683155865990515,15312.42857142857,268.0,8.0,19.0,1,0,0,-1.0,0,-1.0,8,0,1768.2262500000002,2288.07,1149.56,383.42427537707823,0.21684118498810784,1,1.0,1,0,legitimate,n/a,8a6243fd-75b0-4b15-a28d-a935caaa8e50,0.0
legit_sess_cca74606-eb86-4ad6-8acb-e359157ed3cc,0,1,0,0,2,259.0,0.0,259.0,259.0,0.0,-1.0,1,0,0,-1.0,0,-1.0,0,0,0.0,0.0,0.0,0.0,0.0,0,0.0,0,0,legitimate,n/a,2f17450c-d7be-46d5-a3e8-b213cc83d0bb,0.0
legit_sess_44ee01f1-28e7-470e-94bc-55b9894aaf61,3,1,0,0,4,107233.0,0.10071526489047215,52903.5,31686.0,3.0,1426.0,1,0,0,-1.0,0,-1.0,3,0,1203.3033333333333,1384.86,994.34,160.60263931690395,0.13346812467643565,0,1.0,1,0,legitimate,n/a,491070b6-bb4d-4a06-a9f7-7df62c46d38e,0.0
legit_sess_c0549b26-e681-419f-ac95-ac67159fa6a7,3,1,0,0,5,61538.0,0.17550131625987198,15379.0,1555.0,3.0,1410.0,1,0,0,-1.0,0,-1.0,3,0,5183.8533333333335,5615.5,4510.49,482.4119852251693,0.0930605004048152,1,-1.0,1,0,legitimate,n/a,90336fa3-0c02-4c04-b6de-2b7bd6ef1cff,0.0
legit_sess_b05b0f39-0dca-4482-8817-dfac1780ab54,1,1,0,0,3,2600.0,1.3846153846153846,2600.0,2600.0,1.0,1327.0,1,0,0,-1.0,0,-1.0,1,0,2135.76,2135.76,2135.76,0.0,0.0,0,0.0,1,0,legitimate,n/a,aa669f2c-0abf-4334-a4c0-ab39846a324a,0.0
legit_sess_9f6473df-fc07-48e2-acde-df03e8e0e354,7,1,0,0,8,152896.0,0.16481791544579322,15964.0,1596.0,7.0,57112.0,1,0,0,-1.0,0,-1.0,7,0,2853.1185714285716,3715.61,2150.74,656.5504203122903,0.2301167665750225,1,-1.0,1,0,legitimate,n/a,c9b26ff0-2c58-4c6b-a804-bf2ab43f02b6,0.0
legit_sess_043a0137-d256-4187-82ae-ed6020968846,2,1,0,0,3,155518.0,0.04629689167813372,978.0,978.0,2.0,154540.0,1,0,0,-1.0,0,-1.0,2,0,3855.015,4535.11,3174.92,680.0949999999998,0.17641824999383915,1,-1.0,1,0,legitimate,n/a,57a4c6e5-8297-4497-b879-bf39da7d30bb,0.0
legit_sess_2a8394ad-04e0-4410-947e-c907b185f11b,0,1,0,0,2,12491.0,0.0,12491.0,12491.0,0.0,-1.0,1,0,0,-1.0,0,-1.0,0,0,0.0,0.0,0.0,0.0,0.0,0,0.0,0,0,legitimate,n/a,ce9a057f-9e64-4ec3-9185-abc647156316,0.0
legit_sess_ff754b0a-fea0-4606-a76b-3b55debb38cb,0,1,0,0,2,12968.0,0.0,12968.0,12968.0,0.0,-1.0,1,0,0,-1.0,0,-1.0,0,0,0.0,0.0,0.0,0.0,0.0,0,0.0,0,0,legitimate,n/a,6442a535-467f-4b29-9393-0b68c0ac79dc,0.0
legit_sess_cbdb6936-5f02-4011-97cb-30fbcc3da1b1,1,1,0,0,2,34334.0,0.10485233296440845,34334.0,34334.0,1.0,34334.0,1,0,0,-1.0,0,-1.0,1,0,1703.11,1703.11,1703.11,0.0,0.0,0,0.0,1,0,legitimate,n/a,f424cfbc-2385-44c4-ae13-1f791a581f4c,0.0
legit_sess_612577ff-42d1-4ba6-ba3c-e068365167aa,1,1,0,0,2,137056.0,0.026266635535839366,137056.0,137056.0,1.0,137056.0,1,0,0,-1.0,0,-1.0,1,0,202.96,202.96,202.96,0.0,0.0,0,0.0,1,0,legitimate,n/a,5dc18bce-3445-4d5b-a23b-e9e796ceb525,0.0
legit_sess_e28776dd-e0b6-4c32-b4ae-9457d060b5c2,6,1,0,0,7,165197.0,0.1307529797756618,32235.0,5268.0,6.0,4022.0,1,0,0,-1.0,0,-1.0,6,0,2163.1433333333334,2456.26,1847.43,214.84441484220363,0.09932047106242164,1,-1.0,1,0,legitimate,n/a,be0ed811-f2c4-4d4f-9a6f-c85f82fbaf2a,0.0
legit_sess_c3b8ee88-664e-4f5b-bbe6-53e1af60add9,1,1,0,0,3,166158.0,0.02166612501354133,166158.0,166158.0,1.0,151459.0,1,0,0,-1.0,0,-1.0,1,0,3944.03,3944.03,3944.03,0.0,0.0,0,0.0,1,0,legitimate,n/a,ec56c1f5-548c-4c84-8231-bd091f8803be,0.0
legit_sess_f39470cd-2a4c-4906-8a99-5613a2166592,5,1,0,1,8,140644.0,0.1279827081141037,3679.75,1036.0,5.0,124882.0,1,0,0,-1.0,1,67455.0,5,0,4330.562,5356.84,2879.32,879.2970288906929,0.20304455377632116,1,1.0,1,0,legitimate,n/a,87af8a1d-d2aa-4199-bb1a-6021769c6ab1,1.0231111572791252
legit_sess_7e25dce0-c43d-4e64-a569-e9e95803bc44,3,1,0,0,4,38367.0,0.28149190710767064,17815.0,3828.0,3.0,2737.0,1,0,0,-1.0,0,-1.0,3,0,1161.4566666666667,1492.64,906.62,245.25696759838564,0.21116325269565428,1,-1.0,1,0,legitimate,n/a,260fb292-6ce5-4a66-abda-aebf84ed8bd2,0.0
legit_sess_337e9aa6-314a-4c9f-a7b0-f17775951916,1,1,0,0,3,33653.0,0.10697411820640061,33653.0,33653.0,1.0,28542.0,1,0,0,-1.0,0,-1.0,1,0,2429.65,2429.65,2429.65,0.0,0.0,0,0.0,1,0,legitimate,n/a,53fb51b9-a78c-431e-a4fd-960e2edd27f7,0.0
legit_sess_ad7e7e55-c44e-4f22-adfb-d1d6db421034,5,1,0,0,7,58770.0,0.3062787136294028,6655.5,1219.0,5.0,29127.0,1,0,0,-1.0,0,-1.0,5,0,2368.3300000000004,2964.13,2126.53,303.63222576004677,0.1282052018764474,1,1.0,1,0,legitimate,n/a,e6a9e369-581f-41b0-a98f-feeba2d9206e,0.0
legit_sess_02314d9d-b93b-4cc7-bd2d-4a6353ff1e6a,5,1,0,1,8,105219.0,0.17107176460525192,21001.75,1067.0,5.0,19121.0,1,0,0,-1.0,1,1332.0,5,0,2372.6620000000003,2838.73,2026.41,342.27179389485195,0.14425644861967357,1,1.0,1,0,legitimate,n/a,aa669f2c-0abf-4334-a4c0-ab39846a324a,-0.9242491425879945
legit_sess_5a14e17e-9893-4aaf-909e-12159fbb8826,1,1,0,0,3,6079.0,0.5922026649119921,6079.0,6079.0,1.0,2958.0,1,0,0,-1.0,0,-1.0,1,0,1174.08,1174.08,1174.08,0.0,0.0,0,0.0,1,0,legitimate,n/a,7711b757-3b16-4943-b1a5-9c4ad1ebd086,0.0
legit_sess_e6e1a11f-0b23-4364-a89e-bbaf893085f8,7,1,0,1,10,140706.0,0.17909684022003325,16494.0,3330.0,7.0,14910.0,1,0,0,-1.0,1,3983.0,7,0,616.1971428571429,853.84,440.43,140.20852263827675,0.22753841731262656,1,-1.0,1,0,legitimate,n/a,e5e9b368-249f-479d-8dc2-d18968f3f465,-1.131695150833836
legit_sess_5c8d2fc3-a481-49fe-a984-9da186b040cd,4,1,0,1,6,197037.0,0.07308272050427077,38605.333333333336,9491.0,4.0,32493.0,1,0,0,-1.0,1,81221.0,4,0,1158.64,1271.48,1031.33,90.69273703004009,0.07827516487437003,1,-1.0,1,0,legitimate,n/a,1d32c668-b8b3-466b-92c7-ab7d0455833b,2.2396682029928754
legit_sess_483a0df3-1c40-45a2-baa8-c53bb6bc3a05,2,1,0,0,3,91270.0,0.07888681932727074,39052.0,39052.0,2.0,52218.0,1,0,0,-1.0,0,-1.0,2,0,452.06,474.05,430.07,21.99000000000001,0.04864398531168431,1,-1.0,1,0,legitimate,n/a,1e07e064-1b4b-4663-b0de-31bd35cd74cd,0.0
legit_sess_c12feaf2-2b03-4df0-af12-639f3d3370f6,2,1,0,0,3,134202.0,0.053650467206151915,125561.0,125561.0,2.0,8641.0,1,0,0,-1.0,0,-1.0,2,0,1766.985,2168.93,1365.04,401.94499999999994,0.22747504930715312,1,-1.0,1,0,legitimate,n/a,4ed25781-3a47-4e76-894b-cd53bb6f19c2,0.0
legit_sess_afcf4558-1189-40ec-8877-37bd6e51317f,1,1,0,1,4,87251.0,0.04126027208857205,87251.0,87251.0,1.0,5692.0,1,0,0,-1.0,1,40540.0,1,0,2518.22,2518.22,2518.22,0.0,0.0,0,0.0,1,0,legitimate,n/a,7c338b41-b20c-49ef-a267-f1a7cf4162dd,-0.08919590042674216
legit_sess_e2cc45e4-e4fd-42e7-97bf-92b01946bd94,2,1,0,0,4,80208.0,0.08976660682226212,41811.0,41811.0,2.0,8052.0,1,0,0,-1.0,0,-1.0,2,0,3093.54,3506.61,2680.47,413.07000000000016,0.13352663938400672,0,1.0,1,0,legitimate,n/a,b071b0da-c125-416b-9816-2c6788134e5e,0.0
legit_sess_ee1b11b1-5c00-445e-b276-1d6dbcabab1e,2,1,0,0,3,113027.0,0.06370159342457997,76875.0,76875.0,2.0,36152.0,1,0,0,-1.0,0,-1.0,2,0,303.41,304.1,302.72,0.6899999999999977,0.002274150489436728,1,-1.0,1,0,legitimate,n/a,800b60ca-2507-4f58-824d-2212978b2f30,0.0
legit_sess_fb2c7d52-69df-4dc6-9071-a0541ed4a2ba,2,1,0,0,4,109488.0,0.0657606313020605,13953.0,13953.0,2.0,93648.0,1,0,0,-1.0,0,-1.0,2,0,2192.13,2301.54,2082.72,109.41000000000008,0.04991036115558844,0,1.0,1,0,legitimate,n/a,d58eeefd-5874-46a7-ba4f-f335340f0de0,0.0
legit_sess_70db9758-995f-40d7-82a7-d2621298ceec,2,1,0,0,3,75443.0,0.09543628964913908,67521.0,67521.0,2.0,7922.0,1,0,0,-1.0,0,-1.0,2,0,1106.1,1246.19,966.01,140.09000000000003,0.1266522014284423,1,-1.0,1,0,legitimate,n/a,7711b757-3b16-4943-b1a5-9c4ad1ebd086,0.0
legit_sess_dadacca3-7250-4a6e-b411-82d6c49d9022,5,1,0,0,7,132583.0,0.13576401197740284,24216.5,10036.0,5.0,26734.0,1,0,0,-1.0,0,-1.0,5,0,4244.35,5205.95,3005.84,867.6256387405803,0.20441896609388485,1,1.0,1,0,legitimate,n/a,ee36196b-ea01-4583-99c1-4c26c647ebd1,0.0
legit_sess_2f2e300a-96e6-4aa5-b3b5-cbcaeb12c0a1,0,1,0,0,2,1406.0,0.0,1406.0,1406.0,0.0,-1.0,1,0,0,-1.0,0,-1.0,0,0,0.0,0.0,0.0,0.0,0.0,0,0.0,0,0,legitimate,n/a,44d5ad11-1eee-4285-a241-cf78caaf7ba1,0.0
legit_sess_6535c015-044d-4676-900e-ae5e67ca875d,0,1,0,0,2,1070.0,0.0,1070.0,1070.0,0.0,-1.0,1,0,0,-1.0,0,-1.0,0,0,0.0,0.0,0.0,0.0,0.0,0,0.0,0,0,legitimate,n/a,efadd5f7-92bd-4be0-9e70-e5f2c48489f5,0.0
legit_sess_57a8d40d-a74c-410b-92f7-035679df6c6b,1,1,0,0,3,3709.0,0.9706120248045295,3709.0,3709.0,1.0,1525.0,1,0,0,-1.0,0,-1.0,1,0,1843.15,1843.15,1843.15,0.0,0.0,0,0.0,1,0,legitimate,n/a,8ab28729-4db8-4edd-ae3c-a58b224065ed,0.0
legit_sess_ed707ea8-a467-433b-996e-bc4f167a2331,1,1,0,0,3,3087.0,1.1661807580174925,3087.0,3087.0,1.0,1243.0,1,0,0,-1.0,0,-1.0,1,0,2442.07,2442.07,2442.07,0.0,0.0,0,0.0,1,0,legitimate,n/a,14249ac1-c850-4a17-8c4b-7f4f58876a06,0.0
legit_sess_6deebfc2-b6c9-4d95-adcf-04bef8c9d796,0,1,0,0,2,67682.0,0.0,67682.0,67682.0,0.0,-1.0,1,0,0,-1.0,0,-1.0,0,0,0.0,0.0,0.0,0.0,0.0,0,0.0,0,0,legitimate,n/a,c4da54f5-f760-4227-9798-ae4eb473fc48,0.0
legit_sess_dfdd5ed3-3e0e-446b-a318-ee758e7b4e11,0,1,0,0,2,82758.0,0.0,82758.0,82758.0,0.0,-1.0,1,0,0,-1.0,0,-1.0,0,0,0.0,0.0,0.0,0.0,0.0,0,0.0,0,0,legitimate,n/a,a7eac1c8-1c4a-4f30-acf3-3142833955bc,0.0
legit_sess_6f7f785d-14e0-4c65-8159-a9f28e3bd318,5,1,0,0,7,37981.0,0.4739211711118717,7702.0,847.0,5.0,1610.0,1,0,0,-1.0,0,-1.0,5,0,2388.37,2949.11,2056.71,321.93760370605986,0.13479385677514785,1,-1.0,1,0,legitimate,n/a,6f539849-5307-4d12-9cf3-350bfc6f512c,0.0
legit_sess_6b357ad9-989e-4d91-b044-6be4ca605678,2,1,0,0,4,59650.0,0.12070410729253983,5823.0,5823.0,2.0,8009.0,1,0,0,-1.0,0,-1.0,2,0,3757.92,4236.31,3279.53,478.3900000000001,0.1273018052539703,0,1.0,1,0,legitimate,n/a,efadd5f7-92bd-4be0-9e70-e5f2c48489f5,0.0
legit_sess_da5f6815-c6d6-4b22-bf94-e8cf02e1e49b,4,1,0,0,5,69363.0,0.20760347735824577,19310.666666666668,1713.0,4.0,11431.0,1,0,0,-1.0,0,-1.0,4,0,2358.42,2779.44,1963.51,384.4545756653184,0.16301361744952908,1,-1.0,1,0,legitimate,n/a,44d5ad11-1eee-4285-a241-cf78caaf7ba1,0.0
legit_sess_7e82ee88-9134-482f-a3bc-dce753486fe7,2,1,0,0,3,128088.0,0.056211354693648116,92757.0,92757.0,2.0,35331.0,1,0,0,-1.0,0,-1.0,2,0,90.60499999999999,95.41,85.8,4.805,0.05303239335577507,0,1.0,1,0,legitimate,n/a,73b3a2cf-c6bb-4658-af87-a4293bcfecf9,0.0
legit_sess_26927c34-1d3e-4119-9bcf-ed3c61951d50,3,1,0,0,5,22798.0,0.47372576541801914,1377.0,1315.0,3.0,18579.0,1,0,0,-1.0,0,-1.0,3,0,927.3233333333333,1244.12,493.64,317.3346574552206,0.34220497430441804,1,1.0,1,0,legitimate,n/a,8682ff67-a35a-447d-b647-1bab2f8c4faf,0.0
legit_sess_9ddd2dd7-d4b0-4a6a-add7-7441a7d6c2b1,3,1,0,0,5,41853.0,0.2580460182065802,17908.5,15877.0,3.0,4155.0,1,0,0,-1.0,0,-1.0,3,0,3177.8566666666666,3318.44,2968.74,150.76501767835794,0.047442359266788185,1,-1.0,1,0,legitimate,n/a,2a938e3a-f1cd-4229-b4b1-37a5dfcb50c4,0.0
legit_sess_1b54761d-2698-4414-9627-ccdb54833b19,0,1,0,0,2,20040.0,0.0,20040.0,20040.0,0.0,-1.0,1,0,0,-1.0,0,-1.0,0,0,0.0,0.0,0.0,0.0,0.0,0,0.0,0,0,legitimate,n/a,ca496519-a00c-4807-9199-166a2815ea1b,0.0
legit_sess_fb48a442-7a12-46db-9634-237500d4708e,2,1,0,0,4,33222.0,0.2167238576846668,30533.0,30533.0,2.0,1513.0,1,0,0,-1.0,0,-1.0,2,0,1582.0700000000002,1911.18,1252.96,329.11,0.20802492936469308,0,1.0,1,0,legitimate,n/a,8ab28729-4db8-4edd-ae3c-a58b224065ed,0.0
legit_sess_a7bdd5ff-ea1c-462d-906f-e6587f56e08a,2,1,0,0,3,129563.0,0.05557142085317568,85322.0,85322.0,2.0,44241.0,1,0,0,-1.0,0,-1.0,2,0,1146.725,1276.54,1016.91,129.815,0.11320499683882361,1,-1.0,1,0,legitimate,n/a,2f17450c-d7be-46d5-a3e8-b213cc83d0bb,0.0
legit_sess_f75d7592-d194-412b-866d-4b30865e8299,3,1,0,0,4,139495.0,0.07742212982544178,54428.5,28834.0,3.0,30638.0,1,0,0,-1.0,0,-1.0,3,0,1367.9633333333331,1502.87,1225.24,113.47666260317821,0.08295300015583622,1,-1.0,1,0,legitimate,n/a,9f6c3ff2-3cd5-45a9-a907-1bcd854c2f92,0.0
legit_sess_18eaebb9-95f6-4f9f-9b5d-b8328c54aeef,1,1,0,0,3,3139.0,1.1468620579802484,3139.0,3139.0,1.0,1633.0,1,0,0,-1.0,0,-1.0,1,0,2008.48,2008.48,2008.48,0.0,0.0,0,0.0,1,0,legitimate,n/a,14249ac1-c850-4a17-8c4b-7f4f58876a06,0.0
legit_sess_6b4b4bf7-48da-46e4-bad0-ea247bbe2f2b,3,1,1,0,5,107362.0,0.10059425122482815,50549.5,33695.0,3.0,983.0,1,0,1,6263.0,0,-1.0,3,0,1687.1433333333332,1866.49,1462.62,167.9453137846431,0.09954418837244204,0,1.0,1,0,legitimate,n/a,be2717ae-dbdc-4096-bb3b-f641534f5301,0.0
legit_sess_342706c8-0668-41d2-a027-f51a638a7700,4,1,0,0,5,57755.0,0.2493290624188382,9704.0,1288.0,4.0,28643.0,1,0,0,-1.0,0,-1.0,4,0,1855.2925,2183.93,1475.09,263.1440556401569,0.14183426906547453,1,-1.0,1,0,legitimate,n/a,731bbc41-64b0-4b14-af21-7e720f650638,0.0
legit_sess_f0111346-1d6c-4c63-83f9-6cd219f8abd6,4,1,0,0,5,132518.0,0.10866448331547414,39560.666666666664,12000.0,4.0,13836.0,1,0,0,-1.0,0,-1.0,4,0,518.8425,595.38,420.81,64.26410832455392,0.12386053248250466,1,1.0,1,0,legitimate,n/a,ce9a057f-9e64-4ec3-9185-abc647156316,0.0
legit_sess_7e205d8a-00b8-4460-9088-ecc08c0919cd,4,1,0,0,5,132709.0,0.10850808912733877,36827.666666666664,11475.0,4.0,22226.0,1,0,0,-1.0,0,-1.0,4,0,3994.830000000001,4859.89,1872.54,1230.3574603138718,0.3079874388431727,1,1.0,1,0,legitimate,n/a,6335877c-e0aa-4f44-b871-3c7735a2e760,0.0
legit_sess_8e8c30fe-325c-405a-8a0c-345f290161d7,1,1,0,0,3,16941.0,0.21250221356472462,16941.0,16941.0,1.0,3198.0,1,0,0,-1.0,0,-1.0,1,0,818.38,818.38,818.38,0.0,0.0,0,0.0,1,0,legitimate,n/a,9e097fe3-d7fa-41b8-9397-1494b402b288,0.0
legit_sess_08565e52-898b-491a-b47d-602f45f29e78,1,1,0,1,3,2529.0,1.4234875444839858,2529.0,2529.0,1.0,1287.0,1,0,0,-1.0,0,-1.0,1,0,872.93,872.93,872.93,0.0,0.0,0,0.0,1,0,legitimate,n/a,ea1f82b1-831d-45ed-9dbd-8b9f23140856,0.0
legit_sess_0a7392a0-bc81-44ad-a4ef-83bb1f4480e7,1,1,0,0,3,28075.0,0.1282279608192342,28075.0,28075.0,1.0,9541.0,1,0,0,-1.0,0,-1.0,1,0,1300.66,1300.66,1300.66,0.0,0.0,0,0.0,1,0,legitimate,n/a,c52e3122-28dc-42d3-911e-add7ecb2cc25,0.0
legit_sess_f7a70987-325f-47af-bd7c-4e561eb78413,6,1,1,0,8,102606.0,0.21051400502894568,20147.0,1406.0,6.0,1871.0,1,0,1,6091.0,0,-1.0,6,0,2140.8633333333332,3269.63,1440.6,635.8940609794126,0.2970269288461879,1,1.0,1,0,legitimate,n/a,14249ac1-c850-4a17-8c4b-7f4f58876a06,0.0
legit_sess_c19c010a-4509-4f08-96bb-9dfddb62fa15,3,1,0,0,5,119126.0,0.09066030925238823,40863.0,12910.0,3.0,13406.0,1,0,0,-1.0,0,-1.0,3,0,233.44000000000003,264.81,181.65,36.89289633520253,0.1580401659321561,1,-1.0,1,0,legitimate,n/a,807350ad-5779-4ebc-9422-9e4fba90c40a,0.0
legit_sess_5168d8e7-283f-4e94-a1d9-e3f71f198494,3,1,0,0,5,8922.0,1.21049092131809,1633.5,1043.0,3.0,4389.0,1,0,0,-1.0,0,-1.0,3,0,4157.51,4982.95,3675.93,586.3759287919879,0.14104017279380876,1,-1.0,1,0,legitimate,n/a,95d85675-9f64-48ef-a43d-79f136436924,0.0
legit_sess_4331784c-1f5b-47c1-93be-21446625473e,4,1,0,0,6,16546.0,0.8703009790886015,1130.6666666666667,1072.0,4.0,1417.0,1,0,0,-1.0,0,-1.0,4,0,577.1475,603.17,559.71,17.738027476300726,0.030733958782288278,1,1.0,1,0,legitimate,n/a,bb131b3d-7fe1-447e-ac48-6af27e8fad53,0.0
legit_sess_d2ba20c5-7be9-42b2-878c-2a011d17358a,1,1,0,0,3,26095.0,0.13795746311553939,26095.0,26095.0,1.0,21409.0,1,0,0,-1.0,0,-1.0,1,0,2949.72,2949.72,2949.72,0.0,0.0,0,0.0,1,0,legitimate,n/a,b580f989-5239-44e0-8dd8-972056f813c8,0.0
legit_sess_fdd28426-08c2-4493-b32d-d9a4ff3ede8c,1,1,0,0,3,3815.0,0.9436435124508519,3815.0,3815.0,1.0,1600.0,1,0,0,-1.0,0,-1.0,1,0,1490.56,1490.56,1490.56,0.0,0.0,0,0.0,1,0,legitimate,n/a,9efd55d2-38d9-49ab-9b49-5244c92bdd5a,0.0
legit_sess_fe51838c-6a5c-4da8-a4b0-5c7362ed9984,1,1,0,0,3,25342.0,0.1420566648251914,25342.0,25342.0,1.0,20693.0,1,0,0,-1.0,0,-1.0,1,0,1741.7,1741.7,1741.7,0.0,0.0,0,0.0,1,0,legitimate,n/a,786fc8a0-23c3-469b-b38a-07e216a39bc7,0.0
legit_sess_3e764717-351b-4339-9ceb-d522d97bb903,2,1,0,0,3,96182.0,0.07485808155372108,75385.0,75385.0,2.0,20797.0,1,0,0,-1.0,0,-1.0,2,0,3582.71,3724.84,3440.58,142.1300000000001,0.039671086970477686,1,-1.0,1,0,legitimate,n/a,129915ca-30a0-419d-987c-b33502829a8f,0.0
legit_sess_c8fc5d9c-dba4-4f23-b221-9a7c62aa2b4b,3,1,0,0,5,55929.0,0.19310196856729067,15561.0,11543.0,3.0,8589.0,1,0,0,-1.0,0,-1.0,3,0,3527.3333333333335,3994.75,2678.95,600.9348887821006,0.17036521133493687,1,1.0,1,0,legitimate,n/a,e1bcb3e5-de1e-40d6-aaad-976839ed92cc,0.0
legit_sess_2cbc00eb-87a0-4203-964c-7fe400380a62,3,1,0,0,5,120879.0,0.08934554389099844,35003.0,7250.0,3.0,39632.0,1,0,0,-1.0,0,-1.0,3,0,4795.213333333333,5685.69,4097.05,662.6625969190923,0.13819251633971633,1,-1.0,1,0,legitimate,n/a,321a6ec1-7934-40b8-b48b-b0750c9c20ef,0.0
legit_sess_c09e300e-0f16-4689-8840-79dce3e06239,1,1,0,0,2,52264.0,0.06888106536047758,52264.0,52264.0,1.0,52264.0,1,0,0,-1.0,0,-1.0,1,0,1677.46,1677.46,1677.46,0.0,0.0,0,0.0,1,0,legitimate,n/a,75c8c442-ae43-4a3a-96d4-9cfac96d4cec,0.0
legit_sess_2122c044-c18f-42e3-baf3-1be4e4d31d74,0,1,1,0,3,2060.0,0.0,2060.0,2060.0,0.0,-1.0,1,0,1,-1.0,0,-1.0,0,0,0.0,0.0,0.0,0.0,0.0,0,0.0,0,0,legitimate,n/a,8d84353b-1c60-42bd-a547-20cfdfc9cb2b,0.0
legit_sess_0375bd62-938b-4648-aa85-15412eb0aef6,1,1,0,0,3,22976.0,0.15668523676880222,22976.0,22976.0,1.0,13104.0,1,0,0,-1.0,0,-1.0,1,0,1931.12,1931.12,1931.12,0.0,0.0,0,0.0,1,0,legitimate,n/a,6d4fdbf8-03f9-473e-a07c-30a826da053e,0.0
legit_sess_b229427a-4ba4-4633-9dcd-bc3c1fa921ce,2,1,0,0,4,39944.0,0.18025235329461245,8600.0,8600.0,2.0,25669.0,1,0,0,-1.0,0,-1.0,2,0,592.98,827.83,358.13,234.85000000000002,0.3960504570137273,1,-1.0,1,0,legitimate,n/a,180ecb0d-fb51-4504-8f00-61ca5498c004,0.0
legit_sess_a2c8a642-98d8-4471-acd9-7aa5805bfa6e,0,1,0,0,2,19201.0,0.0,19201.0,19201.0,0.0,-1.0,1,0,0,-1.0,0,-1.0,0,0,0.0,0.0,0.0,0.0,0.0,0,0.0,0,0,legitimate,n/a,7a4835d8-c2b7-4628-8fa1-02a15998e513,0.0
legit_sess_25830647-c206-4fbf-a0c7-630e23a7e7ee,1,1,0,0,2,43283.0,0.0831735323337107,43283.0,43283.0,1.0,43283.0,1,0,0,-1.0,0,-1.0,1,0,1999.05,1999.05,1999.05,0.0,0.0,0,0.0,1,0,legitimate,n/a,53fb51b9-a78c-431e-a4fd-960e2edd27f7,0.0
legit_sess_60aa0a79-9128-4d79-99a8-65a21ad13f71,1,1,0,0,3,14489.0,0.2484643522672372,14489.0,14489.0,1.0,4176.0,1,0,0,-1.0,0,-1.0,1,0,241.54,241.54,241.54,0.0,0.0,0,0.0,1,0,legitimate,n/a,fe304b6f-f676-49bc-a5c2-20e77f7545c0,0.0
legit_sess_6cbb5f4a-849f-4b84-b5f8-e76603a6e4f9,2,1,1,0,5,44657.0,0.16122892267729583,2024.0,2024.0,2.0,2658.0,1,0,1,40774.0,0,-1.0,2,0,1030.48,1314.82,746.14,284.34,0.27592966384597467,0,1.0,1,0,legitimate,n/a,34145e87-8c9a-4751-8ddc-f83cf0d1ab56,0.0
legit_sess_39f73a66-7a7a-4816-9aed-38be4dcedc54,5,1,0,0,7,77837.0,0.23125248917609878,11214.25,3233.0,5.0,3740.0,1,0,0,-1.0,0,-1.0,5,0,3360.636,3862.54,2750.95,397.56477251386343,0.11830045637607388,1,-1.0,1,0,legitimate,n/a,5f94cc14-2305-4aca-97d6-60d1c66516e3,0.0
legit_sess_f53e7393-e280-4fc7-9a43-1913846e836f,2,1,0,0,4,92730.0,0.07764477515367195,1586.0,1586.0,2.0,90037.0,1,0,0,-1.0,0,-1.0,2,0,2711.54,2893.5,2529.58,181.96000000000004,0.06710577752863688,1,-1.0,1,0,legitimate,n/a,8d84353b-1c60-42bd-a547-20cfdfc9cb2b,0.0
legit_sess_3f8a2bb5-9c6a-4705-8af8-b8284e4f3348,2,1,0,1,5,96314.0,0.07475548726041904,8474.0,8474.0,2.0,512.0,1,0,0,-1.0,0,-1.0,2,0,523.075,599.58,446.57,76.50500000000002,0.1462600965444726,1,-1.0,1,0,legitimate,n/a,18554f8c-848c-4bcc-96c6-7dc3d239bf0b,0.0
legit_sess_9e865efe-9171-4acd-b5f1-6938a6a2909f,2,1,0,0,4,78561.0,0.09164852789552067,17572.0,17572.0,2.0,24275.0,1,0,0,-1.0,0,-1.0,2,0,754.5550000000001,763.38,745.73,8.824999999999989,0.011695635175699569,1,-1.0,1,0,legitimate,n/a,9e097fe3-d7fa-41b8-9397-1494b402b288,0.0
legit_sess_aeca40cd-3cac-4449-8b6c-75ce08bc3976,3,1,0,0,4,95719.0,0.11283026358403243,22682.0,21128.0,3.0,50355.0,1,0,0,-1.0,0,-1.0,3,0,2628.49,2853.29,2408.24,181.71938531703222,0.06913451651595869,1,-1.0,1,0,legitimate,n/a,0c0254fb-f7ec-400f-8e5a-3a6ba2f66bee,0.0
legit_sess_39d50e13-011a-4e26-8542-7cf701997417,1,1,0,0,3,27680.0,0.13005780346820808,27680.0,27680.0,1.0,15286.0,1,0,0,-1.0,0,-1.0,1,0,1431.3,1431.3,1431.3,0.0,0.0,0,0.0,1,0,legitimate,n/a,4a30189b-b378-40cb-8e4d-2a2a2e41ea06,0.0
legit_sess_a74592d8-75e8-4659-bbd3-66390ed91b9e,1,1,1,0,4,74072.0,0.048601360838103465,74072.0,74072.0,1.0,1957.0,1,0,1,-1.0,0,-1.0,1,0,1109.99,1109.99,1109.99,0.0,0.0,0,0.0,1,0,legitimate,n/a,8682ff67-a35a-447d-b647-1bab2f8c4faf,0.0
legit_sess_9ff5da9f-5912-4f7f-9d5d-74a05c7dbcc7,5,1,0,0,7,101279.0,0.17772687329061307,17804.0,2609.0,5.0,28875.0,1,0,0,-1.0,0,-1.0,5,0,2733.652,3076.59,2146.86,383.5668473890829,0.14031297597100248,1,1.0,1,0,legitimate,n/a,77001ae3-1f80-4666-85e4-2f4d0b904d54,0.0
legit_sess_ab071a27-28f3-4e21-88b8-466a06f943e5,4,1,0,0,5,95927.0,0.15011414930103098,28555.0,11856.0,4.0,10262.0,1,0,0,-1.0,0,-1.0,4,0,615.3775,925.82,444.86,189.8777546706038,0.30855491900598214,1,-1.0,1,0,legitimate,n/a,d5601a4e-2970-41d7-92fe-e8c34708f7e3,0.0
legit_sess_1cd5447c-5fa5-4da6-b473-0edeb463f7bc,6,1,0,0,7,77783.0,0.2776956404355707,12085.4,445.0,6.0,17356.0,1,0,0,-1.0,0,-1.0,6,0,1723.805,2037.69,1489.67,200.64666096980864,0.11639753972741036,1,1.0,1,0,legitimate,n/a,75bba463-c516-4de4-a332-89b6c4ec2750,0.0
legit_sess_8fb038f6-b13e-4f7a-b37e-d308b9dccb43,0,1,0,0,2,4855.0,0.0,4855.0,4855.0,0.0,-1.0,1,0,0,-1.0,0,-1.0,0,0,0.0,0.0,0.0,0.0,0.0,0,0.0,0,0,legitimate,n/a,f5351071-de1e-49f8-ab8d-78e5d94d9b78,0.0
legit_sess_5770b674-1b16-4062-afa3-f1f8f54a7d77,1,1,0,0,2,67478.0,0.05335072171670766,67478.0,67478.0,1.0,67478.0,1,0,0,-1.0,0,-1.0,1,0,970.93,970.93,970.93,0.0,0.0,0,0.0,1,0,legitimate,n/a,34145e87-8c9a-4751-8ddc-f83cf0d1ab56,0.0
legit_sess_04226a9f-6730-4b78-ba94-7e714f35f780,2,1,0,0,3,89589.0,0.08036700934266483,71250.0,71250.0,2.0,18339.0,1,0,0,-1.0,0,-1.0,2,0,1473.61,1661.87,1285.35,188.26,0.12775429048391365,1,-1.0,1,0,legitimate,n/a,9cd89d82-1c43-498d-bbb9-f0576dd61460,0.0
legit_sess_b6d6c1e5-b2de-4d85-958b-dc2473c073f3,5,1,0,0,6,86986.0,0.2069298507805854,20724.5,3819.0,5.0,4088.0,1,0,0,-1.0,0,-1.0,5,0,1798.9720000000002,2205.7,1374.27,266.85180811828866,0.1483357206884202,1,-1.0,1,0,legitimate,n/a,bd5480a6-b5a8-433b-8369-e01ac94fc1ab,0.0
legit_sess_a7c34a34-dd64-4788-bedd-ccd0b737b554,2,1,0,0,3,90711.0,0.07937295366603829,50749.0,50749.0,2.0,39962.0,1,0,0,-1.0,0,-1.0,2,0,1040.07,1181.54,898.6,141.46999999999997,0.1360196909823377,0,1.0,1,0,legitimate,n/a,6dae5de4-9ef2-4810-b33e-edbdb411ae27,0.0
legit_sess_8290c140-7b11-49c5-a8ae-aa70cd7f4922,3,1,0,1,5,101367.0,0.10654354967593004,19692.0,13096.0,3.0,61983.0,1,0,0,-1.0,1,21061.0,3,0,197.42999999999998,250.45,141.93,44.337797268996866,0.2245747721673346,1,1.0,1,0,legitimate,n/a,ce2bb592-842a-4a6b-b786-451b471884fe,-0.7571525491890163
legit_sess_39d17641-0cf1-4558-8f99-7bf04fc7b325,1,1,0,0,3,45773.0,0.0786489852096214,45773.0,45773.0,1.0,42549.0,1,0,0,-1.0,0,-1.0,1,0,1395.13,1395.13,1395.13,0.0,0.0,0,0.0,1,0,legitimate,n/a,d0dbaad5-e3cd-4c9e-99ff-2a92396531f1,0.0
legit_sess_b69ede95-701b-42f7-bee4-c4b78e575b89,8,1,0,0,10,67585.0,0.4261300584449212,8072.571428571428,1065.0,8.0,1329.0,1,0,0,-1.0,0,-1.0,8,0,2908.44125,3311.88,2299.58,308.7999478803996,0.10617369282614858,1,1.0,1,0,legitimate,n/a,e52126e5-50fc-416f-a948-d82b9d7d83e7,0.0
legit_sess_de6fde5f-90b5-43a8-8a06-a656c6effc94,3,1,0,0,4,96235.0,0.11222528186210838,43944.5,6162.0,3.0,8346.0,1,0,0,-1.0,0,-1.0,3,0,1423.3999999999999,1657.25,1235.99,175.085697302778,0.12300526717913307,1,1.0,1,0,legitimate,n/a,20a62f1f-d79a-4a51-87bb-c22618ea093c,0.0
legit_sess_d05b5589-9566-4845-8226-ac460ed2c18a,1,1,0,0,3,3212.0,1.1207970112079702,3212.0,3212.0,1.0,1312.0,1,0,0,-1.0,0,-1.0,1,0,4955.69,4955.69,4955.69,0.0,0.0,0,0.0,1,0,legitimate,n/a,f56b9578-0335-4b48-90cb-f3f894958af7,0.0
legit_sess_53ad8743-8678-43ed-a1e8-7cfc26d219d3,1,1,0,0,3,24521.0,0.1468129358509033,24521.0,24521.0,1.0,2310.0,1,0,0,-1.0,0,-1.0,1,0,1681.02,1681.02,1681.02,0.0,0.0,0,0.0,1,0,legitimate,n/a,8ab28729-4db8-4edd-ae3c-a58b224065ed,0.0
legit_sess_eaa97600-9042-44fe-9a6e-881b23d7d303,1,1,0,0,2,93659.0,0.03843730981539414,93659.0,93659.0,1.0,93659.0,1,0,0,-1.0,0,-1.0,1,0,2205.69,2205.69,2205.69,0.0,0.0,0,0.0,1,0,legitimate,n/a,6f539849-5307-4d12-9cf3-350bfc6f512c,0.0
legit_sess_16bf1003-6d1d-4fb1-86bd-0d944d372e59,0,1,0,0,2,65613.0,0.0,65613.0,65613.0,0.0,-1.0,1,0,0,-1.0,0,-1.0,0,0,0.0,0.0,0.0,0.0,0.0,0,0.0,0,0,legitimate,n/a,ca496519-a00c-4807-9199-166a2815ea1b,0.0
legit_sess_f4f33398-7ce2-4bdf-a73b-25a8024ef37b,2,1,0,0,4,20773.0,0.3466037645019978,2005.0,2005.0,2.0,1318.0,1,0,0,-1.0,0,-1.0,2,0,3950.125,4674.44,3225.81,724.3149999999998,0.18336508338343718,1,-1.0,1,0,legitimate,n/a,f56b9578-0335-4b48-90cb-f3f894958af7,0.0
legit_sess_fa79ab92-f4ce-4f3e-90d2-27326ff9a963,2,1,0,0,4,42289.0,0.170257040838043,38954.0,38954.0,2.0,1659.0,1,0,0,-1.0,0,-1.0,2,0,4595.745000000001,5061.35,4130.14,465.605,0.10131219203850517,0,1.0,1,0,legitimate,n/a,ee9f585d-8513-4e93-9b2d-18e201300da2,0.0
legit_sess_ec35424f-1cde-4157-afb5-bc954f5fb862,1,1,0,0,3,24536.0,0.14672318226279754,24536.0,24536.0,1.0,22653.0,1,0,0,-1.0,0,-1.0,1,0,928.7,928.7,928.7,0.0,0.0,0,0.0,1,0,legitimate,n/a,08191ecb-c368-4031-ba41-6ffab6202b3a,0.0
legit_sess_a907b40b-7d7a-4c4a-84c9-08818dab0727,0,1,0,0,2,16299.0,0.0,16299.0,16299.0,0.0,-1.0,1,0,0,-1.0,0,-1.0,0,0,0.0,0.0,0.0,0.0,0.0,0,0.0,0,0,legitimate,n/a,7a4835d8-c2b7-4628-8fa1-02a15998e513,0.0
legit_sess_39322899-0b75-4638-a78e-c01ecf61d58d,2,1,0,1,5,14367.0,0.5011484652328252,1522.0,1522.0,2.0,3007.0,1,0,0,-1.0,1,1177.0,2,0,2334.815,2902.82,1766.81,568.0050000000001,0.2432762338772023,0,1.0,1,0,legitimate,n/a,56be6d2a-09b1-41fb-97ff-c8cd4105d9f9,-0.9558999045288764
legit_sess_76954ec3-62c7-46de-9257-8177e156006d,5,1,0,2,8,90596.0,0.19868426862113117,21345.5,1832.0,5.0,1226.0,1,0,0,-1.0,1,5214.0,5,0,2057.212,2382.77,1863.54,206.76682261910392,0.10050827168959928,1,-1.0,1,0,legitimate,n/a,e6a9e369-581f-41b0-a98f-feeba2d9206e,-1.2352757902251374
legit_sess_a666f448-d194-44f7-a7e1-6cf9fcca5e1d,2,1,0,1,5,120327.0,0.05983694432670972,1904.0,1904.0,2.0,1174.0,1,0,0,-1.0,1,117206.0,2,0,2394.35,2603.98,2184.72,209.6300000000001,0.08755194520433525,0,1.0,1,0,legitimate,n/a,569908f6-c030-4b21-9315-8ce400721f84,1.5182724720201939
legit_sess_97fadf54-0636-4244-a90c-163d976d2437,1,1,0,0,3,27929.0,0.1288982777757886,27929.0,27929.0,1.0,6301.0,1,0,0,-1.0,0,-1.0,1,0,555.98,555.98,555.98,0.0,0.0,0,0.0,1,0,legitimate,n/a,0ce211a1-a00a-42dd-9ddb-fa5532f4371b,0.0
legit_sess_4102ee83-cb28-458c-ab67-6d1585d71ab3,7,1,0,0,8,48597.0,0.5185505278103586,7868.833333333333,1994.0,7.0,1384.0,1,0,0,-1.0,0,-1.0,7,0,258.12,334.58,169.68,65.00109625449184,0.2518251055884544,1,-1.0,1,0,legitimate,n/a,ecfa3553-4134-4d66-8551-cc0eb77555e7,0.0
legit_sess_b1aeef9b-7645-46fb-ab53-b226f4817eab,0,1,0,0,2,18729.0,0.0,18729.0,18729.0,0.0,-1.0,1,0,0,-1.0,0,-1.0,0,0,0.0,0.0,0.0,0.0,0.0,0,0.0,0,0,legitimate,n/a,4c1fc320-e7b3-4300-986b-fb06dd6589a8,0.0
legit_sess_1f664f3a-80bd-4e9f-97c6-3e71ca928956,2,1,0,0,4,48359.0,0.14888645340060797,45337.0,45337.0,2.0,1070.0,1,0,0,-1.0,0,-1.0,2,0,2220.1549999999997,2252.15,2188.16,31.99500000000012,0.014411155977848448,0,1.0,1,0,legitimate,n/a,e49118ed-3349-4d14-b2aa-cd6d664a7421,0.0
legit_sess_5ad97076-02e9-4e1f-8489-7cd1ec657789,1,1,0,0,2,31697.0,0.11357541723191468,31697.0,31697.0,1.0,31697.0,1,0,0,-1.0,0,-1.0,1,0,561.49,561.49,561.49,0.0,0.0,0,0.0,1,0,legitimate,n/a,ad87b09e-5da8-4a98-a064-b4cc25337682,0.0
legit_sess_f6582674-5792-463e-a4e9-6ac45d2259e6,2,1,0,0,3,26019.0,0.2767208578346593,4229.0,4229.0,2.0,21790.0,1,0,0,-1.0,0,-1.0,2,0,2966.33,3290.53,2642.13,324.20000000000005,0.10929330182413961,1,-1.0,1,0,legitimate,n/a,42f32846-fdb3-4c62-ae9b-73435d417373,0.0
legit_sess_19b406d5-f5b0-43a5-8909-f469e7e2141e,1,1,0,0,3,45837.0,0.0785391714117416,45837.0,45837.0,1.0,7409.0,1,0,0,-1.0,0,-1.0,1,0,83.9,83.9,83.9,0.0,0.0,0,0.0,1,0,legitimate,n/a,6442a535-467f-4b29-9393-0b68c0ac79dc,0.0
legit_sess_985fc717-e83c-4bab-a34e-4d0f9834c947,2,1,0,0,3,79511.0,0.09055350831960358,61458.0,61458.0,2.0,18053.0,1,0,0,-1.0,0,-1.0,2,0,3323.705,4417.44,2229.97,1093.735,0.32907102164602453,1,-1.0,1,0,legitimate,n/a,2a938e3a-f1cd-4229-b4b1-37a5dfcb50c4,0.0
legit_sess_180067a3-edfa-478f-8da1-49ccee12f797,0,1,0,0,2,7348.0,0.0,7348.0,7348.0,0.0,-1.0,1,0,0,-1.0,0,-1.0,0,0,0.0,0.0,0.0,0.0,0.0,0,0.0,0,0,legitimate,n/a,7c338b41-b20c-49ef-a267-f1a7cf4162dd,0.0
legit_sess_4a565cab-880c-4dfd-bb06-7a00201bf07d,3,1,0,0,4,70027.0,0.1542262270267183,15101.0,13659.0,3.0,39825.0,1,0,0,-1.0,0,-1.0,3,0,1512.8366666666668,1901.54,1221.09,286.12759045960985,0.18913316735642963,1,-1.0,1,0,legitimate,n/a,569908f6-c030-4b21-9315-8ce400721f84,0.0
legit_sess_ae1bed44-4d49-4e40-a18a-17cb926fc6b6,1,1,0,0,2,15888.0,0.22658610271903323,15888.0,15888.0,1.0,15888.0,1,0,0,-1.0,0,-1.0,1,0,99.13,99.13,99.13,0.0,0.0,0,0.0,1,0,legitimate,n/a,17ff94ce-53d2-4ca0-9614-a8ef72315e3f,0.0
legit_sess_15e14307-d4ac-473c-8ecb-bab5c7f8a9bd,1,1,0,1,3,107603.0,0.03345631627370984,107603.0,107603.0,1.0,7011.0,1,0,0,-1.0,1,107603.0,1,0,407.72,407.72,407.72,0.0,0.0,0,0.0,1,0,legitimate,n/a,364a1093-73fa-41a2-b4f2-b7a098fbcb7e,1.614066542736305
legit_sess_ca4d4f71-1776-4793-a4f9-5884afa91e37,8,1,0,1,10,73582.0,0.3914000706694572,10332.857142857143,1184.0,8.0,1252.0,1,0,0,-1.0,1,47434.0,8,0,3696.7625,4854.09,2381.4,937.2985945891256,0.25354579705597147,1,1.0,1,0,legitimate,n/a,f56b9578-0335-4b48-90cb-f3f894958af7,2.220195022627741
legit_sess_a9e0c0cd-0fa4-4460-92a4-194cdcdcabdb,0,1,0,0,2,3110.0,0.0,3110.0,3110.0,0.0,-1.0,1,0,0,-1.0,0,-1.0,0,0,0.0,0.0,0.0,0.0,0.0,0,0.0,0,0,legitimate,n/a,3da9fda0-5d87-4b11-9a67-2fe36259a335,0.0
legit_sess_3148f42c-9b64-4ea9-aefe-b968c330fcb6,1,1,0,0,2,62928.0,0.05720823798627002,62928.0,62928.0,1.0,62928.0,1,0,0,-1.0,0,-1.0,1,0,2035.72,2035.72,2035.72,0.0,0.0,0,0.0,1,0,legitimate,n/a,bcb91fa1-8fa1-461f-b8a5-a600ec224e37,0.0
legit_sess_76fe1fde-9f6d-47a6-b66d-a2c00379a45b,0,1,0,2,4,120345.0,0.0,120345.0,120345.0,0.0,-1.0,1,0,0,-1.0,0,-1.0,0,0,0.0,0.0,0.0,0.0,0.0,0,0.0,0,0,legitimate,n/a,2d23dac8-b8ff-4724-8acc-654c5d17126a,0.0
legit_sess_25bfb11a-4cb2-4f87-ba53-d0575b74adc7,3,1,0,0,5,17528.0,0.6161570059333638,1501.0,1072.0,3.0,12851.0,1,0,0,-1.0,0,-1.0,3,0,1849.3,2087.83,1683.66,172.86422668286994,0.09347549163622448,1,1.0,1,0,legitimate,n/a,91809dd7-ea11-4863-a7a0-6a4d1ff6a96f,0.0
legit_sess_a8420337-04dd-4eb4-a29d-f91138220cc3,1,1,0,0,2,5906.0,0.6095496105655266,5906.0,5906.0,1.0,5906.0,1,0,0,-1.0,0,-1.0,1,0,1204.71,1204.71,1204.71,0.0,0.0,0,0.0,1,0,legitimate,n/a,b0fcebae-7285-4369-bd5e-0bdeadbe36b5,0.0
legit_sess_1730a64e-f4d5-426a-ba66-a2b9a01285b9,3,1,0,0,4,75144.0,0.14372404982433726,32589.5,29705.0,3.0,9965.0,1,0,0,-1.0,0,-1.0,3,0,3194.2066666666665,3608.95,2432.72,539.1675420703867,0.16879544698747945,1,-1.0,1,0,legitimate,n/a,56be6d2a-09b1-41fb-97ff-c8cd4105d9f9,0.0
legit_sess_ba8b16bd-1e51-4686-ac96-eb4a0e8e94e9,1,1,0,0,3,3369.0,1.068566340160285,3369.0,3369.0,1.0,1487.0,1,0,0,-1.0,0,-1.0,1,0,1230.41,1230.41,1230.41,0.0,0.0,0,0.0,1,0,legitimate,n/a,77ee337c-43ea-49c6-ba33-97c91544ba7a,0.0
legit_sess_17830da6-7c17-456d-a4ef-79e3ca99d1ac,1,1,0,0,3,76631.0,0.046978376897078206,76631.0,76631.0,1.0,57614.0,1,0,0,-1.0,0,-1.0,1,0,1545.67,1545.67,1545.67,0.0,0.0,0,0.0,1,0,legitimate,n/a,ced3463f-cc5b-4ae2-afab-25f03bc89378,0.0
legit_sess_65881e91-9428-4c19-bd58-48a8eaad7ed3,0,1,0,0,2,42578.0,0.0,42578.0,42578.0,0.0,-1.0,1,0,0,-1.0,0,-1.0,0,0,0.0,0.0,0.0,0.0,0.0,0,0.0,0,0,legitimate,n/a,efadd5f7-92bd-4be0-9e70-e5f2c48489f5,0.0
legit_sess_14d4b355-5931-408d-b1fe-9578c78498ff,1,1,0,0,2,57351.0,0.06277135533818068,57351.0,57351.0,1.0,57351.0,1,0,0,-1.0,0,-1.0,1,0,1584.44,1584.44,1584.44,0.0,0.0,0,0.0,1,0,legitimate,n/a,786fc8a0-23c3-469b-b38a-07e216a39bc7,0.0
legit_sess_d15fdba8-08ef-4c72-812f-2f9d1bf1be05,8,1,0,0,9,68133.0,0.42270265510105237,9459.714285714286,1198.0,8.0,1915.0,1,0,0,-1.0,0,-1.0,8,0,218.16625,320.13,104.2,72.43813859727139,0.33203182709182283,1,1.0,1,0,legitimate,n/a,3da9fda0-5d87-4b11-9a67-2fe36259a335,0.0
legit_sess_dde76f25-84bf-437e-8d10-c3d34979bc48,1,1,0,0,2,2967.0,1.2133468149646107,2967.0,2967.0,1.0,2967.0,1,0,0,-1.0,0,-1.0,1,0,437.01,437.01,437.01,0.0,0.0,0,0.0,1,0,legitimate,n/a,e56ae733-0bd3-4196-b5f7-295476bd0810,0.0
legit_sess_64987be9-0aea-4b66-bce7-debf53dbc7b4,0,1,1,0,2,32366.0,0.0,32366.0,32366.0,0.0,-1.0,1,0,1,-1.0,0,-1.0,0,0,0.0,0.0,0.0,0.0,0.0,0,0.0,0,0,legitimate,n/a,08191ecb-c368-4031-ba41-6ffab6202b3a,0.0
legit_sess_3b173815-2a8a-4e6d-82e5-c31d50873f4a,0,1,0,0,2,17108.0,0.0,17108.0,17108.0,0.0,-1.0,1,0,0,-1.0,0,-1.0,0,0,0.0,0.0,0.0,0.0,0.0,0,0.0,0,0,legitimate,n/a,c4da54f5-f760-4227-9798-ae4eb473fc48,0.0
legit_sess_1e3b40d9-3981-4432-bb3c-42e2e7e57f89,2,1,0,0,4,55321.0,0.13014949115164223,17227.0,17227.0,2.0,15544.0,1,0,0,-1.0,0,-1.0,2,0,1809.275,2457.86,1160.69,648.585,0.3584778433350375,1,-1.0,1,0,legitimate,n/a,6694b89e-56ab-4e51-9cfe-42a6c6e362db,0.0
legit_sess_f4812d97-ad9b-45dd-9787-d1db3a66a7d9,3,1,0,0,4,32875.0,0.3285171102661597,4012.5,3704.0,3.0,24850.0,1,0,0,-1.0,0,-1.0,3,0,2006.7533333333333,2440.51,1720.21,311.94213847371697,0.15544617930473947,0,1.0,1,0,legitimate,n/a,dba7ca9c-8708-4cdf-9a19-1eeb28007dd3,0.0
legit_sess_f8d0264a-087a-47a1-8970-5fec001fcbe1,4,1,0,0,6,62683.0,0.2297273582949125,19963.333333333332,1009.0,4.0,1734.0,1,0,0,-1.0,0,-1.0,4,0,4673.6725,5333.88,4317.21,393.5118529583957,0.0841975668937855,1,1.0,1,0,legitimate,n/a,9f48dca8-87bc-4060-b20e-47760f16649d,0.0
legit_sess_b3111f89-94dc-44fb-9a25-91d18ea21f30,2,1,0,0,4,36007.0,0.19996111867136948,10178.0,10178.0,2.0,11634.0,1,0,0,-1.0,0,-1.0,2,0,309.745,323.64,295.85,13.894999999999982,0.044859481186136925,1,-1.0,1,0,legitimate,n/a,aeda7474-3d9b-4bf9-94e3-5f3ad6cf7be4,0.0
legit_sess_41a5aafb-071d-4c8d-b25f-c3f739d71e5d,6,1,0,0,8,70711.0,0.30546873895150684,1247.6,1021.0,6.0,62562.0,1,0,0,-1.0,0,-1.0,6,0,31.90166666666667,41.42,25.3,4.893340429150169,0.15338823768298945,1,1.0,1,0,legitimate,n/a,6f1b0a58-ddd6-4bd0-a4f6-d48b389fe420,0.0
legit_sess_24b20d66-b750-4150-900d-06bd3a70731a,2,1,0,1,4,48669.0,0.1479381125562473,32958.0,32958.0,2.0,15711.0,1,0,0,-1.0,1,14342.0,2,0,1434.8,1691.28,1178.32,256.48,0.17875662113186508,1,-1.0,1,0,legitimate,n/a,77ee337c-43ea-49c6-ba33-97c91544ba7a,-0.18365658831963846
legit_sess_eb14d0a2-7aa5-44c8-8e19-cb07192e10a0,0,1,0,1,2,52144.0,0.0,52144.0,52144.0,0.0,-1.0,1,0,0,-1.0,0,-1.0,0,0,0.0,0.0,0.0,0.0,0.0,0,0.0,0,0,legitimate,n/a,180ecb0d-fb51-4504-8f00-61ca5498c004,0.0
legit_sess_62e3f9dc-06bb-4fda-9ce6-e47af625f38c,0,1,0,0,2,1015.0,0.0,1015.0,1015.0,0.0,-1.0,1,0,0,-1.0,0,-1.0,0,0,0.0,0.0,0.0,0.0,0.0,0,0.0,0,0,legitimate,n/a,2465e080-4e2a-4f1b-90e2-6b6c544a0b3c,0.0
legit_sess_c0f0e9c3-6948-49ea-a8f3-8d4f9e81c083,3,1,0,0,4,66019.0,0.16358926975567642,22043.5,2824.0,3.0,21932.0,1,0,0,-1.0,0,-1.0,3,0,467.9633333333333,532.11,375.37,67.07590989982089,0.14333582381772267,1,1.0,1,0,legitimate,n/a,714b6caa-6c89-4c3d-b319-c55af244bf16,0.0
legit_sess_4a81d93b-3e17-462c-a145-10f8412a4d93,0,1,0,0,2,26655.0,0.0,26655.0,26655.0,0.0,-1.0,1,0,0,-1.0,0,-1.0,0,0,0.0,0.0,0.0,0.0,0.0,0,0.0,0,0,legitimate,n/a,e1bcb3e5-de1e-40d6-aaad-976839ed92cc,0.0
legit_sess_f841ed69-1d35-4e3b-b7e1-9352f921ee92,0,1,0,0,2,40749.0,0.0,40749.0,40749.0,0.0,-1.0,1,0,0,-1.0,0,-1.0,0,0,0.0,0.0,0.0,0.0,0.0,0,0.0,0,0,legitimate,n/a,93296b9a-3b4c-457e-985d-b3c4813953eb,0.0
legit_sess_0eaaec57-b5d7-429b-9f1a-0d8d6883b4c8,4,1,0,0,5,19057.0,0.7556278532822586,5884.666666666667,1648.0,4.0,1403.0,1,0,0,-1.0,0,-1.0,4,0,829.0699999999999,1160.25,689.47,192.1193030385026,0.23172868761202628,1,-1.0,1,0,legitimate,n/a,23079f9c-af8a-48d3-a0a0-0f5e78f607dc,0.0
legit_sess_38d0d872-eb1f-42ce-8f61-b7dc583d6709,7,1,0,0,8,71455.0,0.35266951228045623,5952.833333333333,1450.0,7.0,35738.0,1,0,0,-1.0,0,-1.0,7,0,1569.8014285714287,1959.83,1061.25,275.339738215929,0.17539781350976175,1,-1.0,1,0,legitimate,n/a,4a30189b-b378-40cb-8e4d-2a2a2e41ea06,0.0
legit_sess_363f7823-3033-4f97-9808-0b598eb2d7a9,0,1,0,1,3,156969.0,0.0,156969.0,156969.0,0.0,-1.0,1,0,0,-1.0,0,-1.0,0,0,0.0,0.0,0.0,0.0,0.0,0,0.0,0,0,legitimate,n/a,cc42d7c6-4fd8-4e8b-9bb1-7fee389ee002,0.0
legit_sess_941b1ebb-2312-4b4c-8eb3-c548ea7cd9a9,2,1,0,0,3,70360.0,0.10233086981239341,44019.0,44019.0,2.0,26341.0,1,0,0,-1.0,0,-1.0,2,0,2026.855,2425.33,1628.38,398.4749999999999,0.1965976845901655,1,-1.0,1,0,legitimate,n/a,a7f7d6ec-ff02-4814-b5e1-ae00ec5e8396,0.0
legit_sess_74dde782-fec2-482a-81ff-e9a6e090089e,1,1,0,0,2,44504.0,0.08089160524896638,44504.0,44504.0,1.0,44504.0,1,0,0,-1.0,0,-1.0,1,0,2745.95,2745.95,2745.95,0.0,0.0,0,0.0,1,0,legitimate,n/a,2465e080-4e2a-4f1b-90e2-6b6c544a0b3c,0.0
legit_sess_8e1912ba-4316-4870-b83d-6733498fa2b3,1,1,0,1,3,92014.0,0.03912448105723042,92014.0,92014.0,1.0,41383.0,1,0,0,-1.0,1,92014.0,1,0,1807.33,1807.33,1807.33,0.0,0.0,0,0.0,1,0,legitimate,n/a,2b8028c4-2c68-4f56-9664-26023e4edec5,-0.7071067811865476
legit_sess_509f6e73-e951-4541-82a8-7afd16bc6656,0,1,0,0,2,852.0,0.0,852.0,852.0,0.0,-1.0,1,0,0,-1.0,0,-1.0,0,0,0.0,0.0,0.0,0.0,0.0,0,0.0,0,0,legitimate,n/a,3ef68756-fe11-4ebc-806c-61326564d134,0.0
legit_sess_a7bdaac7-455c-45cc-a38b-5cfffb58f3a1,1,1,0,0,2,20393.0,0.17653116265385183,20393.0,20393.0,1.0,20393.0,1,0,0,-1.0,0,-1.0,1,0,602.25,602.25,602.25,0.0,0.0,0,0.0,1,0,legitimate,n/a,0f479c3c-ad32-41a6-8f05-654c85adac8a,0.0
legit_sess_12c72d1b-5464-43fb-af89-5c4084d64102,5,1,0,0,7,39127.0,0.4600403813223605,1230.25,219.0,5.0,32521.0,1,0,0,-1.0,0,-1.0,5,0,1751.3559999999998,2429.6,1160.96,470.37185181938764,0.2685758074425689,1,-1.0,1,0,legitimate,n/a,8ab28729-4db8-4edd-ae3c-a58b224065ed,0.0
legit_sess_4b49f9e0-4823-4ba7-ad7d-409797760f92,3,1,0,0,5,67926.0,0.15899655507464006,20546.5,9907.0,3.0,7762.0,1,0,0,-1.0,0,-1.0,3,0,3394.5466666666666,3513.09,3295.74,89.82355902298451,0.026461135416113838,1,1.0,1,0,legitimate,n/a,e4ea4f55-5e06-4b6b-80f4-a9f67b415e88,0.0
legit_sess_0f1e5af5-a097-46cf-aa73-6f17663fcf38,1,1,0,0,2,28771.0,0.12512599492544577,28771.0,28771.0,1.0,28771.0,1,0,0,-1.0,0,-1.0,1,0,1398.24,1398.24,1398.24,0.0,0.0,0,0.0,1,0,legitimate,n/a,c52e3122-28dc-42d3-911e-add7ecb2cc25,0.0
legit_sess_6cde2afe-8967-4fc3-8d2d-c3f38660b17a,3,1,0,0,4,4551.0,2.373104812129202,1584.5,1216.0,3.0,1382.0,1,0,0,-1.0,0,-1.0,3,0,1202.3166666666666,1497.16,986.46,215.84375928486384,0.17952321985461167,1,1.0,1,0,legitimate,n/a,7a4835d8-c2b7-4628-8fa1-02a15998e513,0.0
legit_sess_9d0d11d9-3422-4303-8153-ed480cd405f6,1,1,0,0,3,30842.0,0.11672394786330328,30842.0,30842.0,1.0,17376.0,1,0,0,-1.0,0,-1.0,1,0,2050.6,2050.6,2050.6,0.0,0.0,0,0.0,1,0,legitimate,n/a,f8d98653-f7ae-4f2e-9a69-ca8837133e01,0.0
legit_sess_8b5cb378-f409-451f-98e0-46b572bfe093,0,1,0,1,2,42709.0,0.0,42709.0,42709.0,0.0,-1.0,1,0,0,-1.0,0,-1.0,0,0,0.0,0.0,0.0,0.0,0.0,0,0.0,0,0,legitimate,n/a,03e3c01b-0e76-4ecf-8952-d8c5460f19c8,0.0
legit_sess_02bcfb2c-097f-4f09-8c0f-f03bf1afda2f,5,1,0,0,6,62136.0,0.2896871378910776,14789.75,1041.0,5.0,2977.0,1,0,0,-1.0,0,-1.0,5,0,965.424,1081.07,849.85,77.03968577298323,0.0797988094070411,1,-1.0,1,0,legitimate,n/a,ad87e50d-1f6f-47a0-802c-bb7cdf54fa50,0.0
legit_sess_fa575098-7790-41a0-90e7-9cdeef8dda11,1,1,0,0,3,64092.0,0.05616925669350308,64092.0,64092.0,1.0,12726.0,1,0,0,-1.0,0,-1.0,1,0,1190.84,1190.84,1190.84,0.0,0.0,0,0.0,1,0,legitimate,n/a,259d85a5-52f6-45c5-93a6-82a15c20356b,0.0
legit_sess_0a48c46f-9912-4802-b9ec-679731f0969b,0,1,0,0,2,19908.0,0.0,19908.0,19908.0,0.0,-1.0,1,0,0,-1.0,0,-1.0,0,0,0.0,0.0,0.0,0.0,0.0,0,0.0,0,0,legitimate,n/a,d0dbaad5-e3cd-4c9e-99ff-2a92396531f1,0.0
legit_sess_3335577e-0f66-4d08-9dfb-edfd250f6ba6,2,1,0,0,3,53701.0,0.13407571553602354,28347.0,28347.0,2.0,25354.0,1,0,0,-1.0,0,-1.0,2,0,406.145,474.96,337.33,68.815,0.16943456154821554,1,-1.0,1,0,legitimate,n/a,a7eac1c8-1c4a-4f30-acf3-3142833955bc,0.0
legit_sess_035c9fe6-4ee3-462b-97fa-93fd65f01169,5,1,0,1,7,62027.0,0.29019620487852066,12181.5,1438.0,5.0,1111.0,1,0,0,-1.0,0,-1.0,5,0,1766.0080000000003,2060.19,925.94,426.9594848882034,0.24176531753435054,1,-1.0,1,0,legitimate,n/a,91809dd7-ea11-4863-a7a0-6a4d1ff6a96f,0.0
legit_sess_596d4e6a-8628-4cd7-a4ab-2ef1ccdfbb1a,2,1,0,0,4,35314.0,0.20388514470181796,2303.0,2303.0,2.0,30739.0,1,0,0,-1.0,0,-1.0,2,0,3919.61,4369.55,3469.67,449.94000000000005,0.11479203288082233,0,1.0,1,0,legitimate,n/a,c4ecbfa2-5221-4bda-a90b-a8875e36d760,0.0
legit_sess_6412f77d-e7a2-44f8-bb60-9b08445c7f0c,2,1,0,0,3,46774.0,0.15393167144139905,1135.0,1135.0,2.0,45639.0,1,0,0,-1.0,0,-1.0,2,0,2108.095,2229.6,1986.59,121.505,0.05763734556554615,1,-1.0,1,0,legitimate,n/a,d20aa558-cb20-4bec-8e7d-6ed937c5b30a,0.0
legit_sess_874870f9-7bfa-4f90-bbd4-4f384576298b,0,1,0,0,2,44468.0,0.0,44468.0,44468.0,0.0,-1.0,1,0,0,-1.0,0,-1.0,0,0,0.0,0.0,0.0,0.0,0.0,0,0.0,0,0,legitimate,n/a,62f06143-3643-4b41-b724-809c7a00c9e0,0.0
legit_sess_31bdf62c-339f-449d-b1a0-1b459fc88f09,0,1,0,1,2,27930.0,0.0,27930.0,27930.0,0.0,-1.0,1,0,0,-1.0,0,-1.0,0,0,0.0,0.0,0.0,0.0,0.0,0,0.0,0,0,legitimate,n/a,7ae85484-eb7f-4414-b6de-2fbe80915aaf,0.0
legit_sess_b78b3c46-62b4-43a1-8213-5989c6f90126,1,1,0,1,3,33059.0,0.108896215856499,33059.0,33059.0,1.0,33059.0,1,0,0,-1.0,1,30711.0,1,0,4682.33,4682.33,4682.33,0.0,0.0,0,0.0,1,0,legitimate,n/a,90336fa3-0c02-4c04-b6de-2b7bd6ef1cff,1.7014965550411043
legit_sess_72be52ca-e7b0-4400-8a1a-46379798b747,1,1,0,0,3,34318.0,0.10490121801969812,34318.0,34318.0,1.0,2445.0,1,0,0,-1.0,0,-1.0,1,0,3083.49,3083.49,3083.49,0.0,0.0,0,0.0,1,0,legitimate,n/a,7c338b41-b20c-49ef-a267-f1a7cf4162dd,0.0
legit_sess_7885683e-f296-40a5-9e25-4d285b22d15b,0,1,0,1,3,94585.0,0.0,94585.0,94585.0,0.0,-1.0,1,0,0,-1.0,0,-1.0,0,0,0.0,0.0,0.0,0.0,0.0,0,0.0,0,0,legitimate,n/a,873c0308-544b-416a-9c66-11ff136d1af5,0.0
legit_sess_17901fec-0679-458b-9ba9-4539eeb55d15,1,1,0,0,3,22486.0,0.16009961753980254,22486.0,22486.0,1.0,3184.0,1,0,0,-1.0,0,-1.0,1,0,482.58,482.58,482.58,0.0,0.0,0,0.0,1,0,legitimate,n/a,0ce211a1-a00a-42dd-9ddb-fa5532f4371b,0.0
legit_sess_74727a6a-7e06-45da-b857-b555b3a18816,0,1,0,0,2,1118.0,0.0,1118.0,1118.0,0.0,-1.0,1,0,0,-1.0,0,-1.0,0,0,0.0,0.0,0.0,0.0,0.0,0,0.0,0,0,legitimate,n/a,3ec399e5-e095-48b7-a122-dab6ee81a709,0.0
legit_sess_ecf984a8-9edd-48d5-8623-7e9e5a490a98,0,1,0,0,2,16803.0,0.0,16803.0,16803.0,0.0,-1.0,1,0,0,-1.0,0,-1.0,0,0,0.0,0.0,0.0,0.0,0.0,0,0.0,0,0,legitimate,n/a,a626b097-4e64-4cd4-8730-a7cba085da1f,0.0
legit_sess_9e637aab-6a23-4e22-b458-80f9b481bb8e,1,1,0,0,2,28275.0,0.1273209549071618,28275.0,28275.0,1.0,28275.0,1,0,0,-1.0,0,-1.0,1,0,3396.04,3396.04,3396.04,0.0,0.0,0,0.0,1,0,legitimate,n/a,95d85675-9f64-48ef-a43d-79f136436924,0.0
legit_sess_d2037889-0f67-49a5-88c1-7c15e20c9b08,1,1,1,0,3,42965.0,0.08378913068776912,42965.0,42965.0,1.0,40941.0,1,0,1,42965.0,0,-1.0,1,0,2319.6,2319.6,2319.6,0.0,0.0,0,0.0,1,0,legitimate,n/a,873c0308-544b-416a-9c66-11ff136d1af5,0.0
legit_sess_aeab2f8a-eee7-474e-84e0-3e506945bf34,2,1,0,0,3,6241.0,1.153661272232014,4646.0,4646.0,2.0,1595.0,1,0,0,-1.0,0,-1.0,2,0,1519.06,1665.02,1373.1,145.96000000000004,0.09608573723223575,0,1.0,1,0,legitimate,n/a,3ec399e5-e095-48b7-a122-dab6ee81a709,0.0
legit_sess_9e7ab41e-ec0b-4291-b4c4-dbc84d6e0f6e,5,1,0,0,6,44386.0,0.4055332762582796,10738.25,1152.0,5.0,1433.0,1,0,0,-1.0,0,-1.0,5,0,1792.3879999999997,2171.41,1373.45,311.9290186821354,0.17402985217605532,1,-1.0,1,0,legitimate,n/a,e49118ed-3349-4d14-b2aa-cd6d664a7421,0.0
legit_sess_00c7c950-0e31-4fe8-bdec-27374a8027cd,1,1,0,0,2,29583.0,0.12169151201703682,29583.0,29583.0,1.0,29583.0,1,0,0,-1.0,0,-1.0,1,0,2436.53,2436.53,2436.53,0.0,0.0,0,0.0,1,0,legitimate,n/a,6fce87e4-36d2-4a10-9e04-89e7bd3bc0c4,0.0
legit_sess_044d4215-5635-4b0d-a7a5-0d6eb01defe2,5,1,0,0,6,39149.0,0.45978185905131674,1343.25,1011.0,5.0,33776.0,1,0,0,-1.0,0,-1.0,5,0,1119.6820000000002,1396.84,983.64,143.76105903894836,0.1283945433068928,1,-1.0,1,0,legitimate,n/a,8682ff67-a35a-447d-b647-1bab2f8c4faf,0.0
legit_sess_0359f69e-2ef4-4e0b-9921-bcf51f65e3c6,2,1,0,0,3,29764.0,0.24190297003090985,23162.0,23162.0,2.0,6602.0,1,0,0,-1.0,0,-1.0,2,0,1718.44,2289.33,1147.55,570.89,0.33221410116151856,1,-1.0,1,0,legitimate,n/a,dac6fed5-cb6f-480a-bdf5-2ff5bfd15dd4,0.0
legit_sess_15feb622-aa83-4ea6-8224-8040736e0d1a,2,1,0,0,3,41426.0,0.17380389127601026,236.0,236.0,2.0,41190.0,1,0,0,-1.0,0,-1.0,2,0,1729.5749999999998,2257.29,1201.86,527.715,0.3051125276440745,1,-1.0,1,0,legitimate,n/a,6d4fdbf8-03f9-473e-a07c-30a826da053e,0.0
legit_sess_7c960c5c-0c65-4730-a613-1d44d1c34415,2,1,0,0,3,27437.0,0.26241936071727956,18684.0,18684.0,2.0,8753.0,1,0,0,-1.0,0,-1.0,2,0,3965.6949999999997,4243.23,3688.16,277.53499999999985,0.06998394984990018,1,-1.0,1,0,legitimate,n/a,b071b0da-c125-416b-9816-2c6788134e5e,0.0
legit_sess_ae042079-0320-46ca-9b56-1120a7bf5d1c,0,1,1,0,2,372242.0,0.0,372242.0,372242.0,0.0,-1.0,1,0,1,-1.0,0,-1.0,0,0,0.0,0.0,0.0,0.0,0.0,0,0.0,0,0,legitimate,n/a,aa80bb6f-0959-4f98-8ed3-dab38026d716,0.0
legit_sess_ae107fee-7ba5-4ffa-a557-e16b135b2f0e,0,1,0,1,2,145336.0,0.0,145336.0,145336.0,0.0,-1.0,1,0,0,-1.0,0,-1.0,0,0,0.0,0.0,0.0,0.0,0.0,0,0.0,0,0,legitimate,n/a,b85d24b0-710e-4688-a1c7-0f53059b2fe8,0.0
legit_sess_6be2de3d-83d4-43ab-ba76-900874ea916a,7,1,0,1,9,25794.0,0.9769713886950454,2027.6666666666667,1010.0,7.0,1091.0,1,0,0,-1.0,1,13628.0,7,0,1950.1571428571428,2185.88,1677.64,204.92045318780137,0.10507894399093183,1,-1.0,1,0,legitimate,n/a,d58eeefd-5874-46a7-ba4f-f335340f0de0,-0.4455178341456069
legit_sess_57ffc22a-ea61-4798-98c6-bf9f8941f288,2,1,0,0,3,30593.0,0.23534795541463732,7965.0,7965.0,2.0,22628.0,1,0,0,-1.0,0,-1.0,2,0,936.505,1104.71,768.3,168.20500000000004,0.17960929199523765,1,-1.0,1,0,legitimate,n/a,0f8044a8-02eb-4c86-882f-1a43b79b14f3,0.0
legit_sess_074e998d-0eed-46a0-a5c0-406dc237caac,4,1,0,0,5,17460.0,0.8247422680412372,4347.333333333333,2543.0,4.0,4418.0,1,0,0,-1.0,0,-1.0,4,0,1875.2575,2177.2,1619.07,227.12291643238024,0.1211155888897286,1,1.0,1,0,legitimate,n/a,9c3d360d-18ff-4957-9f5b-d7d95a7b1368,0.0
legit_sess_3895107b-30a5-40ef-99ca-2cf701a95a9c,4,1,0,0,5,37276.0,0.3863075437278678,12251.333333333334,254.0,4.0,522.0,1,0,0,-1.0,0,-1.0,4,0,2013.4524999999999,2399.72,1578.8,369.3072257196574,0.1834198848592939,1,1.0,1,0,legitimate,n/a,6afcb203-4ffe-44b3-b949-41e764781eb6,0.0
legit_sess_10f7a50f-c033-413e-a949-df2b39e6c512,2,1,0,0,4,31590.0,0.22792022792022792,1253.0,1253.0,2.0,28933.0,1,0,0,-1.0,0,-1.0,2,0,2052.89,2164.06,1941.72,111.16999999999996,0.05415292587522954,0,1.0,1,0,legitimate,n/a,212532de-9425-4e21-9985-c91d62a6c595,0.0
legit_sess_1aa01fb6-ab91-41a1-b79b-5a14281b96ec,5,1,0,0,7,26330.0,0.6836308393467527,4335.5,1113.0,5.0,7866.0,1,0,0,-1.0,0,-1.0,5,0,1614.906,2139.65,1025.65,367.1523143655777,0.22735212722324252,1,1.0,1,0,legitimate,n/a,d0dbaad5-e3cd-4c9e-99ff-2a92396531f1,0.0
legit_sess_54e54e8e-9407-42b3-b796-e267551ad6f5,0,1,0,0,2,1719.0,0.0,1719.0,1719.0,0.0,-1.0,1,0,0,-1.0,0,-1.0,0,0,0.0,0.0,0.0,0.0,0.0,0,0.0,0,0,legitimate,n/a,0a68253a-0a6f-4154-a837-6dcd8299ed6e,0.0
legit_sess_19e27aca-3165-4e54-bcab-c579b5140686,0,1,0,0,2,1540.0,0.0,1540.0,1540.0,0.0,-1.0,1,0,0,-1.0,0,-1.0,0,0,0.0,0.0,0.0,0.0,0.0,0,0.0,0,0,legitimate,n/a,ee9f585d-8513-4e93-9b2d-18e201300da2,0.0
legit_sess_bfb83efd-be0c-4037-a814-cad36ac52f0f,0,1,0,1,3,90202.0,0.0,90202.0,90202.0,0.0,-1.0,1,0,0,-1.0,0,-1.0,0,0,0.0,0.0,0.0,0.0,0.0,0,0.0,0,0,legitimate,n/a,a7e8ad2d-a76d-4c56-b259-e3d1fb1a9610,0.0
legit_sess_12867113-5942-4328-aaee-be0bc2a00b03,0,1,0,0,2,3991.0,0.0,3991.0,3991.0,0.0,-1.0,1,0,0,-1.0,0,-1.0,0,0,0.0,0.0,0.0,0.0,0.0,0,0.0,0,0,legitimate,n/a,eac32a1b-dde0-40c6-b59c-89dc43a33850,0.0
legit_sess_fd3b397c-51bc-4bad-884f-c6b9600355cc,1,1,0,0,3,3217.0,1.1190550202051601,3217.0,3217.0,1.0,1413.0,1,0,0,-1.0,0,-1.0,1,0,4037.87,4037.87,4037.87,0.0,0.0,0,0.0,1,0,legitimate,n/a,ee9f585d-8513-4e93-9b2d-18e201300da2,0.0
legit_sess_73878801-01dc-4555-b729-a3b6fef11a27,0,1,0,1,2,150703.0,0.0,150703.0,150703.0,0.0,-1.0,1,0,0,-1.0,0,-1.0,0,0,0.0,0.0,0.0,0.0,0.0,0,0.0,0,0,legitimate,n/a,cbbc6c94-19f4-4c75-a87d-d5121032888d,0.0
legit_sess_2904e9b5-86ca-4768-9245-6f4d27f69318,1,1,0,0,2,277.0,12.99638989169675,277.0,277.0,1.0,277.0,1,0,0,-1.0,0,-1.0,1,0,5510.79,5510.79,5510.79,0.0,0.0,0,0.0,1,0,legitimate,n/a,efadd5f7-92bd-4be0-9e70-e5f2c48489f5,0.0
legit_sess_03320bdb-9a65-47f8-be8e-515e17650c99,1,1,0,0,2,3387.0,1.0628875110717448,3387.0,3387.0,1.0,3387.0,1,0,0,-1.0,0,-1.0,1,0,839.62,839.62,839.62,0.0,0.0,0,0.0,1,0,legitimate,n/a,8fe5feef-3d8d-480f-82d5-b04d233f91d5,0.0
legit_sess_332eb584-fe8a-4040-b895-c16657b0f653,0,1,0,0,2,3942.0,0.0,3942.0,3942.0,0.0,-1.0,1,0,0,-1.0,0,-1.0,0,0,0.0,0.0,0.0,0.0,0.0,0,0.0,0,0,legitimate,n/a,8ab28729-4db8-4edd-ae3c-a58b224065ed,0.0
legit_sess_981a6a5a-c562-41bf-af0f-77a2414e4ca1,0,1,0,1,2,89068.0,0.0,89068.0,89068.0,0.0,-1.0,1,0,0,-1.0,0,-1.0,0,0,0.0,0.0,0.0,0.0,0.0,0,0.0,0,0,legitimate,n/a,6b6bdbe2-aff4-4cd6-8757-b01ba642927a,0.0
legit_sess_0bf8da2d-f8c8-406e-97ea-e075c12e18a5,0,1,1,0,2,95977.0,0.0,95977.0,95977.0,0.0,-1.0,1,0,1,-1.0,0,-1.0,0,0,0.0,0.0,0.0,0.0,0.0,0,0.0,0,0,legitimate,n/a,a41b0f98-c4b9-4a24-b36f-11498081e1df,0.0
legit_sess_cb44e4cc-fa06-44b3-8a0c-61fa9102a720,1,1,0,0,2,13496.0,0.26674570243034973,13496.0,13496.0,1.0,13496.0,1,0,0,-1.0,0,-1.0,1,0,3144.39,3144.39,3144.39,0.0,0.0,0,0.0,1,0,legitimate,n/a,8d84353b-1c60-42bd-a547-20cfdfc9cb2b,0.0
legit_sess_e21aba93-9ac8-45a1-8611-662f929fe56e,1,1,0,1,3,13329.0,0.27008777852802157,13329.0,13329.0,1.0,1628.0,1,0,0,-1.0,0,-1.0,1,0,6509.73,6509.73,6509.73,0.0,0.0,0,0.0,1,0,legitimate,n/a,ee9f585d-8513-4e93-9b2d-18e201300da2,0.0
legit_sess_5b8e2ed0-ba8f-40a2-ba94-8f3281f849f5,2,1,0,0,3,14706.0,0.48959608323133413,12917.0,12917.0,2.0,1789.0,1,0,0,-1.0,0,-1.0,2,0,591.2850000000001,638.7,543.87,47.41500000000002,0.0801897562089348,0,1.0,1,0,legitimate,n/a,0a68253a-0a6f-4154-a837-6dcd8299ed6e,0.0
legit_sess_d7c82279-daa2-4142-9e48-b6395ba1e92e,1,1,0,0,2,19774.0,0.18205724688985536,19774.0,19774.0,1.0,19774.0,1,0,0,-1.0,0,-1.0,1,0,3433.52,3433.52,3433.52,0.0,0.0,0,0.0,1,0,legitimate,n/a,f8d98653-f7ae-4f2e-9a69-ca8837133e01,0.0
legit_sess_60ba16fa-491d-4f85-910a-3c1a20c299ff,0,1,1,0,2,1800.0,0.0,1800.0,1800.0,0.0,-1.0,1,0,1,-1.0,0,-1.0,0,0,0.0,0.0,0.0,0.0,0.0,0,0.0,0,0,legitimate,n/a,87af8a1d-d2aa-4199-bb1a-6021769c6ab1,0.0
legit_sess_e42d7164-d3bc-492f-b98e-82729a6b2e3b,3,1,0,0,5,7245.0,1.4906832298136645,2021.0,1482.0,3.0,1782.0,1,0,0,-1.0,0,-1.0,3,0,317.2033333333333,346.15,296.9,21.014614491401503,0.0662496647515311,1,-1.0,1,0,legitimate,n/a,fe304b6f-f676-49bc-a5c2-20e77f7545c0,0.0
legit_sess_19b51416-fea7-46b8-8a2a-17ba542c6b3c,0,1,0,0,2,16959.0,0.0,16959.0,16959.0,0.0,-1.0,1,0,0,-1.0,0,-1.0,0,0,0.0,0.0,0.0,0.0,0.0,0,0.0,0,0,legitimate,n/a,27ead21b-a5cf-4dd4-9560-42b835818ae9,0.0
legit_sess_f1b1d3b4-5eba-4a4f-9df7-8eb925d56cac,1,1,0,1,3,80135.0,0.04492419042865165,80135.0,80135.0,1.0,3048.0,1,0,0,-1.0,1,80135.0,1,0,756.78,756.78,756.78,0.0,0.0,0,0.0,1,0,legitimate,n/a,3de88452-6f0d-47d1-b592-572d432774b7,0.8268245632125404
legit_sess_d6aeeb58-8b1f-44ec-b9bd-0bb48d6bcbde,0,1,1,0,3,40371.0,0.0,40371.0,40371.0,0.0,-1.0,1,0,1,-1.0,0,-1.0,0,0,0.0,0.0,0.0,0.0,0.0,0,0.0,0,0,legitimate,n/a,e8c4d036-8360-4d24-bc4f-68f71ceebc19,0.0
legit_sess_de60b714-e6c8-412d-b232-4eaeaced04a5,1,1,0,0,2,2634.0,1.366742596810934,2634.0,2634.0,1.0,2634.0,1,0,0,-1.0,0,-1.0,1,0,2487.01,2487.01,2487.01,0.0,0.0,0,0.0,1,0,legitimate,n/a,ef7dd45b-4660-4322-8f19-a2958853b56f,0.0
legit_sess_adda7c5a-c028-4029-b88b-4a3c8d4ebe47,2,1,0,0,3,3688.0,1.9522776572668112,1477.0,1477.0,2.0,2211.0,1,0,0,-1.0,0,-1.0,2,0,2038.6350000000002,2277.38,1799.89,238.745,0.11711022326213372,1,-1.0,1,0,legitimate,n/a,e8c4d036-8360-4d24-bc4f-68f71ceebc19,0.0
legit_sess_9c9a3782-cb9d-4d3a-b84d-bf94b6146867,0,1,1,0,3,82847.0,0.0,82847.0,82847.0,0.0,-1.0,1,0,1,-1.0,0,-1.0,0,0,0.0,0.0,0.0,0.0,0.0,0,0.0,0,0,legitimate,n/a,7e35fcb8-79e6-4be5-aa50-09622d600c56,0.0
legit_sess_2bb72678-7c46-4f3b-88fe-42b098a52520,1,1,0,0,2,1635.0,2.2018348623853212,1635.0,1635.0,1.0,1635.0,1,0,0,-1.0,0,-1.0,1,0,224.11,224.11,224.11,0.0,0.0,0,0.0,1,0,legitimate,n/a,807350ad-5779-4ebc-9422-9e4fba90c40a,0.0
legit_sess_e3a6d0ce-7fab-442b-aebf-72918a29f3d2,2,1,0,0,3,4133.0,1.7420759738688603,2661.0,2661.0,2.0,1472.0,1,0,0,-1.0,0,-1.0,2,0,2226.6549999999997,2897.14,1556.17,670.4849999999999,0.30111759567602525,0,1.0,1,0,legitimate,n/a,cc42d7c6-4fd8-4e8b-9bb1-7fee389ee002,0.0
legit_sess_86bb113c-51cd-46c0-9a48-20bb1b3d3325,3,1,0,0,4,13981.0,0.7724769329804735,3160.0,305.0,3.0,7661.0,1,0,0,-1.0,0,-1.0,3,0,2222.726666666667,2680.64,1580.92,467.41030378981674,0.21028690157875912,0,1.0,1,0,legitimate,n/a,7cf0b2c5-055d-4af0-8a8a-a1471d1353f7,0.0
legit_sess_c4f2152a-a96a-4cca-8f2e-e820dc75b7b2,2,1,0,0,3,11165.0,0.6448723690103001,6058.0,6058.0,2.0,5107.0,1,0,0,-1.0,0,-1.0,2,0,1893.965,2433.35,1354.58,539.385,0.28479142961987153,1,-1.0,1,0,legitimate,n/a,6694b89e-56ab-4e51-9cfe-42a6c6e362db,0.0
legit_sess_307b47e4-66bb-4435-90cb-0903020aff53,1,1,0,0,2,10865.0,0.33133916244822825,10865.0,10865.0,1.0,10865.0,1,0,0,-1.0,0,-1.0,1,0,3784.41,3784.41,3784.41,0.0,0.0,0,0.0,1,0,legitimate,n/a,7e35fcb8-79e6-4be5-aa50-09622d600c56,0.0
legit_sess_a72c07f9-7150-41ba-846a-6940f62aac57,1,1,1,0,3,2983.0,1.2068387529332887,2983.0,2983.0,1.0,1753.0,1,0,1,-1.0,0,-1.0,1,0,235.41,235.41,235.41,0.0,0.0,0,0.0,1,0,legitimate,n/a,fe304b6f-f676-49bc-a5c2-20e77f7545c0,0.0
legit_sess_4710d306-62fc-4aea-a75c-211f160bd53e,1,1,0,0,2,1047.0,3.438395415472779,1047.0,1047.0,1.0,1047.0,1,0,0,-1.0,0,-1.0,1,0,3888.32,3888.32,3888.32,0.0,0.0,0,0.0,1,0,legitimate,n/a,9f48dca8-87bc-4060-b20e-47760f16649d,0.0
legit_sess_ca1ef8b3-6f8a-4878-bd2c-927872d8cc19,1,1,0,0,2,7938.0,0.4535147392290249,7938.0,7938.0,1.0,7938.0,1,0,0,-1.0,0,-1.0,1,0,1758.7,1758.7,1758.7,0.0,0.0,0,0.0,1,0,legitimate,n/a,d0dbaad5-e3cd-4c9e-99ff-2a92396531f1,0.0
legit_sess_b42d21d5-984c-4838-8ebc-6cd6fd52ead1,0,1,0,1,3,84257.0,0.0,84257.0,84257.0,0.0,-1.0,1,0,0,-1.0,0,-1.0,0,0,0.0,0.0,0.0,0.0,0.0,0,0.0,0,0,legitimate,n/a,af8c3e74-6fa1-46a8-ade2-56558dc508c6,0.0
legit_sess_61098f9f-b981-45a9-977b-b85a8a6d34bd,0,1,0,1,2,22525.0,0.0,22525.0,22525.0,0.0,-1.0,1,0,0,-1.0,0,-1.0,0,0,0.0,0.0,0.0,0.0,0.0,0,0.0,0,0,legitimate,n/a,f95cd16e-a706-417b-9daf-e8b9b7f04373,0.0
legit_sess_ae2f7602-8f99-40d3-9f88-03be210df61c,0,1,0,1,2,84909.0,0.0,84909.0,84909.0,0.0,-1.0,1,0,0,-1.0,0,-1.0,0,0,0.0,0.0,0.0,0.0,0.0,0,0.0,0,0,legitimate,n/a,b4e413e2-41ae-4329-b7df-e1879aa87127,0.0
legit_sess_79a4ad40-83a7-444a-811e-939e202e3aa8,2,1,0,0,3,3023.0,2.3817399933840555,1367.0,1367.0,2.0,1656.0,1,0,0,-1.0,0,-1.0,2,0,1962.365,2522.54,1402.19,560.175,0.2854591271246684,1,-1.0,1,0,legitimate,n/a,212532de-9425-4e21-9985-c91d62a6c595,0.0
legit_sess_d7a128ba-de8b-4196-8ca6-8517bfb08e3b,1,1,0,0,2,1498.0,2.403204272363151,1498.0,1498.0,1.0,1498.0,1,0,0,-1.0,0,-1.0,1,0,2670.8,2670.8,2670.8,0.0,0.0,0,0.0,1,0,legitimate,n/a,662d8025-dc36-42e3-9c72-141cb61dddb0,0.0
legit_sess_c44dfe63-4f24-4828-af7c-225d6a8d15f1,0,1,0,1,2,82630.0,0.0,82630.0,82630.0,0.0,-1.0,1,0,0,-1.0,0,-1.0,0,0,0.0,0.0,0.0,0.0,0.0,0,0.0,0,0,legitimate,n/a,3abbc1d7-5481-4010-b8e5-b00c035cee89,0.0
